<?xml version="1.0" encoding="UTF-8"?>
<gpx xmlns="http://www.topografix.com/GPX/1/1" xmlns:gpxdata="http://www.cluetrust.com/XML/GPXDATA/1/0" xmlns:xsi="http://www.w3.org/2001/XMLSchema-instance" xsi:schemaLocation="http://www.topografix.com/GPX/1/1 https://www.topografix.com/GPX/1/1/gpx.xsd http://www.cluetrust.com/XML/GPXDATA/1/0 https://www.cluetrust.com/Schemas/gpxdata10.xsd" creator="COROS Wearables" version="1.1">
 <metadata>
  <link href="https://www.coros.com">
   <text>COROS</text>
  </link>
  <time>2026-07-26T05:01:04Z</time>
 </metadata>
 <trk>
  <name>Taganrog Run</name>
  <type>running</type>
  <trkseg>
   <trkpt lat="47.2205832" lon="38.9222712">
    <ele>11</ele>
    <time>2026-07-26T05:01:04Z</time>
    <extensions>
     <gpxdata:hr>93</gpxdata:hr>
     <gpxdata:distance>0.00</gpxdata:distance>
     <gpxdata:cadence>85</gpxdata:cadence>
    </extensions>
   </trkpt>
   <trkpt lat="47.2205549" lon="38.9222738">
    <ele>11</ele>
    <time>2026-07-26T05:01:23Z</time>
    <extensions>
     <gpxdata:hr>97</gpxdata:hr>
     <gpxdata:distance>0.00</gpxdata:distance>
     <gpxdata:cadence>85</gpxdata:cadence>
    </extensions>
   </trkpt>
   <trkpt lat="47.2205396" lon="38.9222550">
    <ele>11</ele>
    <time>2026-07-26T05:01:24Z</time>
    <extensions>
     <gpxdata:hr>97</gpxdata:hr>
     <gpxdata:distance>0.00</gpxdata:distance>
     <gpxdata:cadence>85</gpxdata:cadence>
    </extensions>
   </trkpt>
   <trkpt lat="47.2205244" lon="38.9222363">
    <ele>11</ele>
    <time>2026-07-26T05:01:25Z</time>
    <extensions>
     <gpxdata:hr>98</gpxdata:hr>
     <gpxdata:distance>0.00</gpxdata:distance>
     <gpxdata:cadence>85</gpxdata:cadence>
     <gpxdata:speed>1.492</gpxdata:speed>
    </extensions>
   </trkpt>
   <trkpt lat="47.2205024" lon="38.9222117">
    <ele>11</ele>
    <time>2026-07-26T05:01:26Z</time>
    <extensions>
     <gpxdata:hr>98</gpxdata:hr>
     <gpxdata:distance>0.00</gpxdata:distance>
     <gpxdata:cadence>85</gpxdata:cadence>
     <gpxdata:speed>2.983</gpxdata:speed>
    </extensions>
   </trkpt>
   <trkpt lat="47.2204805" lon="38.9221871">
    <ele>11</ele>
    <time>2026-07-26T05:01:27Z</time>
    <extensions>
     <gpxdata:hr>99</gpxdata:hr>
     <gpxdata:distance>8.50</gpxdata:distance>
     <gpxdata:cadence>84</gpxdata:cadence>
     <gpxdata:speed>3.150</gpxdata:speed>
    </extensions>
   </trkpt>
   <trkpt lat="47.2204422" lon="38.9221697">
    <ele>11</ele>
    <time>2026-07-26T05:01:28Z</time>
    <extensions>
     <gpxdata:hr>99</gpxdata:hr>
     <gpxdata:distance>17.00</gpxdata:distance>
     <gpxdata:cadence>84</gpxdata:cadence>
     <gpxdata:speed>3.317</gpxdata:speed>
    </extensions>
   </trkpt>
   <trkpt lat="47.2204039" lon="38.9221524">
    <ele>11</ele>
    <time>2026-07-26T05:01:29Z</time>
    <extensions>
     <gpxdata:hr>100</gpxdata:hr>
     <gpxdata:distance>21.50</gpxdata:distance>
     <gpxdata:cadence>84</gpxdata:cadence>
     <gpxdata:speed>3.447</gpxdata:speed>
    </extensions>
   </trkpt>
   <trkpt lat="47.2203634" lon="38.9221573">
    <ele>12</ele>
    <time>2026-07-26T05:01:30Z</time>
    <extensions>
     <gpxdata:hr>100</gpxdata:hr>
     <gpxdata:distance>26.00</gpxdata:distance>
     <gpxdata:cadence>84</gpxdata:cadence>
     <gpxdata:speed>3.581</gpxdata:speed>
    </extensions>
   </trkpt>
   <trkpt lat="47.2203230" lon="38.9221622">
    <ele>12</ele>
    <time>2026-07-26T05:01:31Z</time>
    <extensions>
     <gpxdata:hr>102</gpxdata:hr>
     <gpxdata:distance>30.50</gpxdata:distance>
     <gpxdata:cadence>84</gpxdata:cadence>
     <gpxdata:speed>3.725</gpxdata:speed>
    </extensions>
   </trkpt>
   <trkpt lat="47.2202861" lon="38.9221935">
    <ele>12</ele>
    <time>2026-07-26T05:01:32Z</time>
    <extensions>
     <gpxdata:hr>102</gpxdata:hr>
     <gpxdata:distance>35.00</gpxdata:distance>
     <gpxdata:cadence>84</gpxdata:cadence>
     <gpxdata:speed>3.869</gpxdata:speed>
    </extensions>
   </trkpt>
   <trkpt lat="47.2202492" lon="38.9222249">
    <ele>12</ele>
    <time>2026-07-26T05:01:33Z</time>
    <extensions>
     <gpxdata:hr>102</gpxdata:hr>
     <gpxdata:distance>41.00</gpxdata:distance>
     <gpxdata:cadence>84</gpxdata:cadence>
     <gpxdata:speed>4.131</gpxdata:speed>
    </extensions>
   </trkpt>
   <trkpt lat="47.2202142" lon="38.9222716">
    <ele>12</ele>
    <time>2026-07-26T05:01:34Z</time>
    <extensions>
     <gpxdata:hr>103</gpxdata:hr>
     <gpxdata:distance>47.00</gpxdata:distance>
     <gpxdata:cadence>84</gpxdata:cadence>
     <gpxdata:speed>4.394</gpxdata:speed>
    </extensions>
   </trkpt>
   <trkpt lat="47.2201792" lon="38.9223184">
    <ele>12</ele>
    <time>2026-07-26T05:01:35Z</time>
    <extensions>
     <gpxdata:hr>103</gpxdata:hr>
     <gpxdata:distance>52.50</gpxdata:distance>
     <gpxdata:cadence>84</gpxdata:cadence>
     <gpxdata:speed>4.522</gpxdata:speed>
    </extensions>
   </trkpt>
   <trkpt lat="47.2201456" lon="38.9223717">
    <ele>12</ele>
    <time>2026-07-26T05:01:36Z</time>
    <extensions>
     <gpxdata:hr>104</gpxdata:hr>
     <gpxdata:distance>58.00</gpxdata:distance>
     <gpxdata:cadence>84</gpxdata:cadence>
     <gpxdata:speed>4.650</gpxdata:speed>
    </extensions>
   </trkpt>
   <trkpt lat="47.2201121" lon="38.9224251">
    <ele>12</ele>
    <time>2026-07-26T05:01:37Z</time>
    <extensions>
     <gpxdata:hr>105</gpxdata:hr>
     <gpxdata:distance>63.00</gpxdata:distance>
     <gpxdata:cadence>84</gpxdata:cadence>
     <gpxdata:speed>4.736</gpxdata:speed>
    </extensions>
   </trkpt>
   <trkpt lat="47.2200840" lon="38.9224752">
    <ele>12</ele>
    <time>2026-07-26T05:01:38Z</time>
    <extensions>
     <gpxdata:hr>106</gpxdata:hr>
     <gpxdata:distance>68.00</gpxdata:distance>
     <gpxdata:cadence>84</gpxdata:cadence>
     <gpxdata:speed>4.822</gpxdata:speed>
    </extensions>
   </trkpt>
   <trkpt lat="47.2200559" lon="38.9225253">
    <ele>12</ele>
    <time>2026-07-26T05:01:39Z</time>
    <extensions>
     <gpxdata:hr>107</gpxdata:hr>
     <gpxdata:distance>72.00</gpxdata:distance>
     <gpxdata:cadence>84</gpxdata:cadence>
     <gpxdata:speed>4.872</gpxdata:speed>
    </extensions>
   </trkpt>
   <trkpt lat="47.2200300" lon="38.9225699">
    <ele>12</ele>
    <time>2026-07-26T05:01:40Z</time>
    <extensions>
     <gpxdata:hr>108</gpxdata:hr>
     <gpxdata:distance>76.00</gpxdata:distance>
     <gpxdata:cadence>84</gpxdata:cadence>
     <gpxdata:speed>4.922</gpxdata:speed>
    </extensions>
   </trkpt>
   <trkpt lat="47.2200042" lon="38.9226146">
    <ele>12</ele>
    <time>2026-07-26T05:01:41Z</time>
    <extensions>
     <gpxdata:hr>108</gpxdata:hr>
     <gpxdata:distance>80.00</gpxdata:distance>
     <gpxdata:cadence>84</gpxdata:cadence>
     <gpxdata:speed>4.942</gpxdata:speed>
    </extensions>
   </trkpt>
   <trkpt lat="47.2199780" lon="38.9226549">
    <ele>12</ele>
    <time>2026-07-26T05:01:42Z</time>
    <extensions>
     <gpxdata:hr>109</gpxdata:hr>
     <gpxdata:distance>84.00</gpxdata:distance>
     <gpxdata:cadence>84</gpxdata:cadence>
     <gpxdata:speed>4.964</gpxdata:speed>
    </extensions>
   </trkpt>
   <trkpt lat="47.2199518" lon="38.9226952">
    <ele>12</ele>
    <time>2026-07-26T05:01:43Z</time>
    <extensions>
     <gpxdata:hr>110</gpxdata:hr>
     <gpxdata:distance>88.50</gpxdata:distance>
     <gpxdata:cadence>83</gpxdata:cadence>
     <gpxdata:speed>4.942</gpxdata:speed>
    </extensions>
   </trkpt>
   <trkpt lat="47.2199240" lon="38.9227381">
    <ele>12</ele>
    <time>2026-07-26T05:01:44Z</time>
    <extensions>
     <gpxdata:hr>111</gpxdata:hr>
     <gpxdata:distance>93.00</gpxdata:distance>
     <gpxdata:cadence>83</gpxdata:cadence>
     <gpxdata:speed>4.919</gpxdata:speed>
    </extensions>
   </trkpt>
   <trkpt lat="47.2198962" lon="38.9227810">
    <ele>12</ele>
    <time>2026-07-26T05:01:45Z</time>
    <extensions>
     <gpxdata:hr>112</gpxdata:hr>
     <gpxdata:distance>98.00</gpxdata:distance>
     <gpxdata:cadence>83</gpxdata:cadence>
     <gpxdata:speed>4.875</gpxdata:speed>
    </extensions>
   </trkpt>
   <trkpt lat="47.2198676" lon="38.9228238">
    <ele>12</ele>
    <time>2026-07-26T05:01:46Z</time>
    <extensions>
     <gpxdata:hr>113</gpxdata:hr>
     <gpxdata:distance>103.00</gpxdata:distance>
     <gpxdata:cadence>83</gpxdata:cadence>
     <gpxdata:speed>4.833</gpxdata:speed>
    </extensions>
   </trkpt>
   <trkpt lat="47.2198390" lon="38.9228666">
    <ele>12</ele>
    <time>2026-07-26T05:01:47Z</time>
    <extensions>
     <gpxdata:hr>114</gpxdata:hr>
     <gpxdata:distance>107.00</gpxdata:distance>
     <gpxdata:cadence>83</gpxdata:cadence>
     <gpxdata:speed>4.803</gpxdata:speed>
    </extensions>
   </trkpt>
   <trkpt lat="47.2198115" lon="38.9229090">
    <ele>12</ele>
    <time>2026-07-26T05:01:48Z</time>
    <extensions>
     <gpxdata:hr>115</gpxdata:hr>
     <gpxdata:distance>111.00</gpxdata:distance>
     <gpxdata:cadence>83</gpxdata:cadence>
     <gpxdata:speed>4.772</gpxdata:speed>
    </extensions>
   </trkpt>
   <trkpt lat="47.2197840" lon="38.9229514">
    <ele>12</ele>
    <time>2026-07-26T05:01:49Z</time>
    <extensions>
     <gpxdata:hr>116</gpxdata:hr>
     <gpxdata:distance>115.50</gpxdata:distance>
     <gpxdata:cadence>82</gpxdata:cadence>
     <gpxdata:speed>4.761</gpxdata:speed>
    </extensions>
   </trkpt>
   <trkpt lat="47.2197582" lon="38.9229924">
    <ele>12</ele>
    <time>2026-07-26T05:01:50Z</time>
    <extensions>
     <gpxdata:hr>117</gpxdata:hr>
     <gpxdata:distance>120.00</gpxdata:distance>
     <gpxdata:cadence>82</gpxdata:cadence>
     <gpxdata:speed>4.753</gpxdata:speed>
    </extensions>
   </trkpt>
   <trkpt lat="47.2197325" lon="38.9230335">
    <ele>12</ele>
    <time>2026-07-26T05:01:51Z</time>
    <extensions>
     <gpxdata:hr>118</gpxdata:hr>
     <gpxdata:distance>124.00</gpxdata:distance>
     <gpxdata:cadence>82</gpxdata:cadence>
     <gpxdata:speed>4.733</gpxdata:speed>
    </extensions>
   </trkpt>
   <trkpt lat="47.2197077" lon="38.9230734">
    <ele>12</ele>
    <time>2026-07-26T05:01:52Z</time>
    <extensions>
     <gpxdata:hr>119</gpxdata:hr>
     <gpxdata:distance>128.00</gpxdata:distance>
     <gpxdata:cadence>82</gpxdata:cadence>
     <gpxdata:speed>4.714</gpxdata:speed>
    </extensions>
   </trkpt>
   <trkpt lat="47.2196829" lon="38.9231133">
    <ele>12</ele>
    <time>2026-07-26T05:01:53Z</time>
    <extensions>
     <gpxdata:hr>120</gpxdata:hr>
     <gpxdata:distance>132.00</gpxdata:distance>
     <gpxdata:cadence>82</gpxdata:cadence>
     <gpxdata:speed>4.694</gpxdata:speed>
    </extensions>
   </trkpt>
   <trkpt lat="47.2196569" lon="38.9231552">
    <ele>12</ele>
    <time>2026-07-26T05:01:54Z</time>
    <extensions>
     <gpxdata:hr>121</gpxdata:hr>
     <gpxdata:distance>136.00</gpxdata:distance>
     <gpxdata:cadence>81</gpxdata:cadence>
     <gpxdata:speed>4.678</gpxdata:speed>
    </extensions>
   </trkpt>
   <trkpt lat="47.2196310" lon="38.9231971">
    <ele>13</ele>
    <time>2026-07-26T05:01:55Z</time>
    <extensions>
     <gpxdata:hr>122</gpxdata:hr>
     <gpxdata:distance>140.50</gpxdata:distance>
     <gpxdata:cadence>81</gpxdata:cadence>
     <gpxdata:speed>4.650</gpxdata:speed>
    </extensions>
   </trkpt>
   <trkpt lat="47.2196060" lon="38.9232377">
    <ele>13</ele>
    <time>2026-07-26T05:01:56Z</time>
    <extensions>
     <gpxdata:hr>123</gpxdata:hr>
     <gpxdata:distance>145.00</gpxdata:distance>
     <gpxdata:cadence>81</gpxdata:cadence>
     <gpxdata:speed>4.625</gpxdata:speed>
    </extensions>
   </trkpt>
   <trkpt lat="47.2195810" lon="38.9232783">
    <ele>13</ele>
    <time>2026-07-26T05:01:57Z</time>
    <extensions>
     <gpxdata:hr>124</gpxdata:hr>
     <gpxdata:distance>149.00</gpxdata:distance>
     <gpxdata:cadence>81</gpxdata:cadence>
     <gpxdata:speed>4.614</gpxdata:speed>
    </extensions>
   </trkpt>
   <trkpt lat="47.2195573" lon="38.9233189">
    <ele>13</ele>
    <time>2026-07-26T05:01:58Z</time>
    <extensions>
     <gpxdata:hr>125</gpxdata:hr>
     <gpxdata:distance>153.00</gpxdata:distance>
     <gpxdata:cadence>81</gpxdata:cadence>
     <gpxdata:speed>4.606</gpxdata:speed>
    </extensions>
   </trkpt>
   <trkpt lat="47.2195337" lon="38.9233595">
    <ele>13</ele>
    <time>2026-07-26T05:01:59Z</time>
    <extensions>
     <gpxdata:hr>126</gpxdata:hr>
     <gpxdata:distance>157.00</gpxdata:distance>
     <gpxdata:cadence>81</gpxdata:cadence>
     <gpxdata:speed>4.556</gpxdata:speed>
    </extensions>
   </trkpt>
   <trkpt lat="47.2195076" lon="38.9234017">
    <ele>13</ele>
    <time>2026-07-26T05:02:00Z</time>
    <extensions>
     <gpxdata:hr>127</gpxdata:hr>
     <gpxdata:distance>161.00</gpxdata:distance>
     <gpxdata:cadence>82</gpxdata:cadence>
     <gpxdata:speed>4.506</gpxdata:speed>
    </extensions>
   </trkpt>
   <trkpt lat="47.2194815" lon="38.9234440">
    <ele>13</ele>
    <time>2026-07-26T05:02:01Z</time>
    <extensions>
     <gpxdata:hr>128</gpxdata:hr>
     <gpxdata:distance>165.50</gpxdata:distance>
     <gpxdata:cadence>82</gpxdata:cadence>
     <gpxdata:speed>4.492</gpxdata:speed>
    </extensions>
   </trkpt>
   <trkpt lat="47.2194537" lon="38.9234847">
    <ele>13</ele>
    <time>2026-07-26T05:02:02Z</time>
    <extensions>
     <gpxdata:hr>129</gpxdata:hr>
     <gpxdata:distance>170.00</gpxdata:distance>
     <gpxdata:cadence>82</gpxdata:cadence>
     <gpxdata:speed>4.478</gpxdata:speed>
    </extensions>
   </trkpt>
   <trkpt lat="47.2194259" lon="38.9235255">
    <ele>13</ele>
    <time>2026-07-26T05:02:03Z</time>
    <extensions>
     <gpxdata:hr>130</gpxdata:hr>
     <gpxdata:distance>174.50</gpxdata:distance>
     <gpxdata:cadence>82</gpxdata:cadence>
     <gpxdata:speed>4.469</gpxdata:speed>
    </extensions>
   </trkpt>
   <trkpt lat="47.2193975" lon="38.9235653">
    <ele>13</ele>
    <time>2026-07-26T05:02:04Z</time>
    <extensions>
     <gpxdata:hr>131</gpxdata:hr>
     <gpxdata:distance>179.00</gpxdata:distance>
     <gpxdata:cadence>82</gpxdata:cadence>
     <gpxdata:speed>4.461</gpxdata:speed>
    </extensions>
   </trkpt>
   <trkpt lat="47.2193691" lon="38.9236052">
    <ele>13</ele>
    <time>2026-07-26T05:02:05Z</time>
    <extensions>
     <gpxdata:hr>132</gpxdata:hr>
     <gpxdata:distance>183.50</gpxdata:distance>
     <gpxdata:cadence>82</gpxdata:cadence>
     <gpxdata:speed>4.456</gpxdata:speed>
    </extensions>
   </trkpt>
   <trkpt lat="47.2193439" lon="38.9236459">
    <ele>13</ele>
    <time>2026-07-26T05:02:06Z</time>
    <extensions>
     <gpxdata:hr>133</gpxdata:hr>
     <gpxdata:distance>188.00</gpxdata:distance>
     <gpxdata:cadence>82</gpxdata:cadence>
     <gpxdata:speed>4.453</gpxdata:speed>
    </extensions>
   </trkpt>
   <trkpt lat="47.2193188" lon="38.9236867">
    <ele>13</ele>
    <time>2026-07-26T05:02:07Z</time>
    <extensions>
     <gpxdata:hr>134</gpxdata:hr>
     <gpxdata:distance>191.50</gpxdata:distance>
     <gpxdata:cadence>81</gpxdata:cadence>
     <gpxdata:speed>4.447</gpxdata:speed>
    </extensions>
   </trkpt>
   <trkpt lat="47.2192948" lon="38.9237267">
    <ele>13</ele>
    <time>2026-07-26T05:02:08Z</time>
    <extensions>
     <gpxdata:hr>135</gpxdata:hr>
     <gpxdata:distance>195.00</gpxdata:distance>
     <gpxdata:cadence>81</gpxdata:cadence>
     <gpxdata:speed>4.444</gpxdata:speed>
    </extensions>
   </trkpt>
   <trkpt lat="47.2192709" lon="38.9237667">
    <ele>13</ele>
    <time>2026-07-26T05:02:09Z</time>
    <extensions>
     <gpxdata:hr>136</gpxdata:hr>
     <gpxdata:distance>199.00</gpxdata:distance>
     <gpxdata:cadence>81</gpxdata:cadence>
     <gpxdata:speed>4.436</gpxdata:speed>
    </extensions>
   </trkpt>
   <trkpt lat="47.2192475" lon="38.9238061">
    <ele>13</ele>
    <time>2026-07-26T05:02:10Z</time>
    <extensions>
     <gpxdata:hr>137</gpxdata:hr>
     <gpxdata:distance>203.00</gpxdata:distance>
     <gpxdata:cadence>81</gpxdata:cadence>
     <gpxdata:speed>4.431</gpxdata:speed>
    </extensions>
   </trkpt>
   <trkpt lat="47.2192241" lon="38.9238456">
    <ele>13</ele>
    <time>2026-07-26T05:02:11Z</time>
    <extensions>
     <gpxdata:hr>138</gpxdata:hr>
     <gpxdata:distance>207.50</gpxdata:distance>
     <gpxdata:cadence>81</gpxdata:cadence>
     <gpxdata:speed>4.422</gpxdata:speed>
    </extensions>
   </trkpt>
   <trkpt lat="47.2191998" lon="38.9238854">
    <ele>13</ele>
    <time>2026-07-26T05:02:12Z</time>
    <extensions>
     <gpxdata:hr>139</gpxdata:hr>
     <gpxdata:distance>212.00</gpxdata:distance>
     <gpxdata:cadence>81</gpxdata:cadence>
     <gpxdata:speed>4.417</gpxdata:speed>
    </extensions>
   </trkpt>
   <trkpt lat="47.2191756" lon="38.9239253">
    <ele>13</ele>
    <time>2026-07-26T05:02:13Z</time>
    <extensions>
     <gpxdata:hr>140</gpxdata:hr>
     <gpxdata:distance>216.00</gpxdata:distance>
     <gpxdata:cadence>81</gpxdata:cadence>
     <gpxdata:speed>4.406</gpxdata:speed>
    </extensions>
   </trkpt>
   <trkpt lat="47.2191495" lon="38.9239661">
    <ele>13</ele>
    <time>2026-07-26T05:02:14Z</time>
    <extensions>
     <gpxdata:hr>141</gpxdata:hr>
     <gpxdata:distance>220.00</gpxdata:distance>
     <gpxdata:cadence>81</gpxdata:cadence>
     <gpxdata:speed>4.397</gpxdata:speed>
    </extensions>
   </trkpt>
   <trkpt lat="47.2191234" lon="38.9240070">
    <ele>13</ele>
    <time>2026-07-26T05:02:15Z</time>
    <extensions>
     <gpxdata:hr>142</gpxdata:hr>
     <gpxdata:distance>224.50</gpxdata:distance>
     <gpxdata:cadence>81</gpxdata:cadence>
     <gpxdata:speed>4.383</gpxdata:speed>
    </extensions>
   </trkpt>
   <trkpt lat="47.2190996" lon="38.9240483">
    <ele>13</ele>
    <time>2026-07-26T05:02:16Z</time>
    <extensions>
     <gpxdata:hr>143</gpxdata:hr>
     <gpxdata:distance>229.00</gpxdata:distance>
     <gpxdata:cadence>81</gpxdata:cadence>
     <gpxdata:speed>4.372</gpxdata:speed>
    </extensions>
   </trkpt>
   <trkpt lat="47.2190759" lon="38.9240896">
    <ele>13</ele>
    <time>2026-07-26T05:02:17Z</time>
    <extensions>
     <gpxdata:hr>143</gpxdata:hr>
     <gpxdata:distance>232.50</gpxdata:distance>
     <gpxdata:cadence>81</gpxdata:cadence>
     <gpxdata:speed>4.364</gpxdata:speed>
    </extensions>
   </trkpt>
   <trkpt lat="47.2190523" lon="38.9241284">
    <ele>13</ele>
    <time>2026-07-26T05:02:18Z</time>
    <extensions>
     <gpxdata:hr>144</gpxdata:hr>
     <gpxdata:distance>236.00</gpxdata:distance>
     <gpxdata:cadence>81</gpxdata:cadence>
     <gpxdata:speed>4.356</gpxdata:speed>
    </extensions>
   </trkpt>
   <trkpt lat="47.2190288" lon="38.9241673">
    <ele>13</ele>
    <time>2026-07-26T05:02:19Z</time>
    <extensions>
     <gpxdata:hr>144</gpxdata:hr>
     <gpxdata:distance>240.00</gpxdata:distance>
     <gpxdata:cadence>81</gpxdata:cadence>
     <gpxdata:speed>4.347</gpxdata:speed>
    </extensions>
   </trkpt>
   <trkpt lat="47.2190030" lon="38.9242049">
    <ele>13</ele>
    <time>2026-07-26T05:02:20Z</time>
    <extensions>
     <gpxdata:hr>145</gpxdata:hr>
     <gpxdata:distance>244.00</gpxdata:distance>
     <gpxdata:cadence>81</gpxdata:cadence>
     <gpxdata:speed>4.342</gpxdata:speed>
    </extensions>
   </trkpt>
   <trkpt lat="47.2189773" lon="38.9242426">
    <ele>13</ele>
    <time>2026-07-26T05:02:21Z</time>
    <extensions>
     <gpxdata:hr>145</gpxdata:hr>
     <gpxdata:distance>248.00</gpxdata:distance>
     <gpxdata:cadence>81</gpxdata:cadence>
     <gpxdata:speed>4.333</gpxdata:speed>
    </extensions>
   </trkpt>
   <trkpt lat="47.2189498" lon="38.9242792">
    <ele>13</ele>
    <time>2026-07-26T05:02:22Z</time>
    <extensions>
     <gpxdata:hr>146</gpxdata:hr>
     <gpxdata:distance>252.00</gpxdata:distance>
     <gpxdata:cadence>81</gpxdata:cadence>
     <gpxdata:speed>4.325</gpxdata:speed>
    </extensions>
   </trkpt>
   <trkpt lat="47.2189224" lon="38.9243159">
    <ele>13</ele>
    <time>2026-07-26T05:02:23Z</time>
    <extensions>
     <gpxdata:hr>146</gpxdata:hr>
     <gpxdata:distance>256.50</gpxdata:distance>
     <gpxdata:cadence>80</gpxdata:cadence>
     <gpxdata:speed>4.314</gpxdata:speed>
    </extensions>
   </trkpt>
   <trkpt lat="47.2188950" lon="38.9243519">
    <ele>13</ele>
    <time>2026-07-26T05:02:24Z</time>
    <extensions>
     <gpxdata:hr>147</gpxdata:hr>
     <gpxdata:distance>261.00</gpxdata:distance>
     <gpxdata:cadence>80</gpxdata:cadence>
     <gpxdata:speed>4.306</gpxdata:speed>
    </extensions>
   </trkpt>
   <trkpt lat="47.2188676" lon="38.9243880">
    <ele>13</ele>
    <time>2026-07-26T05:02:25Z</time>
    <extensions>
     <gpxdata:hr>147</gpxdata:hr>
     <gpxdata:distance>264.50</gpxdata:distance>
     <gpxdata:cadence>80</gpxdata:cadence>
     <gpxdata:speed>4.300</gpxdata:speed>
    </extensions>
   </trkpt>
   <trkpt lat="47.2188421" lon="38.9244242">
    <ele>13</ele>
    <time>2026-07-26T05:02:26Z</time>
    <extensions>
     <gpxdata:hr>147</gpxdata:hr>
     <gpxdata:distance>268.00</gpxdata:distance>
     <gpxdata:cadence>80</gpxdata:cadence>
     <gpxdata:speed>4.294</gpxdata:speed>
    </extensions>
   </trkpt>
   <trkpt lat="47.2188166" lon="38.9244605">
    <ele>13</ele>
    <time>2026-07-26T05:02:27Z</time>
    <extensions>
     <gpxdata:hr>147</gpxdata:hr>
     <gpxdata:distance>272.00</gpxdata:distance>
     <gpxdata:cadence>80</gpxdata:cadence>
     <gpxdata:speed>4.289</gpxdata:speed>
    </extensions>
   </trkpt>
   <trkpt lat="47.2187937" lon="38.9244992">
    <ele>13</ele>
    <time>2026-07-26T05:02:28Z</time>
    <extensions>
     <gpxdata:hr>147</gpxdata:hr>
     <gpxdata:distance>276.00</gpxdata:distance>
     <gpxdata:cadence>80</gpxdata:cadence>
     <gpxdata:speed>4.283</gpxdata:speed>
    </extensions>
   </trkpt>
   <trkpt lat="47.2187709" lon="38.9245379">
    <ele>13</ele>
    <time>2026-07-26T05:02:29Z</time>
    <extensions>
     <gpxdata:hr>148</gpxdata:hr>
     <gpxdata:distance>279.50</gpxdata:distance>
     <gpxdata:cadence>80</gpxdata:cadence>
     <gpxdata:speed>4.275</gpxdata:speed>
    </extensions>
   </trkpt>
   <trkpt lat="47.2187507" lon="38.9245753">
    <ele>14</ele>
    <time>2026-07-26T05:02:30Z</time>
    <extensions>
     <gpxdata:hr>148</gpxdata:hr>
     <gpxdata:distance>283.00</gpxdata:distance>
     <gpxdata:cadence>80</gpxdata:cadence>
     <gpxdata:speed>4.269</gpxdata:speed>
    </extensions>
   </trkpt>
   <trkpt lat="47.2187305" lon="38.9246127">
    <ele>14</ele>
    <time>2026-07-26T05:02:31Z</time>
    <extensions>
     <gpxdata:hr>148</gpxdata:hr>
     <gpxdata:distance>286.50</gpxdata:distance>
     <gpxdata:cadence>80</gpxdata:cadence>
     <gpxdata:speed>4.253</gpxdata:speed>
    </extensions>
   </trkpt>
   <trkpt lat="47.2187098" lon="38.9246462">
    <ele>14</ele>
    <time>2026-07-26T05:02:32Z</time>
    <extensions>
     <gpxdata:hr>148</gpxdata:hr>
     <gpxdata:distance>290.00</gpxdata:distance>
     <gpxdata:cadence>80</gpxdata:cadence>
     <gpxdata:speed>4.236</gpxdata:speed>
    </extensions>
   </trkpt>
   <trkpt lat="47.2186892" lon="38.9246797">
    <ele>14</ele>
    <time>2026-07-26T05:02:33Z</time>
    <extensions>
     <gpxdata:hr>148</gpxdata:hr>
     <gpxdata:distance>293.50</gpxdata:distance>
     <gpxdata:cadence>80</gpxdata:cadence>
     <gpxdata:speed>4.211</gpxdata:speed>
    </extensions>
   </trkpt>
   <trkpt lat="47.2186666" lon="38.9247138">
    <ele>14</ele>
    <time>2026-07-26T05:02:34Z</time>
    <extensions>
     <gpxdata:hr>148</gpxdata:hr>
     <gpxdata:distance>297.00</gpxdata:distance>
     <gpxdata:cadence>80</gpxdata:cadence>
     <gpxdata:speed>4.186</gpxdata:speed>
    </extensions>
   </trkpt>
   <trkpt lat="47.2186440" lon="38.9247479">
    <ele>14</ele>
    <time>2026-07-26T05:02:35Z</time>
    <extensions>
     <gpxdata:hr>148</gpxdata:hr>
     <gpxdata:distance>301.00</gpxdata:distance>
     <gpxdata:cadence>80</gpxdata:cadence>
     <gpxdata:speed>4.167</gpxdata:speed>
    </extensions>
   </trkpt>
   <trkpt lat="47.2186226" lon="38.9247906">
    <ele>14</ele>
    <time>2026-07-26T05:02:36Z</time>
    <extensions>
     <gpxdata:hr>148</gpxdata:hr>
     <gpxdata:distance>305.00</gpxdata:distance>
     <gpxdata:cadence>81</gpxdata:cadence>
     <gpxdata:speed>4.150</gpxdata:speed>
    </extensions>
   </trkpt>
   <trkpt lat="47.2186012" lon="38.9248333">
    <ele>14</ele>
    <time>2026-07-26T05:02:37Z</time>
    <extensions>
     <gpxdata:hr>148</gpxdata:hr>
     <gpxdata:distance>309.50</gpxdata:distance>
     <gpxdata:cadence>80</gpxdata:cadence>
     <gpxdata:speed>4.125</gpxdata:speed>
    </extensions>
   </trkpt>
   <trkpt lat="47.2185962" lon="38.9248874">
    <ele>14</ele>
    <time>2026-07-26T05:02:38Z</time>
    <extensions>
     <gpxdata:hr>148</gpxdata:hr>
     <gpxdata:distance>314.00</gpxdata:distance>
     <gpxdata:cadence>80</gpxdata:cadence>
     <gpxdata:speed>4.103</gpxdata:speed>
    </extensions>
   </trkpt>
   <trkpt lat="47.2185912" lon="38.9249416">
    <ele>14</ele>
    <time>2026-07-26T05:02:39Z</time>
    <extensions>
     <gpxdata:hr>148</gpxdata:hr>
     <gpxdata:distance>319.00</gpxdata:distance>
     <gpxdata:cadence>80</gpxdata:cadence>
     <gpxdata:speed>4.086</gpxdata:speed>
    </extensions>
   </trkpt>
   <trkpt lat="47.2186068" lon="38.9249976">
    <ele>14</ele>
    <time>2026-07-26T05:02:40Z</time>
    <extensions>
     <gpxdata:hr>148</gpxdata:hr>
     <gpxdata:distance>324.00</gpxdata:distance>
     <gpxdata:cadence>80</gpxdata:cadence>
     <gpxdata:speed>4.072</gpxdata:speed>
    </extensions>
   </trkpt>
   <trkpt lat="47.2186224" lon="38.9250536">
    <ele>14</ele>
    <time>2026-07-26T05:02:41Z</time>
    <extensions>
     <gpxdata:hr>149</gpxdata:hr>
     <gpxdata:distance>328.50</gpxdata:distance>
     <gpxdata:cadence>79</gpxdata:cadence>
     <gpxdata:speed>4.064</gpxdata:speed>
    </extensions>
   </trkpt>
   <trkpt lat="47.2186516" lon="38.9250976">
    <ele>14</ele>
    <time>2026-07-26T05:02:42Z</time>
    <extensions>
     <gpxdata:hr>149</gpxdata:hr>
     <gpxdata:distance>333.00</gpxdata:distance>
     <gpxdata:cadence>79</gpxdata:cadence>
     <gpxdata:speed>4.058</gpxdata:speed>
    </extensions>
   </trkpt>
   <trkpt lat="47.2186808" lon="38.9251416">
    <ele>14</ele>
    <time>2026-07-26T05:02:43Z</time>
    <extensions>
     <gpxdata:hr>149</gpxdata:hr>
     <gpxdata:distance>337.50</gpxdata:distance>
     <gpxdata:cadence>78</gpxdata:cadence>
     <gpxdata:speed>4.075</gpxdata:speed>
    </extensions>
   </trkpt>
   <trkpt lat="47.2187141" lon="38.9251820">
    <ele>14</ele>
    <time>2026-07-26T05:02:44Z</time>
    <extensions>
     <gpxdata:hr>150</gpxdata:hr>
     <gpxdata:distance>342.00</gpxdata:distance>
     <gpxdata:cadence>78</gpxdata:cadence>
     <gpxdata:speed>4.094</gpxdata:speed>
    </extensions>
   </trkpt>
   <trkpt lat="47.2187475" lon="38.9252224">
    <ele>14</ele>
    <time>2026-07-26T05:02:45Z</time>
    <extensions>
     <gpxdata:hr>150</gpxdata:hr>
     <gpxdata:distance>346.50</gpxdata:distance>
     <gpxdata:cadence>78</gpxdata:cadence>
     <gpxdata:speed>4.117</gpxdata:speed>
    </extensions>
   </trkpt>
   <trkpt lat="47.2187786" lon="38.9252623">
    <ele>13</ele>
    <time>2026-07-26T05:02:46Z</time>
    <extensions>
     <gpxdata:hr>150</gpxdata:hr>
     <gpxdata:distance>351.00</gpxdata:distance>
     <gpxdata:cadence>78</gpxdata:cadence>
     <gpxdata:speed>4.139</gpxdata:speed>
    </extensions>
   </trkpt>
   <trkpt lat="47.2188097" lon="38.9253023">
    <ele>13</ele>
    <time>2026-07-26T05:02:47Z</time>
    <extensions>
     <gpxdata:hr>151</gpxdata:hr>
     <gpxdata:distance>355.50</gpxdata:distance>
     <gpxdata:cadence>78</gpxdata:cadence>
     <gpxdata:speed>4.161</gpxdata:speed>
    </extensions>
   </trkpt>
   <trkpt lat="47.2188377" lon="38.9253404">
    <ele>13</ele>
    <time>2026-07-26T05:02:48Z</time>
    <extensions>
     <gpxdata:hr>150</gpxdata:hr>
     <gpxdata:distance>360.00</gpxdata:distance>
     <gpxdata:cadence>78</gpxdata:cadence>
     <gpxdata:speed>4.183</gpxdata:speed>
    </extensions>
   </trkpt>
   <trkpt lat="47.2188657" lon="38.9253785">
    <ele>13</ele>
    <time>2026-07-26T05:02:49Z</time>
    <extensions>
     <gpxdata:hr>150</gpxdata:hr>
     <gpxdata:distance>364.00</gpxdata:distance>
     <gpxdata:cadence>78</gpxdata:cadence>
     <gpxdata:speed>4.197</gpxdata:speed>
    </extensions>
   </trkpt>
   <trkpt lat="47.2188931" lon="38.9254137">
    <ele>13</ele>
    <time>2026-07-26T05:02:50Z</time>
    <extensions>
     <gpxdata:hr>151</gpxdata:hr>
     <gpxdata:distance>368.00</gpxdata:distance>
     <gpxdata:cadence>78</gpxdata:cadence>
     <gpxdata:speed>4.211</gpxdata:speed>
    </extensions>
   </trkpt>
   <trkpt lat="47.2189206" lon="38.9254489">
    <ele>13</ele>
    <time>2026-07-26T05:02:51Z</time>
    <extensions>
     <gpxdata:hr>152</gpxdata:hr>
     <gpxdata:distance>371.50</gpxdata:distance>
     <gpxdata:cadence>78</gpxdata:cadence>
     <gpxdata:speed>4.217</gpxdata:speed>
    </extensions>
   </trkpt>
   <trkpt lat="47.2189439" lon="38.9254850">
    <ele>13</ele>
    <time>2026-07-26T05:02:52Z</time>
    <extensions>
     <gpxdata:hr>152</gpxdata:hr>
     <gpxdata:distance>375.00</gpxdata:distance>
     <gpxdata:cadence>78</gpxdata:cadence>
     <gpxdata:speed>4.222</gpxdata:speed>
    </extensions>
   </trkpt>
   <trkpt lat="47.2189672" lon="38.9255211">
    <ele>13</ele>
    <time>2026-07-26T05:02:53Z</time>
    <extensions>
     <gpxdata:hr>152</gpxdata:hr>
     <gpxdata:distance>378.50</gpxdata:distance>
     <gpxdata:cadence>78</gpxdata:cadence>
     <gpxdata:speed>4.225</gpxdata:speed>
    </extensions>
   </trkpt>
   <trkpt lat="47.2189816" lon="38.9255606">
    <ele>13</ele>
    <time>2026-07-26T05:02:54Z</time>
    <extensions>
     <gpxdata:hr>152</gpxdata:hr>
     <gpxdata:distance>382.00</gpxdata:distance>
     <gpxdata:cadence>78</gpxdata:cadence>
     <gpxdata:speed>4.228</gpxdata:speed>
    </extensions>
   </trkpt>
   <trkpt lat="47.2189960" lon="38.9256002">
    <ele>13</ele>
    <time>2026-07-26T05:02:55Z</time>
    <extensions>
     <gpxdata:hr>152</gpxdata:hr>
     <gpxdata:distance>385.50</gpxdata:distance>
     <gpxdata:cadence>78</gpxdata:cadence>
     <gpxdata:speed>4.214</gpxdata:speed>
    </extensions>
   </trkpt>
   <trkpt lat="47.2190006" lon="38.9256440">
    <ele>13</ele>
    <time>2026-07-26T05:02:56Z</time>
    <extensions>
     <gpxdata:hr>153</gpxdata:hr>
     <gpxdata:distance>389.00</gpxdata:distance>
     <gpxdata:cadence>78</gpxdata:cadence>
     <gpxdata:speed>4.200</gpxdata:speed>
    </extensions>
   </trkpt>
   <trkpt lat="47.2190053" lon="38.9256878">
    <ele>13</ele>
    <time>2026-07-26T05:02:57Z</time>
    <extensions>
     <gpxdata:hr>153</gpxdata:hr>
     <gpxdata:distance>393.00</gpxdata:distance>
     <gpxdata:cadence>78</gpxdata:cadence>
     <gpxdata:speed>4.181</gpxdata:speed>
    </extensions>
   </trkpt>
   <trkpt lat="47.2190037" lon="38.9257392">
    <ele>13</ele>
    <time>2026-07-26T05:02:58Z</time>
    <extensions>
     <gpxdata:hr>153</gpxdata:hr>
     <gpxdata:distance>397.00</gpxdata:distance>
     <gpxdata:cadence>79</gpxdata:cadence>
     <gpxdata:speed>4.161</gpxdata:speed>
    </extensions>
   </trkpt>
   <trkpt lat="47.2190022" lon="38.9257907">
    <ele>13</ele>
    <time>2026-07-26T05:02:59Z</time>
    <extensions>
     <gpxdata:hr>153</gpxdata:hr>
     <gpxdata:distance>401.00</gpxdata:distance>
     <gpxdata:cadence>79</gpxdata:cadence>
     <gpxdata:speed>4.139</gpxdata:speed>
    </extensions>
   </trkpt>
   <trkpt lat="47.2189978" lon="38.9258447">
    <ele>13</ele>
    <time>2026-07-26T05:03:00Z</time>
    <extensions>
     <gpxdata:hr>154</gpxdata:hr>
     <gpxdata:distance>405.00</gpxdata:distance>
     <gpxdata:cadence>79</gpxdata:cadence>
     <gpxdata:speed>4.117</gpxdata:speed>
    </extensions>
   </trkpt>
   <trkpt lat="47.2189935" lon="38.9258987">
    <ele>12</ele>
    <time>2026-07-26T05:03:01Z</time>
    <extensions>
     <gpxdata:hr>154</gpxdata:hr>
     <gpxdata:distance>409.00</gpxdata:distance>
     <gpxdata:cadence>79</gpxdata:cadence>
     <gpxdata:speed>4.103</gpxdata:speed>
    </extensions>
   </trkpt>
   <trkpt lat="47.2189921" lon="38.9259511">
    <ele>12</ele>
    <time>2026-07-26T05:03:02Z</time>
    <extensions>
     <gpxdata:hr>155</gpxdata:hr>
     <gpxdata:distance>413.00</gpxdata:distance>
     <gpxdata:cadence>79</gpxdata:cadence>
     <gpxdata:speed>4.089</gpxdata:speed>
    </extensions>
   </trkpt>
   <trkpt lat="47.2189907" lon="38.9260035">
    <ele>12</ele>
    <time>2026-07-26T05:03:03Z</time>
    <extensions>
     <gpxdata:hr>155</gpxdata:hr>
     <gpxdata:distance>417.00</gpxdata:distance>
     <gpxdata:cadence>79</gpxdata:cadence>
     <gpxdata:speed>4.081</gpxdata:speed>
    </extensions>
   </trkpt>
   <trkpt lat="47.2189973" lon="38.9260522">
    <ele>12</ele>
    <time>2026-07-26T05:03:04Z</time>
    <extensions>
     <gpxdata:hr>156</gpxdata:hr>
     <gpxdata:distance>421.00</gpxdata:distance>
     <gpxdata:cadence>79</gpxdata:cadence>
     <gpxdata:speed>4.072</gpxdata:speed>
    </extensions>
   </trkpt>
   <trkpt lat="47.2190039" lon="38.9261009">
    <ele>12</ele>
    <time>2026-07-26T05:03:05Z</time>
    <extensions>
     <gpxdata:hr>156</gpxdata:hr>
     <gpxdata:distance>424.50</gpxdata:distance>
     <gpxdata:cadence>78</gpxdata:cadence>
     <gpxdata:speed>4.067</gpxdata:speed>
    </extensions>
   </trkpt>
   <trkpt lat="47.2190194" lon="38.9261459">
    <ele>12</ele>
    <time>2026-07-26T05:03:06Z</time>
    <extensions>
     <gpxdata:hr>157</gpxdata:hr>
     <gpxdata:distance>428.00</gpxdata:distance>
     <gpxdata:cadence>78</gpxdata:cadence>
     <gpxdata:speed>4.061</gpxdata:speed>
    </extensions>
   </trkpt>
   <trkpt lat="47.2190350" lon="38.9261910">
    <ele>12</ele>
    <time>2026-07-26T05:03:07Z</time>
    <extensions>
     <gpxdata:hr>157</gpxdata:hr>
     <gpxdata:distance>432.00</gpxdata:distance>
     <gpxdata:cadence>78</gpxdata:cadence>
     <gpxdata:speed>4.053</gpxdata:speed>
    </extensions>
   </trkpt>
   <trkpt lat="47.2190540" lon="38.9262361">
    <ele>12</ele>
    <time>2026-07-26T05:03:08Z</time>
    <extensions>
     <gpxdata:hr>158</gpxdata:hr>
     <gpxdata:distance>436.00</gpxdata:distance>
     <gpxdata:cadence>78</gpxdata:cadence>
     <gpxdata:speed>4.047</gpxdata:speed>
    </extensions>
   </trkpt>
   <trkpt lat="47.2190731" lon="38.9262813">
    <ele>12</ele>
    <time>2026-07-26T05:03:09Z</time>
    <extensions>
     <gpxdata:hr>159</gpxdata:hr>
     <gpxdata:distance>440.00</gpxdata:distance>
     <gpxdata:cadence>78</gpxdata:cadence>
     <gpxdata:speed>4.039</gpxdata:speed>
    </extensions>
   </trkpt>
   <trkpt lat="47.2190919" lon="38.9263252">
    <ele>12</ele>
    <time>2026-07-26T05:03:10Z</time>
    <extensions>
     <gpxdata:hr>159</gpxdata:hr>
     <gpxdata:distance>444.00</gpxdata:distance>
     <gpxdata:cadence>78</gpxdata:cadence>
     <gpxdata:speed>4.031</gpxdata:speed>
    </extensions>
   </trkpt>
   <trkpt lat="47.2191108" lon="38.9263692">
    <ele>11</ele>
    <time>2026-07-26T05:03:11Z</time>
    <extensions>
     <gpxdata:hr>159</gpxdata:hr>
     <gpxdata:distance>448.00</gpxdata:distance>
     <gpxdata:cadence>78</gpxdata:cadence>
     <gpxdata:speed>4.025</gpxdata:speed>
    </extensions>
   </trkpt>
   <trkpt lat="47.2191297" lon="38.9264127">
    <ele>11</ele>
    <time>2026-07-26T05:03:12Z</time>
    <extensions>
     <gpxdata:hr>160</gpxdata:hr>
     <gpxdata:distance>452.00</gpxdata:distance>
     <gpxdata:cadence>78</gpxdata:cadence>
     <gpxdata:speed>4.019</gpxdata:speed>
    </extensions>
   </trkpt>
   <trkpt lat="47.2191486" lon="38.9264562">
    <ele>11</ele>
    <time>2026-07-26T05:03:13Z</time>
    <extensions>
     <gpxdata:hr>160</gpxdata:hr>
     <gpxdata:distance>456.00</gpxdata:distance>
     <gpxdata:cadence>78</gpxdata:cadence>
     <gpxdata:speed>4.019</gpxdata:speed>
    </extensions>
   </trkpt>
   <trkpt lat="47.2191682" lon="38.9265012">
    <ele>11</ele>
    <time>2026-07-26T05:03:14Z</time>
    <extensions>
     <gpxdata:hr>160</gpxdata:hr>
     <gpxdata:distance>460.00</gpxdata:distance>
     <gpxdata:cadence>78</gpxdata:cadence>
     <gpxdata:speed>4.022</gpxdata:speed>
    </extensions>
   </trkpt>
   <trkpt lat="47.2191878" lon="38.9265463">
    <ele>11</ele>
    <time>2026-07-26T05:03:15Z</time>
    <extensions>
     <gpxdata:hr>160</gpxdata:hr>
     <gpxdata:distance>464.00</gpxdata:distance>
     <gpxdata:cadence>78</gpxdata:cadence>
     <gpxdata:speed>4.022</gpxdata:speed>
    </extensions>
   </trkpt>
   <trkpt lat="47.2192082" lon="38.9265918">
    <ele>11</ele>
    <time>2026-07-26T05:03:16Z</time>
    <extensions>
     <gpxdata:hr>161</gpxdata:hr>
     <gpxdata:distance>468.00</gpxdata:distance>
     <gpxdata:cadence>79</gpxdata:cadence>
     <gpxdata:speed>4.025</gpxdata:speed>
    </extensions>
   </trkpt>
   <trkpt lat="47.2192286" lon="38.9266374">
    <ele>11</ele>
    <time>2026-07-26T05:03:17Z</time>
    <extensions>
     <gpxdata:hr>161</gpxdata:hr>
     <gpxdata:distance>472.50</gpxdata:distance>
     <gpxdata:cadence>79</gpxdata:cadence>
     <gpxdata:speed>4.028</gpxdata:speed>
    </extensions>
   </trkpt>
   <trkpt lat="47.2192452" lon="38.9266834">
    <ele>11</ele>
    <time>2026-07-26T05:03:18Z</time>
    <extensions>
     <gpxdata:hr>161</gpxdata:hr>
     <gpxdata:distance>477.00</gpxdata:distance>
     <gpxdata:cadence>79</gpxdata:cadence>
     <gpxdata:speed>4.033</gpxdata:speed>
    </extensions>
   </trkpt>
   <trkpt lat="47.2192618" lon="38.9267295">
    <ele>11</ele>
    <time>2026-07-26T05:03:19Z</time>
    <extensions>
     <gpxdata:hr>161</gpxdata:hr>
     <gpxdata:distance>480.00</gpxdata:distance>
     <gpxdata:cadence>79</gpxdata:cadence>
     <gpxdata:speed>4.036</gpxdata:speed>
    </extensions>
   </trkpt>
   <trkpt lat="47.2192688" lon="38.9267715">
    <ele>11</ele>
    <time>2026-07-26T05:03:20Z</time>
    <extensions>
     <gpxdata:hr>161</gpxdata:hr>
     <gpxdata:distance>483.00</gpxdata:distance>
     <gpxdata:cadence>79</gpxdata:cadence>
     <gpxdata:speed>4.039</gpxdata:speed>
    </extensions>
   </trkpt>
   <trkpt lat="47.2192759" lon="38.9268136">
    <ele>10</ele>
    <time>2026-07-26T05:03:21Z</time>
    <extensions>
     <gpxdata:hr>162</gpxdata:hr>
     <gpxdata:distance>485.50</gpxdata:distance>
     <gpxdata:cadence>79</gpxdata:cadence>
     <gpxdata:speed>4.033</gpxdata:speed>
    </extensions>
   </trkpt>
   <trkpt lat="47.2192660" lon="38.9268461">
    <ele>10</ele>
    <time>2026-07-26T05:03:22Z</time>
    <extensions>
     <gpxdata:hr>162</gpxdata:hr>
     <gpxdata:distance>488.00</gpxdata:distance>
     <gpxdata:cadence>79</gpxdata:cadence>
     <gpxdata:speed>4.028</gpxdata:speed>
    </extensions>
   </trkpt>
   <trkpt lat="47.2192561" lon="38.9268787">
    <ele>10</ele>
    <time>2026-07-26T05:03:23Z</time>
    <extensions>
     <gpxdata:hr>162</gpxdata:hr>
     <gpxdata:distance>491.50</gpxdata:distance>
     <gpxdata:cadence>79</gpxdata:cadence>
     <gpxdata:speed>4.003</gpxdata:speed>
    </extensions>
   </trkpt>
   <trkpt lat="47.2192291" lon="38.9268953">
    <ele>10</ele>
    <time>2026-07-26T05:03:24Z</time>
    <extensions>
     <gpxdata:hr>162</gpxdata:hr>
     <gpxdata:distance>495.00</gpxdata:distance>
     <gpxdata:cadence>79</gpxdata:cadence>
     <gpxdata:speed>3.981</gpxdata:speed>
    </extensions>
   </trkpt>
   <trkpt lat="47.2192021" lon="38.9269119">
    <ele>10</ele>
    <time>2026-07-26T05:03:25Z</time>
    <extensions>
     <gpxdata:hr>161</gpxdata:hr>
     <gpxdata:distance>499.50</gpxdata:distance>
     <gpxdata:cadence>79</gpxdata:cadence>
     <gpxdata:speed>3.950</gpxdata:speed>
    </extensions>
   </trkpt>
   <trkpt lat="47.2191658" lon="38.9269159">
    <ele>10</ele>
    <time>2026-07-26T05:03:26Z</time>
    <extensions>
     <gpxdata:hr>161</gpxdata:hr>
     <gpxdata:distance>504.00</gpxdata:distance>
     <gpxdata:cadence>79</gpxdata:cadence>
     <gpxdata:speed>3.922</gpxdata:speed>
    </extensions>
   </trkpt>
   <trkpt lat="47.2191295" lon="38.9269200">
    <ele>10</ele>
    <time>2026-07-26T05:03:27Z</time>
    <extensions>
     <gpxdata:hr>161</gpxdata:hr>
     <gpxdata:distance>508.00</gpxdata:distance>
     <gpxdata:cadence>79</gpxdata:cadence>
     <gpxdata:speed>3.906</gpxdata:speed>
    </extensions>
   </trkpt>
   <trkpt lat="47.2190923" lon="38.9269199">
    <ele>10</ele>
    <time>2026-07-26T05:03:28Z</time>
    <extensions>
     <gpxdata:hr>161</gpxdata:hr>
     <gpxdata:distance>512.00</gpxdata:distance>
     <gpxdata:cadence>79</gpxdata:cadence>
     <gpxdata:speed>3.889</gpxdata:speed>
    </extensions>
   </trkpt>
   <trkpt lat="47.2190552" lon="38.9269199">
    <ele>10</ele>
    <time>2026-07-26T05:03:29Z</time>
    <extensions>
     <gpxdata:hr>161</gpxdata:hr>
     <gpxdata:distance>515.50</gpxdata:distance>
     <gpxdata:cadence>79</gpxdata:cadence>
     <gpxdata:speed>3.883</gpxdata:speed>
    </extensions>
   </trkpt>
   <trkpt lat="47.2190202" lon="38.9269169">
    <ele>10</ele>
    <time>2026-07-26T05:03:30Z</time>
    <extensions>
     <gpxdata:hr>161</gpxdata:hr>
     <gpxdata:distance>519.00</gpxdata:distance>
     <gpxdata:cadence>80</gpxdata:cadence>
     <gpxdata:speed>3.878</gpxdata:speed>
    </extensions>
   </trkpt>
   <trkpt lat="47.2189853" lon="38.9269140">
    <ele>10</ele>
    <time>2026-07-26T05:03:31Z</time>
    <extensions>
     <gpxdata:hr>161</gpxdata:hr>
     <gpxdata:distance>522.50</gpxdata:distance>
     <gpxdata:cadence>80</gpxdata:cadence>
     <gpxdata:speed>3.875</gpxdata:speed>
    </extensions>
   </trkpt>
   <trkpt lat="47.2189512" lon="38.9269086">
    <ele>10</ele>
    <time>2026-07-26T05:03:32Z</time>
    <extensions>
     <gpxdata:hr>162</gpxdata:hr>
     <gpxdata:distance>526.00</gpxdata:distance>
     <gpxdata:cadence>80</gpxdata:cadence>
     <gpxdata:speed>3.872</gpxdata:speed>
    </extensions>
   </trkpt>
   <trkpt lat="47.2189172" lon="38.9269032">
    <ele>10</ele>
    <time>2026-07-26T05:03:33Z</time>
    <extensions>
     <gpxdata:hr>162</gpxdata:hr>
     <gpxdata:distance>530.00</gpxdata:distance>
     <gpxdata:cadence>80</gpxdata:cadence>
     <gpxdata:speed>3.867</gpxdata:speed>
    </extensions>
   </trkpt>
   <trkpt lat="47.2188836" lon="38.9268951">
    <ele>10</ele>
    <time>2026-07-26T05:03:34Z</time>
    <extensions>
     <gpxdata:hr>162</gpxdata:hr>
     <gpxdata:distance>534.00</gpxdata:distance>
     <gpxdata:cadence>80</gpxdata:cadence>
     <gpxdata:speed>3.864</gpxdata:speed>
    </extensions>
   </trkpt>
   <trkpt lat="47.2188500" lon="38.9268870">
    <ele>11</ele>
    <time>2026-07-26T05:03:35Z</time>
    <extensions>
     <gpxdata:hr>163</gpxdata:hr>
     <gpxdata:distance>538.00</gpxdata:distance>
     <gpxdata:cadence>80</gpxdata:cadence>
     <gpxdata:speed>3.858</gpxdata:speed>
    </extensions>
   </trkpt>
   <trkpt lat="47.2188168" lon="38.9268778">
    <ele>11</ele>
    <time>2026-07-26T05:03:36Z</time>
    <extensions>
     <gpxdata:hr>163</gpxdata:hr>
     <gpxdata:distance>542.00</gpxdata:distance>
     <gpxdata:cadence>80</gpxdata:cadence>
     <gpxdata:speed>3.856</gpxdata:speed>
    </extensions>
   </trkpt>
   <trkpt lat="47.2187837" lon="38.9268686">
    <ele>11</ele>
    <time>2026-07-26T05:03:37Z</time>
    <extensions>
     <gpxdata:hr>163</gpxdata:hr>
     <gpxdata:distance>545.00</gpxdata:distance>
     <gpxdata:cadence>80</gpxdata:cadence>
     <gpxdata:speed>3.853</gpxdata:speed>
    </extensions>
   </trkpt>
   <trkpt lat="47.2187524" lon="38.9268575">
    <ele>11</ele>
    <time>2026-07-26T05:03:38Z</time>
    <extensions>
     <gpxdata:hr>163</gpxdata:hr>
     <gpxdata:distance>548.00</gpxdata:distance>
     <gpxdata:cadence>80</gpxdata:cadence>
     <gpxdata:speed>3.850</gpxdata:speed>
    </extensions>
   </trkpt>
   <trkpt lat="47.2187212" lon="38.9268464">
    <ele>11</ele>
    <time>2026-07-26T05:03:39Z</time>
    <extensions>
     <gpxdata:hr>163</gpxdata:hr>
     <gpxdata:distance>552.00</gpxdata:distance>
     <gpxdata:cadence>80</gpxdata:cadence>
     <gpxdata:speed>3.847</gpxdata:speed>
    </extensions>
   </trkpt>
   <trkpt lat="47.2186906" lon="38.9268339">
    <ele>11</ele>
    <time>2026-07-26T05:03:40Z</time>
    <extensions>
     <gpxdata:hr>163</gpxdata:hr>
     <gpxdata:distance>556.00</gpxdata:distance>
     <gpxdata:cadence>80</gpxdata:cadence>
     <gpxdata:speed>3.847</gpxdata:speed>
    </extensions>
   </trkpt>
   <trkpt lat="47.2186600" lon="38.9268214">
    <ele>11</ele>
    <time>2026-07-26T05:03:41Z</time>
    <extensions>
     <gpxdata:hr>163</gpxdata:hr>
     <gpxdata:distance>559.50</gpxdata:distance>
     <gpxdata:cadence>80</gpxdata:cadence>
     <gpxdata:speed>3.842</gpxdata:speed>
    </extensions>
   </trkpt>
   <trkpt lat="47.2186301" lon="38.9268066">
    <ele>11</ele>
    <time>2026-07-26T05:03:42Z</time>
    <extensions>
     <gpxdata:hr>163</gpxdata:hr>
     <gpxdata:distance>563.00</gpxdata:distance>
     <gpxdata:cadence>80</gpxdata:cadence>
     <gpxdata:speed>3.836</gpxdata:speed>
    </extensions>
   </trkpt>
   <trkpt lat="47.2186003" lon="38.9267918">
    <ele>11</ele>
    <time>2026-07-26T05:03:43Z</time>
    <extensions>
     <gpxdata:hr>163</gpxdata:hr>
     <gpxdata:distance>566.50</gpxdata:distance>
     <gpxdata:cadence>80</gpxdata:cadence>
     <gpxdata:speed>3.822</gpxdata:speed>
    </extensions>
   </trkpt>
   <trkpt lat="47.2185717" lon="38.9267738">
    <ele>11</ele>
    <time>2026-07-26T05:03:44Z</time>
    <extensions>
     <gpxdata:hr>163</gpxdata:hr>
     <gpxdata:distance>570.00</gpxdata:distance>
     <gpxdata:cadence>80</gpxdata:cadence>
     <gpxdata:speed>3.808</gpxdata:speed>
    </extensions>
   </trkpt>
   <trkpt lat="47.2185431" lon="38.9267559">
    <ele>12</ele>
    <time>2026-07-26T05:03:45Z</time>
    <extensions>
     <gpxdata:hr>164</gpxdata:hr>
     <gpxdata:distance>573.50</gpxdata:distance>
     <gpxdata:cadence>80</gpxdata:cadence>
     <gpxdata:speed>3.794</gpxdata:speed>
    </extensions>
   </trkpt>
   <trkpt lat="47.2185161" lon="38.9267372">
    <ele>12</ele>
    <time>2026-07-26T05:03:46Z</time>
    <extensions>
     <gpxdata:hr>164</gpxdata:hr>
     <gpxdata:distance>577.00</gpxdata:distance>
     <gpxdata:cadence>80</gpxdata:cadence>
     <gpxdata:speed>3.781</gpxdata:speed>
    </extensions>
   </trkpt>
   <trkpt lat="47.2184891" lon="38.9267186">
    <ele>12</ele>
    <time>2026-07-26T05:03:47Z</time>
    <extensions>
     <gpxdata:hr>164</gpxdata:hr>
     <gpxdata:distance>580.00</gpxdata:distance>
     <gpxdata:cadence>80</gpxdata:cadence>
     <gpxdata:speed>3.764</gpxdata:speed>
    </extensions>
   </trkpt>
   <trkpt lat="47.2184641" lon="38.9266985">
    <ele>12</ele>
    <time>2026-07-26T05:03:48Z</time>
    <extensions>
     <gpxdata:hr>164</gpxdata:hr>
     <gpxdata:distance>583.00</gpxdata:distance>
     <gpxdata:cadence>80</gpxdata:cadence>
     <gpxdata:speed>3.750</gpxdata:speed>
    </extensions>
   </trkpt>
   <trkpt lat="47.2184392" lon="38.9266785">
    <ele>12</ele>
    <time>2026-07-26T05:03:49Z</time>
    <extensions>
     <gpxdata:hr>164</gpxdata:hr>
     <gpxdata:distance>586.00</gpxdata:distance>
     <gpxdata:cadence>80</gpxdata:cadence>
     <gpxdata:speed>3.722</gpxdata:speed>
    </extensions>
   </trkpt>
   <trkpt lat="47.2184154" lon="38.9266573">
    <ele>12</ele>
    <time>2026-07-26T05:03:50Z</time>
    <extensions>
     <gpxdata:hr>164</gpxdata:hr>
     <gpxdata:distance>589.00</gpxdata:distance>
     <gpxdata:cadence>80</gpxdata:cadence>
     <gpxdata:speed>3.694</gpxdata:speed>
    </extensions>
   </trkpt>
   <trkpt lat="47.2183916" lon="38.9266362">
    <ele>12</ele>
    <time>2026-07-26T05:03:51Z</time>
    <extensions>
     <gpxdata:hr>164</gpxdata:hr>
     <gpxdata:distance>592.00</gpxdata:distance>
     <gpxdata:cadence>80</gpxdata:cadence>
     <gpxdata:speed>3.644</gpxdata:speed>
    </extensions>
   </trkpt>
   <trkpt lat="47.2183682" lon="38.9266133">
    <ele>12</ele>
    <time>2026-07-26T05:03:52Z</time>
    <extensions>
     <gpxdata:hr>164</gpxdata:hr>
     <gpxdata:distance>595.00</gpxdata:distance>
     <gpxdata:cadence>80</gpxdata:cadence>
     <gpxdata:speed>3.597</gpxdata:speed>
    </extensions>
   </trkpt>
   <trkpt lat="47.2183448" lon="38.9265905">
    <ele>12</ele>
    <time>2026-07-26T05:03:53Z</time>
    <extensions>
     <gpxdata:hr>163</gpxdata:hr>
     <gpxdata:distance>598.50</gpxdata:distance>
     <gpxdata:cadence>80</gpxdata:cadence>
     <gpxdata:speed>3.539</gpxdata:speed>
    </extensions>
   </trkpt>
   <trkpt lat="47.2183199" lon="38.9265658">
    <ele>12</ele>
    <time>2026-07-26T05:03:54Z</time>
    <extensions>
     <gpxdata:hr>163</gpxdata:hr>
     <gpxdata:distance>602.00</gpxdata:distance>
     <gpxdata:cadence>80</gpxdata:cadence>
     <gpxdata:speed>3.483</gpxdata:speed>
    </extensions>
   </trkpt>
   <trkpt lat="47.2182951" lon="38.9265411">
    <ele>13</ele>
    <time>2026-07-26T05:03:55Z</time>
    <extensions>
     <gpxdata:hr>163</gpxdata:hr>
     <gpxdata:distance>605.50</gpxdata:distance>
     <gpxdata:cadence>80</gpxdata:cadence>
     <gpxdata:speed>3.439</gpxdata:speed>
    </extensions>
   </trkpt>
   <trkpt lat="47.2182690" lon="38.9265159">
    <ele>13</ele>
    <time>2026-07-26T05:03:56Z</time>
    <extensions>
     <gpxdata:hr>164</gpxdata:hr>
     <gpxdata:distance>609.00</gpxdata:distance>
     <gpxdata:cadence>80</gpxdata:cadence>
     <gpxdata:speed>3.397</gpxdata:speed>
    </extensions>
   </trkpt>
   <trkpt lat="47.2182430" lon="38.9264907">
    <ele>13</ele>
    <time>2026-07-26T05:03:57Z</time>
    <extensions>
     <gpxdata:hr>164</gpxdata:hr>
     <gpxdata:distance>612.50</gpxdata:distance>
     <gpxdata:cadence>80</gpxdata:cadence>
     <gpxdata:speed>3.378</gpxdata:speed>
    </extensions>
   </trkpt>
   <trkpt lat="47.2182122" lon="38.9264690">
    <ele>13</ele>
    <time>2026-07-26T05:03:58Z</time>
    <extensions>
     <gpxdata:hr>164</gpxdata:hr>
     <gpxdata:distance>616.00</gpxdata:distance>
     <gpxdata:cadence>80</gpxdata:cadence>
     <gpxdata:speed>3.361</gpxdata:speed>
    </extensions>
   </trkpt>
   <trkpt lat="47.2181814" lon="38.9264474">
    <ele>13</ele>
    <time>2026-07-26T05:03:59Z</time>
    <extensions>
     <gpxdata:hr>163</gpxdata:hr>
     <gpxdata:distance>620.50</gpxdata:distance>
     <gpxdata:cadence>80</gpxdata:cadence>
     <gpxdata:speed>3.369</gpxdata:speed>
    </extensions>
   </trkpt>
   <trkpt lat="47.2181471" lon="38.9264362">
    <ele>13</ele>
    <time>2026-07-26T05:04:00Z</time>
    <extensions>
     <gpxdata:hr>163</gpxdata:hr>
     <gpxdata:distance>625.00</gpxdata:distance>
     <gpxdata:cadence>80</gpxdata:cadence>
     <gpxdata:speed>3.381</gpxdata:speed>
    </extensions>
   </trkpt>
   <trkpt lat="47.2181128" lon="38.9264251">
    <ele>13</ele>
    <time>2026-07-26T05:04:01Z</time>
    <extensions>
     <gpxdata:hr>163</gpxdata:hr>
     <gpxdata:distance>628.50</gpxdata:distance>
     <gpxdata:cadence>80</gpxdata:cadence>
     <gpxdata:speed>3.394</gpxdata:speed>
    </extensions>
   </trkpt>
   <trkpt lat="47.2180805" lon="38.9264241">
    <ele>13</ele>
    <time>2026-07-26T05:04:02Z</time>
    <extensions>
     <gpxdata:hr>163</gpxdata:hr>
     <gpxdata:distance>632.00</gpxdata:distance>
     <gpxdata:cadence>80</gpxdata:cadence>
     <gpxdata:speed>3.411</gpxdata:speed>
    </extensions>
   </trkpt>
   <trkpt lat="47.2180483" lon="38.9264232">
    <ele>13</ele>
    <time>2026-07-26T05:04:03Z</time>
    <extensions>
     <gpxdata:hr>164</gpxdata:hr>
     <gpxdata:distance>635.00</gpxdata:distance>
     <gpxdata:cadence>79</gpxdata:cadence>
     <gpxdata:speed>3.422</gpxdata:speed>
    </extensions>
   </trkpt>
   <trkpt lat="47.2180199" lon="38.9264320">
    <ele>13</ele>
    <time>2026-07-26T05:04:04Z</time>
    <extensions>
     <gpxdata:hr>164</gpxdata:hr>
     <gpxdata:distance>638.00</gpxdata:distance>
     <gpxdata:cadence>79</gpxdata:cadence>
     <gpxdata:speed>3.436</gpxdata:speed>
    </extensions>
   </trkpt>
   <trkpt lat="47.2179915" lon="38.9264408">
    <ele>14</ele>
    <time>2026-07-26T05:04:05Z</time>
    <extensions>
     <gpxdata:hr>164</gpxdata:hr>
     <gpxdata:distance>641.00</gpxdata:distance>
     <gpxdata:cadence>79</gpxdata:cadence>
     <gpxdata:speed>3.439</gpxdata:speed>
    </extensions>
   </trkpt>
   <trkpt lat="47.2179743" lon="38.9264681">
    <ele>14</ele>
    <time>2026-07-26T05:04:06Z</time>
    <extensions>
     <gpxdata:hr>164</gpxdata:hr>
     <gpxdata:distance>644.00</gpxdata:distance>
     <gpxdata:cadence>79</gpxdata:cadence>
     <gpxdata:speed>3.444</gpxdata:speed>
    </extensions>
   </trkpt>
   <trkpt lat="47.2179572" lon="38.9264954">
    <ele>14</ele>
    <time>2026-07-26T05:04:07Z</time>
    <extensions>
     <gpxdata:hr>164</gpxdata:hr>
     <gpxdata:distance>647.00</gpxdata:distance>
     <gpxdata:cadence>78</gpxdata:cadence>
     <gpxdata:speed>3.439</gpxdata:speed>
    </extensions>
   </trkpt>
   <trkpt lat="47.2179545" lon="38.9265414">
    <ele>14</ele>
    <time>2026-07-26T05:04:08Z</time>
    <extensions>
     <gpxdata:hr>165</gpxdata:hr>
     <gpxdata:distance>650.00</gpxdata:distance>
     <gpxdata:cadence>78</gpxdata:cadence>
     <gpxdata:speed>3.433</gpxdata:speed>
    </extensions>
   </trkpt>
   <trkpt lat="47.2179519" lon="38.9265874">
    <ele>14</ele>
    <time>2026-07-26T05:04:09Z</time>
    <extensions>
     <gpxdata:hr>165</gpxdata:hr>
     <gpxdata:distance>654.50</gpxdata:distance>
     <gpxdata:cadence>78</gpxdata:cadence>
     <gpxdata:speed>3.428</gpxdata:speed>
    </extensions>
   </trkpt>
   <trkpt lat="47.2179575" lon="38.9266407">
    <ele>14</ele>
    <time>2026-07-26T05:04:10Z</time>
    <extensions>
     <gpxdata:hr>164</gpxdata:hr>
     <gpxdata:distance>659.00</gpxdata:distance>
     <gpxdata:cadence>78</gpxdata:cadence>
     <gpxdata:speed>3.422</gpxdata:speed>
    </extensions>
   </trkpt>
   <trkpt lat="47.2179632" lon="38.9266941">
    <ele>14</ele>
    <time>2026-07-26T05:04:11Z</time>
    <extensions>
     <gpxdata:hr>165</gpxdata:hr>
     <gpxdata:distance>662.50</gpxdata:distance>
     <gpxdata:cadence>78</gpxdata:cadence>
     <gpxdata:speed>3.419</gpxdata:speed>
    </extensions>
   </trkpt>
   <trkpt lat="47.2179719" lon="38.9267452">
    <ele>14</ele>
    <time>2026-07-26T05:04:12Z</time>
    <extensions>
     <gpxdata:hr>165</gpxdata:hr>
     <gpxdata:distance>666.00</gpxdata:distance>
     <gpxdata:cadence>78</gpxdata:cadence>
     <gpxdata:speed>3.419</gpxdata:speed>
    </extensions>
   </trkpt>
   <trkpt lat="47.2179806" lon="38.9267964">
    <ele>14</ele>
    <time>2026-07-26T05:04:13Z</time>
    <extensions>
     <gpxdata:hr>165</gpxdata:hr>
     <gpxdata:distance>670.00</gpxdata:distance>
     <gpxdata:cadence>78</gpxdata:cadence>
     <gpxdata:speed>3.425</gpxdata:speed>
    </extensions>
   </trkpt>
   <trkpt lat="47.2179935" lon="38.9268432">
    <ele>14</ele>
    <time>2026-07-26T05:04:14Z</time>
    <extensions>
     <gpxdata:hr>166</gpxdata:hr>
     <gpxdata:distance>674.00</gpxdata:distance>
     <gpxdata:cadence>78</gpxdata:cadence>
     <gpxdata:speed>3.433</gpxdata:speed>
    </extensions>
   </trkpt>
   <trkpt lat="47.2180065" lon="38.9268900">
    <ele>14</ele>
    <time>2026-07-26T05:04:15Z</time>
    <extensions>
     <gpxdata:hr>166</gpxdata:hr>
     <gpxdata:distance>677.50</gpxdata:distance>
     <gpxdata:cadence>78</gpxdata:cadence>
     <gpxdata:speed>3.439</gpxdata:speed>
    </extensions>
   </trkpt>
   <trkpt lat="47.2180228" lon="38.9269325">
    <ele>14</ele>
    <time>2026-07-26T05:04:16Z</time>
    <extensions>
     <gpxdata:hr>166</gpxdata:hr>
     <gpxdata:distance>681.00</gpxdata:distance>
     <gpxdata:cadence>78</gpxdata:cadence>
     <gpxdata:speed>3.447</gpxdata:speed>
    </extensions>
   </trkpt>
   <trkpt lat="47.2180391" lon="38.9269750">
    <ele>14</ele>
    <time>2026-07-26T05:04:17Z</time>
    <extensions>
     <gpxdata:hr>166</gpxdata:hr>
     <gpxdata:distance>684.50</gpxdata:distance>
     <gpxdata:cadence>78</gpxdata:cadence>
     <gpxdata:speed>3.450</gpxdata:speed>
    </extensions>
   </trkpt>
   <trkpt lat="47.2180599" lon="38.9270137">
    <ele>14</ele>
    <time>2026-07-26T05:04:18Z</time>
    <extensions>
     <gpxdata:hr>166</gpxdata:hr>
     <gpxdata:distance>688.00</gpxdata:distance>
     <gpxdata:cadence>78</gpxdata:cadence>
     <gpxdata:speed>3.456</gpxdata:speed>
    </extensions>
   </trkpt>
   <trkpt lat="47.2180807" lon="38.9270524">
    <ele>14</ele>
    <time>2026-07-26T05:04:19Z</time>
    <extensions>
     <gpxdata:hr>166</gpxdata:hr>
     <gpxdata:distance>692.00</gpxdata:distance>
     <gpxdata:cadence>78</gpxdata:cadence>
     <gpxdata:speed>3.461</gpxdata:speed>
    </extensions>
   </trkpt>
   <trkpt lat="47.2181025" lon="38.9270909">
    <ele>14</ele>
    <time>2026-07-26T05:04:20Z</time>
    <extensions>
     <gpxdata:hr>166</gpxdata:hr>
     <gpxdata:distance>696.00</gpxdata:distance>
     <gpxdata:cadence>78</gpxdata:cadence>
     <gpxdata:speed>3.467</gpxdata:speed>
    </extensions>
   </trkpt>
   <trkpt lat="47.2181244" lon="38.9271294">
    <ele>13</ele>
    <time>2026-07-26T05:04:21Z</time>
    <extensions>
     <gpxdata:hr>165</gpxdata:hr>
     <gpxdata:distance>700.00</gpxdata:distance>
     <gpxdata:cadence>78</gpxdata:cadence>
     <gpxdata:speed>3.472</gpxdata:speed>
    </extensions>
   </trkpt>
   <trkpt lat="47.2181474" lon="38.9271670">
    <ele>13</ele>
    <time>2026-07-26T05:04:22Z</time>
    <extensions>
     <gpxdata:hr>165</gpxdata:hr>
     <gpxdata:distance>704.00</gpxdata:distance>
     <gpxdata:cadence>78</gpxdata:cadence>
     <gpxdata:speed>3.481</gpxdata:speed>
    </extensions>
   </trkpt>
   <trkpt lat="47.2181705" lon="38.9272047">
    <ele>13</ele>
    <time>2026-07-26T05:04:23Z</time>
    <extensions>
     <gpxdata:hr>164</gpxdata:hr>
     <gpxdata:distance>707.50</gpxdata:distance>
     <gpxdata:cadence>78</gpxdata:cadence>
     <gpxdata:speed>3.486</gpxdata:speed>
    </extensions>
   </trkpt>
   <trkpt lat="47.2181942" lon="38.9272435">
    <ele>13</ele>
    <time>2026-07-26T05:04:24Z</time>
    <extensions>
     <gpxdata:hr>164</gpxdata:hr>
     <gpxdata:distance>711.00</gpxdata:distance>
     <gpxdata:cadence>78</gpxdata:cadence>
     <gpxdata:speed>3.492</gpxdata:speed>
    </extensions>
   </trkpt>
   <trkpt lat="47.2182179" lon="38.9272823">
    <ele>13</ele>
    <time>2026-07-26T05:04:25Z</time>
    <extensions>
     <gpxdata:hr>164</gpxdata:hr>
     <gpxdata:distance>715.50</gpxdata:distance>
     <gpxdata:cadence>78</gpxdata:cadence>
     <gpxdata:speed>3.500</gpxdata:speed>
    </extensions>
   </trkpt>
   <trkpt lat="47.2182401" lon="38.9273225">
    <ele>13</ele>
    <time>2026-07-26T05:04:26Z</time>
    <extensions>
     <gpxdata:hr>164</gpxdata:hr>
     <gpxdata:distance>720.00</gpxdata:distance>
     <gpxdata:cadence>78</gpxdata:cadence>
     <gpxdata:speed>3.508</gpxdata:speed>
    </extensions>
   </trkpt>
   <trkpt lat="47.2182624" lon="38.9273628">
    <ele>13</ele>
    <time>2026-07-26T05:04:27Z</time>
    <extensions>
     <gpxdata:hr>164</gpxdata:hr>
     <gpxdata:distance>723.50</gpxdata:distance>
     <gpxdata:cadence>78</gpxdata:cadence>
     <gpxdata:speed>3.517</gpxdata:speed>
    </extensions>
   </trkpt>
   <trkpt lat="47.2182805" lon="38.9274020">
    <ele>13</ele>
    <time>2026-07-26T05:04:28Z</time>
    <extensions>
     <gpxdata:hr>164</gpxdata:hr>
     <gpxdata:distance>727.00</gpxdata:distance>
     <gpxdata:cadence>78</gpxdata:cadence>
     <gpxdata:speed>3.528</gpxdata:speed>
    </extensions>
   </trkpt>
   <trkpt lat="47.2182986" lon="38.9274412">
    <ele>13</ele>
    <time>2026-07-26T05:04:29Z</time>
    <extensions>
     <gpxdata:hr>164</gpxdata:hr>
     <gpxdata:distance>730.00</gpxdata:distance>
     <gpxdata:cadence>78</gpxdata:cadence>
     <gpxdata:speed>3.536</gpxdata:speed>
    </extensions>
   </trkpt>
   <trkpt lat="47.2183144" lon="38.9274794">
    <ele>13</ele>
    <time>2026-07-26T05:04:30Z</time>
    <extensions>
     <gpxdata:hr>163</gpxdata:hr>
     <gpxdata:distance>733.00</gpxdata:distance>
     <gpxdata:cadence>77</gpxdata:cadence>
     <gpxdata:speed>3.547</gpxdata:speed>
    </extensions>
   </trkpt>
   <trkpt lat="47.2183302" lon="38.9275176">
    <ele>12</ele>
    <time>2026-07-26T05:04:31Z</time>
    <extensions>
     <gpxdata:hr>163</gpxdata:hr>
     <gpxdata:distance>736.50</gpxdata:distance>
     <gpxdata:cadence>77</gpxdata:cadence>
     <gpxdata:speed>3.553</gpxdata:speed>
    </extensions>
   </trkpt>
   <trkpt lat="47.2183455" lon="38.9275594">
    <ele>12</ele>
    <time>2026-07-26T05:04:32Z</time>
    <extensions>
     <gpxdata:hr>163</gpxdata:hr>
     <gpxdata:distance>740.00</gpxdata:distance>
     <gpxdata:cadence>77</gpxdata:cadence>
     <gpxdata:speed>3.558</gpxdata:speed>
    </extensions>
   </trkpt>
   <trkpt lat="47.2183609" lon="38.9276012">
    <ele>12</ele>
    <time>2026-07-26T05:04:33Z</time>
    <extensions>
     <gpxdata:hr>163</gpxdata:hr>
     <gpxdata:distance>744.00</gpxdata:distance>
     <gpxdata:cadence>77</gpxdata:cadence>
     <gpxdata:speed>3.564</gpxdata:speed>
    </extensions>
   </trkpt>
   <trkpt lat="47.2183788" lon="38.9276439">
    <ele>12</ele>
    <time>2026-07-26T05:04:34Z</time>
    <extensions>
     <gpxdata:hr>163</gpxdata:hr>
     <gpxdata:distance>748.00</gpxdata:distance>
     <gpxdata:cadence>77</gpxdata:cadence>
     <gpxdata:speed>3.569</gpxdata:speed>
    </extensions>
   </trkpt>
   <trkpt lat="47.2183968" lon="38.9276867">
    <ele>12</ele>
    <time>2026-07-26T05:04:35Z</time>
    <extensions>
     <gpxdata:hr>163</gpxdata:hr>
     <gpxdata:distance>752.00</gpxdata:distance>
     <gpxdata:cadence>77</gpxdata:cadence>
     <gpxdata:speed>3.575</gpxdata:speed>
    </extensions>
   </trkpt>
   <trkpt lat="47.2184195" lon="38.9277244">
    <ele>12</ele>
    <time>2026-07-26T05:04:36Z</time>
    <extensions>
     <gpxdata:hr>163</gpxdata:hr>
     <gpxdata:distance>756.00</gpxdata:distance>
     <gpxdata:cadence>78</gpxdata:cadence>
     <gpxdata:speed>3.581</gpxdata:speed>
    </extensions>
   </trkpt>
   <trkpt lat="47.2184422" lon="38.9277622">
    <ele>12</ele>
    <time>2026-07-26T05:04:37Z</time>
    <extensions>
     <gpxdata:hr>163</gpxdata:hr>
     <gpxdata:distance>759.50</gpxdata:distance>
     <gpxdata:cadence>78</gpxdata:cadence>
     <gpxdata:speed>3.586</gpxdata:speed>
    </extensions>
   </trkpt>
   <trkpt lat="47.2184657" lon="38.9277997">
    <ele>12</ele>
    <time>2026-07-26T05:04:38Z</time>
    <extensions>
     <gpxdata:hr>163</gpxdata:hr>
     <gpxdata:distance>763.00</gpxdata:distance>
     <gpxdata:cadence>78</gpxdata:cadence>
     <gpxdata:speed>3.594</gpxdata:speed>
    </extensions>
   </trkpt>
   <trkpt lat="47.2184892" lon="38.9278373">
    <ele>12</ele>
    <time>2026-07-26T05:04:39Z</time>
    <extensions>
     <gpxdata:hr>163</gpxdata:hr>
     <gpxdata:distance>767.00</gpxdata:distance>
     <gpxdata:cadence>78</gpxdata:cadence>
     <gpxdata:speed>3.597</gpxdata:speed>
    </extensions>
   </trkpt>
   <trkpt lat="47.2185081" lon="38.9278776">
    <ele>12</ele>
    <time>2026-07-26T05:04:40Z</time>
    <extensions>
     <gpxdata:hr>163</gpxdata:hr>
     <gpxdata:distance>771.00</gpxdata:distance>
     <gpxdata:cadence>78</gpxdata:cadence>
     <gpxdata:speed>3.603</gpxdata:speed>
    </extensions>
   </trkpt>
   <trkpt lat="47.2185271" lon="38.9279180">
    <ele>11</ele>
    <time>2026-07-26T05:04:41Z</time>
    <extensions>
     <gpxdata:hr>164</gpxdata:hr>
     <gpxdata:distance>774.50</gpxdata:distance>
     <gpxdata:cadence>78</gpxdata:cadence>
     <gpxdata:speed>3.606</gpxdata:speed>
    </extensions>
   </trkpt>
   <trkpt lat="47.2185419" lon="38.9279621">
    <ele>11</ele>
    <time>2026-07-26T05:04:42Z</time>
    <extensions>
     <gpxdata:hr>164</gpxdata:hr>
     <gpxdata:distance>778.00</gpxdata:distance>
     <gpxdata:cadence>79</gpxdata:cadence>
     <gpxdata:speed>3.611</gpxdata:speed>
    </extensions>
   </trkpt>
   <trkpt lat="47.2185568" lon="38.9280062">
    <ele>11</ele>
    <time>2026-07-26T05:04:43Z</time>
    <extensions>
     <gpxdata:hr>164</gpxdata:hr>
     <gpxdata:distance>782.00</gpxdata:distance>
     <gpxdata:cadence>78</gpxdata:cadence>
     <gpxdata:speed>3.611</gpxdata:speed>
    </extensions>
   </trkpt>
   <trkpt lat="47.2185727" lon="38.9280523">
    <ele>11</ele>
    <time>2026-07-26T05:04:44Z</time>
    <extensions>
     <gpxdata:hr>164</gpxdata:hr>
     <gpxdata:distance>786.00</gpxdata:distance>
     <gpxdata:cadence>78</gpxdata:cadence>
     <gpxdata:speed>3.614</gpxdata:speed>
    </extensions>
   </trkpt>
   <trkpt lat="47.2185886" lon="38.9280985">
    <ele>11</ele>
    <time>2026-07-26T05:04:45Z</time>
    <extensions>
     <gpxdata:hr>164</gpxdata:hr>
     <gpxdata:distance>790.00</gpxdata:distance>
     <gpxdata:cadence>78</gpxdata:cadence>
     <gpxdata:speed>3.617</gpxdata:speed>
    </extensions>
   </trkpt>
   <trkpt lat="47.2186036" lon="38.9281449">
    <ele>11</ele>
    <time>2026-07-26T05:04:46Z</time>
    <extensions>
     <gpxdata:hr>164</gpxdata:hr>
     <gpxdata:distance>794.00</gpxdata:distance>
     <gpxdata:cadence>78</gpxdata:cadence>
     <gpxdata:speed>3.619</gpxdata:speed>
    </extensions>
   </trkpt>
   <trkpt lat="47.2186187" lon="38.9281913">
    <ele>11</ele>
    <time>2026-07-26T05:04:47Z</time>
    <extensions>
     <gpxdata:hr>164</gpxdata:hr>
     <gpxdata:distance>798.00</gpxdata:distance>
     <gpxdata:cadence>78</gpxdata:cadence>
     <gpxdata:speed>3.625</gpxdata:speed>
    </extensions>
   </trkpt>
   <trkpt lat="47.2186334" lon="38.9282387">
    <ele>11</ele>
    <time>2026-07-26T05:04:48Z</time>
    <extensions>
     <gpxdata:hr>164</gpxdata:hr>
     <gpxdata:distance>802.00</gpxdata:distance>
     <gpxdata:cadence>77</gpxdata:cadence>
     <gpxdata:speed>3.631</gpxdata:speed>
    </extensions>
   </trkpt>
   <trkpt lat="47.2186482" lon="38.9282861">
    <ele>11</ele>
    <time>2026-07-26T05:04:49Z</time>
    <extensions>
     <gpxdata:hr>163</gpxdata:hr>
     <gpxdata:distance>805.50</gpxdata:distance>
     <gpxdata:cadence>77</gpxdata:cadence>
     <gpxdata:speed>3.636</gpxdata:speed>
    </extensions>
   </trkpt>
   <trkpt lat="47.2186663" lon="38.9283294">
    <ele>11</ele>
    <time>2026-07-26T05:04:50Z</time>
    <extensions>
     <gpxdata:hr>163</gpxdata:hr>
     <gpxdata:distance>809.00</gpxdata:distance>
     <gpxdata:cadence>77</gpxdata:cadence>
     <gpxdata:speed>3.642</gpxdata:speed>
    </extensions>
   </trkpt>
   <trkpt lat="47.2186844" lon="38.9283728">
    <ele>10</ele>
    <time>2026-07-26T05:04:51Z</time>
    <extensions>
     <gpxdata:hr>163</gpxdata:hr>
     <gpxdata:distance>813.00</gpxdata:distance>
     <gpxdata:cadence>77</gpxdata:cadence>
     <gpxdata:speed>3.650</gpxdata:speed>
    </extensions>
   </trkpt>
   <trkpt lat="47.2187055" lon="38.9284129">
    <ele>10</ele>
    <time>2026-07-26T05:04:52Z</time>
    <extensions>
     <gpxdata:hr>163</gpxdata:hr>
     <gpxdata:distance>817.00</gpxdata:distance>
     <gpxdata:cadence>78</gpxdata:cadence>
     <gpxdata:speed>3.658</gpxdata:speed>
    </extensions>
   </trkpt>
   <trkpt lat="47.2187266" lon="38.9284531">
    <ele>10</ele>
    <time>2026-07-26T05:04:53Z</time>
    <extensions>
     <gpxdata:hr>163</gpxdata:hr>
     <gpxdata:distance>821.00</gpxdata:distance>
     <gpxdata:cadence>78</gpxdata:cadence>
     <gpxdata:speed>3.664</gpxdata:speed>
    </extensions>
   </trkpt>
   <trkpt lat="47.2187496" lon="38.9284931">
    <ele>10</ele>
    <time>2026-07-26T05:04:54Z</time>
    <extensions>
     <gpxdata:hr>163</gpxdata:hr>
     <gpxdata:distance>825.00</gpxdata:distance>
     <gpxdata:cadence>78</gpxdata:cadence>
     <gpxdata:speed>3.669</gpxdata:speed>
    </extensions>
   </trkpt>
   <trkpt lat="47.2187727" lon="38.9285332">
    <ele>10</ele>
    <time>2026-07-26T05:04:55Z</time>
    <extensions>
     <gpxdata:hr>162</gpxdata:hr>
     <gpxdata:distance>829.00</gpxdata:distance>
     <gpxdata:cadence>78</gpxdata:cadence>
     <gpxdata:speed>3.672</gpxdata:speed>
    </extensions>
   </trkpt>
   <trkpt lat="47.2188001" lon="38.9285648">
    <ele>10</ele>
    <time>2026-07-26T05:04:56Z</time>
    <extensions>
     <gpxdata:hr>162</gpxdata:hr>
     <gpxdata:distance>833.00</gpxdata:distance>
     <gpxdata:cadence>78</gpxdata:cadence>
     <gpxdata:speed>3.678</gpxdata:speed>
    </extensions>
   </trkpt>
   <trkpt lat="47.2188275" lon="38.9285964">
    <ele>10</ele>
    <time>2026-07-26T05:04:57Z</time>
    <extensions>
     <gpxdata:hr>162</gpxdata:hr>
     <gpxdata:distance>836.50</gpxdata:distance>
     <gpxdata:cadence>78</gpxdata:cadence>
     <gpxdata:speed>3.681</gpxdata:speed>
    </extensions>
   </trkpt>
   <trkpt lat="47.2188564" lon="38.9286050">
    <ele>10</ele>
    <time>2026-07-26T05:04:58Z</time>
    <extensions>
     <gpxdata:hr>162</gpxdata:hr>
     <gpxdata:distance>840.00</gpxdata:distance>
     <gpxdata:cadence>78</gpxdata:cadence>
     <gpxdata:speed>3.683</gpxdata:speed>
    </extensions>
   </trkpt>
   <trkpt lat="47.2188854" lon="38.9286137">
    <ele>10</ele>
    <time>2026-07-26T05:04:59Z</time>
    <extensions>
     <gpxdata:hr>162</gpxdata:hr>
     <gpxdata:distance>843.00</gpxdata:distance>
     <gpxdata:cadence>78</gpxdata:cadence>
     <gpxdata:speed>3.683</gpxdata:speed>
    </extensions>
   </trkpt>
   <trkpt lat="47.2189138" lon="38.9286033">
    <ele>10</ele>
    <time>2026-07-26T05:05:00Z</time>
    <extensions>
     <gpxdata:hr>162</gpxdata:hr>
     <gpxdata:distance>846.00</gpxdata:distance>
     <gpxdata:cadence>78</gpxdata:cadence>
     <gpxdata:speed>3.686</gpxdata:speed>
    </extensions>
   </trkpt>
   <trkpt lat="47.2189423" lon="38.9285929">
    <ele>10</ele>
    <time>2026-07-26T05:05:01Z</time>
    <extensions>
     <gpxdata:hr>163</gpxdata:hr>
     <gpxdata:distance>850.00</gpxdata:distance>
     <gpxdata:cadence>78</gpxdata:cadence>
     <gpxdata:speed>3.683</gpxdata:speed>
    </extensions>
   </trkpt>
   <trkpt lat="47.2189727" lon="38.9285728">
    <ele>10</ele>
    <time>2026-07-26T05:05:02Z</time>
    <extensions>
     <gpxdata:hr>163</gpxdata:hr>
     <gpxdata:distance>854.00</gpxdata:distance>
     <gpxdata:cadence>78</gpxdata:cadence>
     <gpxdata:speed>3.683</gpxdata:speed>
    </extensions>
   </trkpt>
   <trkpt lat="47.2190031" lon="38.9285527">
    <ele>10</ele>
    <time>2026-07-26T05:05:03Z</time>
    <extensions>
     <gpxdata:hr>163</gpxdata:hr>
     <gpxdata:distance>858.00</gpxdata:distance>
     <gpxdata:cadence>78</gpxdata:cadence>
     <gpxdata:speed>3.681</gpxdata:speed>
    </extensions>
   </trkpt>
   <trkpt lat="47.2190359" lon="38.9285279">
    <ele>10</ele>
    <time>2026-07-26T05:05:04Z</time>
    <extensions>
     <gpxdata:hr>163</gpxdata:hr>
     <gpxdata:distance>862.00</gpxdata:distance>
     <gpxdata:cadence>78</gpxdata:cadence>
     <gpxdata:speed>3.681</gpxdata:speed>
    </extensions>
   </trkpt>
   <trkpt lat="47.2190687" lon="38.9285032">
    <ele>10</ele>
    <time>2026-07-26T05:05:05Z</time>
    <extensions>
     <gpxdata:hr>163</gpxdata:hr>
     <gpxdata:distance>866.00</gpxdata:distance>
     <gpxdata:cadence>78</gpxdata:cadence>
     <gpxdata:speed>3.681</gpxdata:speed>
    </extensions>
   </trkpt>
   <trkpt lat="47.2191005" lon="38.9284780">
    <ele>9</ele>
    <time>2026-07-26T05:05:06Z</time>
    <extensions>
     <gpxdata:hr>164</gpxdata:hr>
     <gpxdata:distance>870.00</gpxdata:distance>
     <gpxdata:cadence>78</gpxdata:cadence>
     <gpxdata:speed>3.683</gpxdata:speed>
    </extensions>
   </trkpt>
   <trkpt lat="47.2191324" lon="38.9284529">
    <ele>9</ele>
    <time>2026-07-26T05:05:07Z</time>
    <extensions>
     <gpxdata:hr>163</gpxdata:hr>
     <gpxdata:distance>873.50</gpxdata:distance>
     <gpxdata:cadence>78</gpxdata:cadence>
     <gpxdata:speed>3.686</gpxdata:speed>
    </extensions>
   </trkpt>
   <trkpt lat="47.2191631" lon="38.9284279">
    <ele>9</ele>
    <time>2026-07-26T05:05:08Z</time>
    <extensions>
     <gpxdata:hr>163</gpxdata:hr>
     <gpxdata:distance>877.00</gpxdata:distance>
     <gpxdata:cadence>78</gpxdata:cadence>
     <gpxdata:speed>3.692</gpxdata:speed>
    </extensions>
   </trkpt>
   <trkpt lat="47.2191938" lon="38.9284030">
    <ele>9</ele>
    <time>2026-07-26T05:05:09Z</time>
    <extensions>
     <gpxdata:hr>163</gpxdata:hr>
     <gpxdata:distance>881.00</gpxdata:distance>
     <gpxdata:cadence>78</gpxdata:cadence>
     <gpxdata:speed>3.694</gpxdata:speed>
    </extensions>
   </trkpt>
   <trkpt lat="47.2192251" lon="38.9283794">
    <ele>9</ele>
    <time>2026-07-26T05:05:10Z</time>
    <extensions>
     <gpxdata:hr>164</gpxdata:hr>
     <gpxdata:distance>885.00</gpxdata:distance>
     <gpxdata:cadence>78</gpxdata:cadence>
     <gpxdata:speed>3.700</gpxdata:speed>
    </extensions>
   </trkpt>
   <trkpt lat="47.2192564" lon="38.9283559">
    <ele>9</ele>
    <time>2026-07-26T05:05:11Z</time>
    <extensions>
     <gpxdata:hr>164</gpxdata:hr>
     <gpxdata:distance>889.00</gpxdata:distance>
     <gpxdata:cadence>78</gpxdata:cadence>
     <gpxdata:speed>3.700</gpxdata:speed>
    </extensions>
   </trkpt>
   <trkpt lat="47.2192854" lon="38.9283326">
    <ele>9</ele>
    <time>2026-07-26T05:05:12Z</time>
    <extensions>
     <gpxdata:hr>164</gpxdata:hr>
     <gpxdata:distance>893.00</gpxdata:distance>
     <gpxdata:cadence>78</gpxdata:cadence>
     <gpxdata:speed>3.703</gpxdata:speed>
    </extensions>
   </trkpt>
   <trkpt lat="47.2193145" lon="38.9283094">
    <ele>9</ele>
    <time>2026-07-26T05:05:13Z</time>
    <extensions>
     <gpxdata:hr>164</gpxdata:hr>
     <gpxdata:distance>896.00</gpxdata:distance>
     <gpxdata:cadence>78</gpxdata:cadence>
     <gpxdata:speed>3.703</gpxdata:speed>
    </extensions>
   </trkpt>
   <trkpt lat="47.2193428" lon="38.9282880">
    <ele>9</ele>
    <time>2026-07-26T05:05:14Z</time>
    <extensions>
     <gpxdata:hr>164</gpxdata:hr>
     <gpxdata:distance>899.00</gpxdata:distance>
     <gpxdata:cadence>78</gpxdata:cadence>
     <gpxdata:speed>3.706</gpxdata:speed>
    </extensions>
   </trkpt>
   <trkpt lat="47.2193711" lon="38.9282666">
    <ele>9</ele>
    <time>2026-07-26T05:05:15Z</time>
    <extensions>
     <gpxdata:hr>164</gpxdata:hr>
     <gpxdata:distance>903.00</gpxdata:distance>
     <gpxdata:cadence>78</gpxdata:cadence>
     <gpxdata:speed>3.706</gpxdata:speed>
    </extensions>
   </trkpt>
   <trkpt lat="47.2194003" lon="38.9282459">
    <ele>9</ele>
    <time>2026-07-26T05:05:16Z</time>
    <extensions>
     <gpxdata:hr>164</gpxdata:hr>
     <gpxdata:distance>907.00</gpxdata:distance>
     <gpxdata:cadence>78</gpxdata:cadence>
     <gpxdata:speed>3.706</gpxdata:speed>
    </extensions>
   </trkpt>
   <trkpt lat="47.2194296" lon="38.9282252">
    <ele>9</ele>
    <time>2026-07-26T05:05:17Z</time>
    <extensions>
     <gpxdata:hr>164</gpxdata:hr>
     <gpxdata:distance>910.50</gpxdata:distance>
     <gpxdata:cadence>78</gpxdata:cadence>
     <gpxdata:speed>3.706</gpxdata:speed>
    </extensions>
   </trkpt>
   <trkpt lat="47.2194595" lon="38.9282055">
    <ele>9</ele>
    <time>2026-07-26T05:05:18Z</time>
    <extensions>
     <gpxdata:hr>164</gpxdata:hr>
     <gpxdata:distance>914.00</gpxdata:distance>
     <gpxdata:cadence>79</gpxdata:cadence>
     <gpxdata:speed>3.706</gpxdata:speed>
    </extensions>
   </trkpt>
   <trkpt lat="47.2194895" lon="38.9281859">
    <ele>9</ele>
    <time>2026-07-26T05:05:19Z</time>
    <extensions>
     <gpxdata:hr>164</gpxdata:hr>
     <gpxdata:distance>917.50</gpxdata:distance>
     <gpxdata:cadence>78</gpxdata:cadence>
     <gpxdata:speed>3.706</gpxdata:speed>
    </extensions>
   </trkpt>
   <trkpt lat="47.2195207" lon="38.9281688">
    <ele>9</ele>
    <time>2026-07-26T05:05:20Z</time>
    <extensions>
     <gpxdata:hr>164</gpxdata:hr>
     <gpxdata:distance>921.00</gpxdata:distance>
     <gpxdata:cadence>78</gpxdata:cadence>
     <gpxdata:speed>3.706</gpxdata:speed>
    </extensions>
   </trkpt>
   <trkpt lat="47.2195519" lon="38.9281517">
    <ele>9</ele>
    <time>2026-07-26T05:05:21Z</time>
    <extensions>
     <gpxdata:hr>164</gpxdata:hr>
     <gpxdata:distance>925.00</gpxdata:distance>
     <gpxdata:cadence>78</gpxdata:cadence>
     <gpxdata:speed>3.706</gpxdata:speed>
    </extensions>
   </trkpt>
   <trkpt lat="47.2195834" lon="38.9281349">
    <ele>9</ele>
    <time>2026-07-26T05:05:22Z</time>
    <extensions>
     <gpxdata:hr>164</gpxdata:hr>
     <gpxdata:distance>929.00</gpxdata:distance>
     <gpxdata:cadence>78</gpxdata:cadence>
     <gpxdata:speed>3.706</gpxdata:speed>
    </extensions>
   </trkpt>
   <trkpt lat="47.2196150" lon="38.9281181">
    <ele>9</ele>
    <time>2026-07-26T05:05:23Z</time>
    <extensions>
     <gpxdata:hr>164</gpxdata:hr>
     <gpxdata:distance>932.50</gpxdata:distance>
     <gpxdata:cadence>78</gpxdata:cadence>
     <gpxdata:speed>3.706</gpxdata:speed>
    </extensions>
   </trkpt>
   <trkpt lat="47.2196457" lon="38.9281000">
    <ele>9</ele>
    <time>2026-07-26T05:05:24Z</time>
    <extensions>
     <gpxdata:hr>164</gpxdata:hr>
     <gpxdata:distance>936.00</gpxdata:distance>
     <gpxdata:cadence>78</gpxdata:cadence>
     <gpxdata:speed>3.706</gpxdata:speed>
    </extensions>
   </trkpt>
   <trkpt lat="47.2196764" lon="38.9280820">
    <ele>9</ele>
    <time>2026-07-26T05:05:25Z</time>
    <extensions>
     <gpxdata:hr>164</gpxdata:hr>
     <gpxdata:distance>940.00</gpxdata:distance>
     <gpxdata:cadence>78</gpxdata:cadence>
     <gpxdata:speed>3.706</gpxdata:speed>
    </extensions>
   </trkpt>
   <trkpt lat="47.2197072" lon="38.9280647">
    <ele>8</ele>
    <time>2026-07-26T05:05:26Z</time>
    <extensions>
     <gpxdata:hr>164</gpxdata:hr>
     <gpxdata:distance>944.00</gpxdata:distance>
     <gpxdata:cadence>78</gpxdata:cadence>
     <gpxdata:speed>3.708</gpxdata:speed>
    </extensions>
   </trkpt>
   <trkpt lat="47.2197381" lon="38.9280475">
    <ele>8</ele>
    <time>2026-07-26T05:05:27Z</time>
    <extensions>
     <gpxdata:hr>164</gpxdata:hr>
     <gpxdata:distance>947.50</gpxdata:distance>
     <gpxdata:cadence>78</gpxdata:cadence>
     <gpxdata:speed>3.708</gpxdata:speed>
    </extensions>
   </trkpt>
   <trkpt lat="47.2197687" lon="38.9280294">
    <ele>8</ele>
    <time>2026-07-26T05:05:28Z</time>
    <extensions>
     <gpxdata:hr>164</gpxdata:hr>
     <gpxdata:distance>951.00</gpxdata:distance>
     <gpxdata:cadence>78</gpxdata:cadence>
     <gpxdata:speed>3.708</gpxdata:speed>
    </extensions>
   </trkpt>
   <trkpt lat="47.2197994" lon="38.9280114">
    <ele>8</ele>
    <time>2026-07-26T05:05:29Z</time>
    <extensions>
     <gpxdata:hr>164</gpxdata:hr>
     <gpxdata:distance>955.00</gpxdata:distance>
     <gpxdata:cadence>78</gpxdata:cadence>
     <gpxdata:speed>3.708</gpxdata:speed>
    </extensions>
   </trkpt>
   <trkpt lat="47.2198312" lon="38.9279925">
    <ele>8</ele>
    <time>2026-07-26T05:05:30Z</time>
    <extensions>
     <gpxdata:hr>164</gpxdata:hr>
     <gpxdata:distance>959.00</gpxdata:distance>
     <gpxdata:cadence>79</gpxdata:cadence>
     <gpxdata:speed>3.711</gpxdata:speed>
    </extensions>
   </trkpt>
   <trkpt lat="47.2198631" lon="38.9279736">
    <ele>8</ele>
    <time>2026-07-26T05:05:31Z</time>
    <extensions>
     <gpxdata:hr>164</gpxdata:hr>
     <gpxdata:distance>963.00</gpxdata:distance>
     <gpxdata:cadence>79</gpxdata:cadence>
     <gpxdata:speed>3.711</gpxdata:speed>
    </extensions>
   </trkpt>
   <trkpt lat="47.2198927" lon="38.9279539">
    <ele>8</ele>
    <time>2026-07-26T05:05:32Z</time>
    <extensions>
     <gpxdata:hr>164</gpxdata:hr>
     <gpxdata:distance>967.00</gpxdata:distance>
     <gpxdata:cadence>79</gpxdata:cadence>
     <gpxdata:speed>3.711</gpxdata:speed>
    </extensions>
   </trkpt>
   <trkpt lat="47.2199224" lon="38.9279343">
    <ele>8</ele>
    <time>2026-07-26T05:05:33Z</time>
    <extensions>
     <gpxdata:hr>164</gpxdata:hr>
     <gpxdata:distance>970.00</gpxdata:distance>
     <gpxdata:cadence>79</gpxdata:cadence>
     <gpxdata:speed>3.711</gpxdata:speed>
    </extensions>
   </trkpt>
   <trkpt lat="47.2199519" lon="38.9279141">
    <ele>8</ele>
    <time>2026-07-26T05:05:34Z</time>
    <extensions>
     <gpxdata:hr>164</gpxdata:hr>
     <gpxdata:distance>973.00</gpxdata:distance>
     <gpxdata:cadence>79</gpxdata:cadence>
     <gpxdata:speed>3.711</gpxdata:speed>
    </extensions>
   </trkpt>
   <trkpt lat="47.2199815" lon="38.9278939">
    <ele>8</ele>
    <time>2026-07-26T05:05:35Z</time>
    <extensions>
     <gpxdata:hr>164</gpxdata:hr>
     <gpxdata:distance>977.00</gpxdata:distance>
     <gpxdata:cadence>79</gpxdata:cadence>
     <gpxdata:speed>3.711</gpxdata:speed>
    </extensions>
   </trkpt>
   <trkpt lat="47.2200110" lon="38.9278729">
    <ele>8</ele>
    <time>2026-07-26T05:05:36Z</time>
    <extensions>
     <gpxdata:hr>164</gpxdata:hr>
     <gpxdata:distance>981.00</gpxdata:distance>
     <gpxdata:cadence>79</gpxdata:cadence>
     <gpxdata:speed>3.711</gpxdata:speed>
    </extensions>
   </trkpt>
   <trkpt lat="47.2200405" lon="38.9278519">
    <ele>8</ele>
    <time>2026-07-26T05:05:37Z</time>
    <extensions>
     <gpxdata:hr>165</gpxdata:hr>
     <gpxdata:distance>984.00</gpxdata:distance>
     <gpxdata:cadence>79</gpxdata:cadence>
     <gpxdata:speed>3.708</gpxdata:speed>
    </extensions>
   </trkpt>
   <trkpt lat="47.2200689" lon="38.9278326">
    <ele>8</ele>
    <time>2026-07-26T05:05:38Z</time>
    <extensions>
     <gpxdata:hr>165</gpxdata:hr>
     <gpxdata:distance>987.00</gpxdata:distance>
     <gpxdata:cadence>79</gpxdata:cadence>
     <gpxdata:speed>3.708</gpxdata:speed>
    </extensions>
   </trkpt>
   <trkpt lat="47.2200974" lon="38.9278134">
    <ele>8</ele>
    <time>2026-07-26T05:05:39Z</time>
    <extensions>
     <gpxdata:hr>165</gpxdata:hr>
     <gpxdata:distance>990.50</gpxdata:distance>
     <gpxdata:cadence>79</gpxdata:cadence>
     <gpxdata:speed>3.708</gpxdata:speed>
    </extensions>
   </trkpt>
   <trkpt lat="47.2201273" lon="38.9277965">
    <ele>8</ele>
    <time>2026-07-26T05:05:40Z</time>
    <extensions>
     <gpxdata:hr>165</gpxdata:hr>
     <gpxdata:distance>994.00</gpxdata:distance>
     <gpxdata:cadence>79</gpxdata:cadence>
     <gpxdata:speed>3.708</gpxdata:speed>
    </extensions>
   </trkpt>
   <trkpt lat="47.2201572" lon="38.9277797">
    <ele>8</ele>
    <time>2026-07-26T05:05:41Z</time>
    <extensions>
     <gpxdata:hr>165</gpxdata:hr>
     <gpxdata:distance>998.00</gpxdata:distance>
     <gpxdata:cadence>79</gpxdata:cadence>
     <gpxdata:speed>3.708</gpxdata:speed>
    </extensions>
   </trkpt>
   <trkpt lat="47.2201876" lon="38.9277610">
    <ele>8</ele>
    <time>2026-07-26T05:05:42Z</time>
    <extensions>
     <gpxdata:hr>165</gpxdata:hr>
     <gpxdata:distance>1002.00</gpxdata:distance>
     <gpxdata:cadence>79</gpxdata:cadence>
     <gpxdata:speed>3.708</gpxdata:speed>
    </extensions>
   </trkpt>
   <trkpt lat="47.2202180" lon="38.9277423">
    <ele>8</ele>
    <time>2026-07-26T05:05:43Z</time>
    <extensions>
     <gpxdata:hr>165</gpxdata:hr>
     <gpxdata:distance>1006.00</gpxdata:distance>
     <gpxdata:cadence>79</gpxdata:cadence>
     <gpxdata:speed>3.708</gpxdata:speed>
    </extensions>
   </trkpt>
   <trkpt lat="47.2202496" lon="38.9277230">
    <ele>8</ele>
    <time>2026-07-26T05:05:44Z</time>
    <extensions>
     <gpxdata:hr>165</gpxdata:hr>
     <gpxdata:distance>1010.00</gpxdata:distance>
     <gpxdata:cadence>79</gpxdata:cadence>
     <gpxdata:speed>3.708</gpxdata:speed>
    </extensions>
   </trkpt>
   <trkpt lat="47.2202812" lon="38.9277037">
    <ele>8</ele>
    <time>2026-07-26T05:05:45Z</time>
    <extensions>
     <gpxdata:hr>165</gpxdata:hr>
     <gpxdata:distance>1013.50</gpxdata:distance>
     <gpxdata:cadence>79</gpxdata:cadence>
     <gpxdata:speed>3.708</gpxdata:speed>
    </extensions>
   </trkpt>
   <trkpt lat="47.2203130" lon="38.9276856">
    <ele>8</ele>
    <time>2026-07-26T05:05:46Z</time>
    <extensions>
     <gpxdata:hr>166</gpxdata:hr>
     <gpxdata:distance>1017.00</gpxdata:distance>
     <gpxdata:cadence>79</gpxdata:cadence>
     <gpxdata:speed>3.711</gpxdata:speed>
    </extensions>
   </trkpt>
   <trkpt lat="47.2203449" lon="38.9276675">
    <ele>8</ele>
    <time>2026-07-26T05:05:47Z</time>
    <extensions>
     <gpxdata:hr>166</gpxdata:hr>
     <gpxdata:distance>1021.00</gpxdata:distance>
     <gpxdata:cadence>79</gpxdata:cadence>
     <gpxdata:speed>3.711</gpxdata:speed>
    </extensions>
   </trkpt>
   <trkpt lat="47.2203784" lon="38.9276478">
    <ele>8</ele>
    <time>2026-07-26T05:05:48Z</time>
    <extensions>
     <gpxdata:hr>166</gpxdata:hr>
     <gpxdata:distance>1025.00</gpxdata:distance>
     <gpxdata:cadence>79</gpxdata:cadence>
     <gpxdata:speed>3.714</gpxdata:speed>
    </extensions>
   </trkpt>
   <trkpt lat="47.2204119" lon="38.9276281">
    <ele>8</ele>
    <time>2026-07-26T05:05:49Z</time>
    <extensions>
     <gpxdata:hr>166</gpxdata:hr>
     <gpxdata:distance>1029.50</gpxdata:distance>
     <gpxdata:cadence>79</gpxdata:cadence>
     <gpxdata:speed>3.717</gpxdata:speed>
    </extensions>
   </trkpt>
   <trkpt lat="47.2204442" lon="38.9276035">
    <ele>8</ele>
    <time>2026-07-26T05:05:50Z</time>
    <extensions>
     <gpxdata:hr>166</gpxdata:hr>
     <gpxdata:distance>1034.00</gpxdata:distance>
     <gpxdata:cadence>79</gpxdata:cadence>
     <gpxdata:speed>3.719</gpxdata:speed>
    </extensions>
   </trkpt>
   <trkpt lat="47.2204765" lon="38.9275789">
    <ele>8</ele>
    <time>2026-07-26T05:05:51Z</time>
    <extensions>
     <gpxdata:hr>166</gpxdata:hr>
     <gpxdata:distance>1037.50</gpxdata:distance>
     <gpxdata:cadence>79</gpxdata:cadence>
     <gpxdata:speed>3.722</gpxdata:speed>
    </extensions>
   </trkpt>
   <trkpt lat="47.2205061" lon="38.9275479">
    <ele>8</ele>
    <time>2026-07-26T05:05:52Z</time>
    <extensions>
     <gpxdata:hr>166</gpxdata:hr>
     <gpxdata:distance>1041.00</gpxdata:distance>
     <gpxdata:cadence>79</gpxdata:cadence>
     <gpxdata:speed>3.725</gpxdata:speed>
    </extensions>
   </trkpt>
   <trkpt lat="47.2205357" lon="38.9275170">
    <ele>8</ele>
    <time>2026-07-26T05:05:53Z</time>
    <extensions>
     <gpxdata:hr>166</gpxdata:hr>
     <gpxdata:distance>1045.50</gpxdata:distance>
     <gpxdata:cadence>79</gpxdata:cadence>
     <gpxdata:speed>3.731</gpxdata:speed>
    </extensions>
   </trkpt>
   <trkpt lat="47.2205619" lon="38.9274813">
    <ele>8</ele>
    <time>2026-07-26T05:05:54Z</time>
    <extensions>
     <gpxdata:hr>167</gpxdata:hr>
     <gpxdata:distance>1050.00</gpxdata:distance>
     <gpxdata:cadence>79</gpxdata:cadence>
     <gpxdata:speed>3.736</gpxdata:speed>
    </extensions>
   </trkpt>
   <trkpt lat="47.2205882" lon="38.9274457">
    <ele>8</ele>
    <time>2026-07-26T05:05:55Z</time>
    <extensions>
     <gpxdata:hr>167</gpxdata:hr>
     <gpxdata:distance>1053.50</gpxdata:distance>
     <gpxdata:cadence>79</gpxdata:cadence>
     <gpxdata:speed>3.742</gpxdata:speed>
    </extensions>
   </trkpt>
   <trkpt lat="47.2206096" lon="38.9274076">
    <ele>8</ele>
    <time>2026-07-26T05:05:56Z</time>
    <extensions>
     <gpxdata:hr>167</gpxdata:hr>
     <gpxdata:distance>1057.00</gpxdata:distance>
     <gpxdata:cadence>80</gpxdata:cadence>
     <gpxdata:speed>3.747</gpxdata:speed>
    </extensions>
   </trkpt>
   <trkpt lat="47.2206311" lon="38.9273695">
    <ele>8</ele>
    <time>2026-07-26T05:05:57Z</time>
    <extensions>
     <gpxdata:hr>167</gpxdata:hr>
     <gpxdata:distance>1060.50</gpxdata:distance>
     <gpxdata:cadence>80</gpxdata:cadence>
     <gpxdata:speed>3.750</gpxdata:speed>
    </extensions>
   </trkpt>
   <trkpt lat="47.2206521" lon="38.9273326">
    <ele>8</ele>
    <time>2026-07-26T05:05:58Z</time>
    <extensions>
     <gpxdata:hr>167</gpxdata:hr>
     <gpxdata:distance>1064.00</gpxdata:distance>
     <gpxdata:cadence>80</gpxdata:cadence>
     <gpxdata:speed>3.756</gpxdata:speed>
    </extensions>
   </trkpt>
   <trkpt lat="47.2206731" lon="38.9272957">
    <ele>8</ele>
    <time>2026-07-26T05:05:59Z</time>
    <extensions>
     <gpxdata:hr>167</gpxdata:hr>
     <gpxdata:distance>1067.50</gpxdata:distance>
     <gpxdata:cadence>79</gpxdata:cadence>
     <gpxdata:speed>3.758</gpxdata:speed>
    </extensions>
   </trkpt>
   <trkpt lat="47.2206950" lon="38.9272585">
    <ele>8</ele>
    <time>2026-07-26T05:06:00Z</time>
    <extensions>
     <gpxdata:hr>167</gpxdata:hr>
     <gpxdata:distance>1071.00</gpxdata:distance>
     <gpxdata:cadence>79</gpxdata:cadence>
     <gpxdata:speed>3.761</gpxdata:speed>
    </extensions>
   </trkpt>
   <trkpt lat="47.2207170" lon="38.9272214">
    <ele>8</ele>
    <time>2026-07-26T05:06:01Z</time>
    <extensions>
     <gpxdata:hr>167</gpxdata:hr>
     <gpxdata:distance>1075.00</gpxdata:distance>
     <gpxdata:cadence>79</gpxdata:cadence>
     <gpxdata:speed>3.761</gpxdata:speed>
    </extensions>
   </trkpt>
   <trkpt lat="47.2207389" lon="38.9271814">
    <ele>8</ele>
    <time>2026-07-26T05:06:02Z</time>
    <extensions>
     <gpxdata:hr>167</gpxdata:hr>
     <gpxdata:distance>1079.00</gpxdata:distance>
     <gpxdata:cadence>79</gpxdata:cadence>
     <gpxdata:speed>3.761</gpxdata:speed>
    </extensions>
   </trkpt>
   <trkpt lat="47.2207608" lon="38.9271414">
    <ele>8</ele>
    <time>2026-07-26T05:06:03Z</time>
    <extensions>
     <gpxdata:hr>167</gpxdata:hr>
     <gpxdata:distance>1083.00</gpxdata:distance>
     <gpxdata:cadence>79</gpxdata:cadence>
     <gpxdata:speed>3.761</gpxdata:speed>
    </extensions>
   </trkpt>
   <trkpt lat="47.2207836" lon="38.9271016">
    <ele>8</ele>
    <time>2026-07-26T05:06:04Z</time>
    <extensions>
     <gpxdata:hr>167</gpxdata:hr>
     <gpxdata:distance>1087.00</gpxdata:distance>
     <gpxdata:cadence>79</gpxdata:cadence>
     <gpxdata:speed>3.761</gpxdata:speed>
    </extensions>
   </trkpt>
   <trkpt lat="47.2208064" lon="38.9270619">
    <ele>8</ele>
    <time>2026-07-26T05:06:05Z</time>
    <extensions>
     <gpxdata:hr>168</gpxdata:hr>
     <gpxdata:distance>1091.00</gpxdata:distance>
     <gpxdata:cadence>79</gpxdata:cadence>
     <gpxdata:speed>3.764</gpxdata:speed>
    </extensions>
   </trkpt>
   <trkpt lat="47.2208300" lon="38.9270240">
    <ele>8</ele>
    <time>2026-07-26T05:06:06Z</time>
    <extensions>
     <gpxdata:hr>168</gpxdata:hr>
     <gpxdata:distance>1095.00</gpxdata:distance>
     <gpxdata:cadence>79</gpxdata:cadence>
     <gpxdata:speed>3.767</gpxdata:speed>
    </extensions>
   </trkpt>
   <trkpt lat="47.2208537" lon="38.9269861">
    <ele>8</ele>
    <time>2026-07-26T05:06:07Z</time>
    <extensions>
     <gpxdata:hr>168</gpxdata:hr>
     <gpxdata:distance>1099.00</gpxdata:distance>
     <gpxdata:cadence>79</gpxdata:cadence>
     <gpxdata:speed>3.767</gpxdata:speed>
    </extensions>
   </trkpt>
   <trkpt lat="47.2208793" lon="38.9269488">
    <ele>8</ele>
    <time>2026-07-26T05:06:08Z</time>
    <extensions>
     <gpxdata:hr>168</gpxdata:hr>
     <gpxdata:distance>1103.00</gpxdata:distance>
     <gpxdata:cadence>80</gpxdata:cadence>
     <gpxdata:speed>3.769</gpxdata:speed>
    </extensions>
   </trkpt>
   <trkpt lat="47.2209050" lon="38.9269115">
    <ele>8</ele>
    <time>2026-07-26T05:06:09Z</time>
    <extensions>
     <gpxdata:hr>168</gpxdata:hr>
     <gpxdata:distance>1107.00</gpxdata:distance>
     <gpxdata:cadence>80</gpxdata:cadence>
     <gpxdata:speed>3.772</gpxdata:speed>
    </extensions>
   </trkpt>
   <trkpt lat="47.2209297" lon="38.9268765">
    <ele>8</ele>
    <time>2026-07-26T05:06:10Z</time>
    <extensions>
     <gpxdata:hr>167</gpxdata:hr>
     <gpxdata:distance>1111.00</gpxdata:distance>
     <gpxdata:cadence>80</gpxdata:cadence>
     <gpxdata:speed>3.775</gpxdata:speed>
    </extensions>
   </trkpt>
   <trkpt lat="47.2209544" lon="38.9268416">
    <ele>8</ele>
    <time>2026-07-26T05:06:11Z</time>
    <extensions>
     <gpxdata:hr>167</gpxdata:hr>
     <gpxdata:distance>1114.50</gpxdata:distance>
     <gpxdata:cadence>80</gpxdata:cadence>
     <gpxdata:speed>3.778</gpxdata:speed>
    </extensions>
   </trkpt>
   <trkpt lat="47.2209770" lon="38.9268058">
    <ele>8</ele>
    <time>2026-07-26T05:06:12Z</time>
    <extensions>
     <gpxdata:hr>167</gpxdata:hr>
     <gpxdata:distance>1118.00</gpxdata:distance>
     <gpxdata:cadence>80</gpxdata:cadence>
     <gpxdata:speed>3.781</gpxdata:speed>
    </extensions>
   </trkpt>
   <trkpt lat="47.2209996" lon="38.9267701">
    <ele>8</ele>
    <time>2026-07-26T05:06:13Z</time>
    <extensions>
     <gpxdata:hr>167</gpxdata:hr>
     <gpxdata:distance>1122.00</gpxdata:distance>
     <gpxdata:cadence>80</gpxdata:cadence>
     <gpxdata:speed>3.781</gpxdata:speed>
    </extensions>
   </trkpt>
   <trkpt lat="47.2210093" lon="38.9267322">
    <ele>8</ele>
    <time>2026-07-26T05:06:14Z</time>
    <extensions>
     <gpxdata:hr>167</gpxdata:hr>
     <gpxdata:distance>1126.00</gpxdata:distance>
     <gpxdata:cadence>80</gpxdata:cadence>
     <gpxdata:speed>3.783</gpxdata:speed>
    </extensions>
   </trkpt>
   <trkpt lat="47.2210190" lon="38.9266944">
    <ele>8</ele>
    <time>2026-07-26T05:06:15Z</time>
    <extensions>
     <gpxdata:hr>168</gpxdata:hr>
     <gpxdata:distance>1128.00</gpxdata:distance>
     <gpxdata:cadence>80</gpxdata:cadence>
     <gpxdata:speed>3.781</gpxdata:speed>
    </extensions>
   </trkpt>
   <trkpt lat="47.2210108" lon="38.9266643">
    <ele>8</ele>
    <time>2026-07-26T05:06:16Z</time>
    <extensions>
     <gpxdata:hr>168</gpxdata:hr>
     <gpxdata:distance>1130.00</gpxdata:distance>
     <gpxdata:cadence>80</gpxdata:cadence>
     <gpxdata:speed>3.781</gpxdata:speed>
    </extensions>
   </trkpt>
   <trkpt lat="47.2210026" lon="38.9266343">
    <ele>8</ele>
    <time>2026-07-26T05:06:17Z</time>
    <extensions>
     <gpxdata:hr>168</gpxdata:hr>
     <gpxdata:distance>1134.00</gpxdata:distance>
     <gpxdata:cadence>80</gpxdata:cadence>
     <gpxdata:speed>3.778</gpxdata:speed>
    </extensions>
   </trkpt>
   <trkpt lat="47.2209773" lon="38.9266034">
    <ele>8</ele>
    <time>2026-07-26T05:06:18Z</time>
    <extensions>
     <gpxdata:hr>168</gpxdata:hr>
     <gpxdata:distance>1138.00</gpxdata:distance>
     <gpxdata:cadence>80</gpxdata:cadence>
     <gpxdata:speed>3.778</gpxdata:speed>
    </extensions>
   </trkpt>
   <trkpt lat="47.2209521" lon="38.9265726">
    <ele>8</ele>
    <time>2026-07-26T05:06:19Z</time>
    <extensions>
     <gpxdata:hr>167</gpxdata:hr>
     <gpxdata:distance>1142.50</gpxdata:distance>
     <gpxdata:cadence>80</gpxdata:cadence>
     <gpxdata:speed>3.775</gpxdata:speed>
    </extensions>
   </trkpt>
   <trkpt lat="47.2209224" lon="38.9265338">
    <ele>8</ele>
    <time>2026-07-26T05:06:20Z</time>
    <extensions>
     <gpxdata:hr>167</gpxdata:hr>
     <gpxdata:distance>1147.00</gpxdata:distance>
     <gpxdata:cadence>80</gpxdata:cadence>
     <gpxdata:speed>3.772</gpxdata:speed>
    </extensions>
   </trkpt>
   <trkpt lat="47.2208928" lon="38.9264950">
    <ele>8</ele>
    <time>2026-07-26T05:06:21Z</time>
    <extensions>
     <gpxdata:hr>167</gpxdata:hr>
     <gpxdata:distance>1151.50</gpxdata:distance>
     <gpxdata:cadence>79</gpxdata:cadence>
     <gpxdata:speed>3.769</gpxdata:speed>
    </extensions>
   </trkpt>
   <trkpt lat="47.2208601" lon="38.9264531">
    <ele>8</ele>
    <time>2026-07-26T05:06:22Z</time>
    <extensions>
     <gpxdata:hr>167</gpxdata:hr>
     <gpxdata:distance>1156.00</gpxdata:distance>
     <gpxdata:cadence>79</gpxdata:cadence>
     <gpxdata:speed>3.769</gpxdata:speed>
    </extensions>
   </trkpt>
   <trkpt lat="47.2208274" lon="38.9264112">
    <ele>8</ele>
    <time>2026-07-26T05:06:23Z</time>
    <extensions>
     <gpxdata:hr>167</gpxdata:hr>
     <gpxdata:distance>1160.50</gpxdata:distance>
     <gpxdata:cadence>79</gpxdata:cadence>
     <gpxdata:speed>3.772</gpxdata:speed>
    </extensions>
   </trkpt>
   <trkpt lat="47.2207969" lon="38.9263750">
    <ele>8</ele>
    <time>2026-07-26T05:06:24Z</time>
    <extensions>
     <gpxdata:hr>168</gpxdata:hr>
     <gpxdata:distance>1165.00</gpxdata:distance>
     <gpxdata:cadence>79</gpxdata:cadence>
     <gpxdata:speed>3.775</gpxdata:speed>
    </extensions>
   </trkpt>
   <trkpt lat="47.2207664" lon="38.9263389">
    <ele>8</ele>
    <time>2026-07-26T05:06:25Z</time>
    <extensions>
     <gpxdata:hr>167</gpxdata:hr>
     <gpxdata:distance>1168.50</gpxdata:distance>
     <gpxdata:cadence>79</gpxdata:cadence>
     <gpxdata:speed>3.783</gpxdata:speed>
    </extensions>
   </trkpt>
   <trkpt lat="47.2207395" lon="38.9263068">
    <ele>8</ele>
    <time>2026-07-26T05:06:26Z</time>
    <extensions>
     <gpxdata:hr>167</gpxdata:hr>
     <gpxdata:distance>1172.00</gpxdata:distance>
     <gpxdata:cadence>79</gpxdata:cadence>
     <gpxdata:speed>3.794</gpxdata:speed>
    </extensions>
   </trkpt>
   <trkpt lat="47.2207127" lon="38.9262747">
    <ele>8</ele>
    <time>2026-07-26T05:06:27Z</time>
    <extensions>
     <gpxdata:hr>167</gpxdata:hr>
     <gpxdata:distance>1175.50</gpxdata:distance>
     <gpxdata:cadence>79</gpxdata:cadence>
     <gpxdata:speed>3.797</gpxdata:speed>
    </extensions>
   </trkpt>
   <trkpt lat="47.2206876" lon="38.9262436">
    <ele>8</ele>
    <time>2026-07-26T05:06:28Z</time>
    <extensions>
     <gpxdata:hr>167</gpxdata:hr>
     <gpxdata:distance>1179.00</gpxdata:distance>
     <gpxdata:cadence>79</gpxdata:cadence>
     <gpxdata:speed>3.800</gpxdata:speed>
    </extensions>
   </trkpt>
   <trkpt lat="47.2206625" lon="38.9262126">
    <ele>8</ele>
    <time>2026-07-26T05:06:29Z</time>
    <extensions>
     <gpxdata:hr>167</gpxdata:hr>
     <gpxdata:distance>1182.50</gpxdata:distance>
     <gpxdata:cadence>79</gpxdata:cadence>
     <gpxdata:speed>3.803</gpxdata:speed>
    </extensions>
   </trkpt>
   <trkpt lat="47.2206378" lon="38.9261801">
    <ele>8</ele>
    <time>2026-07-26T05:06:30Z</time>
    <extensions>
     <gpxdata:hr>167</gpxdata:hr>
     <gpxdata:distance>1186.00</gpxdata:distance>
     <gpxdata:cadence>79</gpxdata:cadence>
     <gpxdata:speed>3.806</gpxdata:speed>
    </extensions>
   </trkpt>
   <trkpt lat="47.2206132" lon="38.9261476">
    <ele>8</ele>
    <time>2026-07-26T05:06:31Z</time>
    <extensions>
     <gpxdata:hr>167</gpxdata:hr>
     <gpxdata:distance>1190.00</gpxdata:distance>
     <gpxdata:cadence>79</gpxdata:cadence>
     <gpxdata:speed>3.806</gpxdata:speed>
    </extensions>
   </trkpt>
   <trkpt lat="47.2205884" lon="38.9261149">
    <ele>8</ele>
    <time>2026-07-26T05:06:32Z</time>
    <extensions>
     <gpxdata:hr>167</gpxdata:hr>
     <gpxdata:distance>1194.00</gpxdata:distance>
     <gpxdata:cadence>79</gpxdata:cadence>
     <gpxdata:speed>3.806</gpxdata:speed>
    </extensions>
   </trkpt>
   <trkpt lat="47.2205637" lon="38.9260822">
    <ele>8</ele>
    <time>2026-07-26T05:06:33Z</time>
    <extensions>
     <gpxdata:hr>168</gpxdata:hr>
     <gpxdata:distance>1198.00</gpxdata:distance>
     <gpxdata:cadence>79</gpxdata:cadence>
     <gpxdata:speed>3.806</gpxdata:speed>
    </extensions>
   </trkpt>
   <trkpt lat="47.2205388" lon="38.9260512">
    <ele>8</ele>
    <time>2026-07-26T05:06:34Z</time>
    <extensions>
     <gpxdata:hr>167</gpxdata:hr>
     <gpxdata:distance>1202.00</gpxdata:distance>
     <gpxdata:cadence>79</gpxdata:cadence>
     <gpxdata:speed>3.806</gpxdata:speed>
    </extensions>
   </trkpt>
   <trkpt lat="47.2205140" lon="38.9260203">
    <ele>8</ele>
    <time>2026-07-26T05:06:35Z</time>
    <extensions>
     <gpxdata:hr>168</gpxdata:hr>
     <gpxdata:distance>1205.00</gpxdata:distance>
     <gpxdata:cadence>79</gpxdata:cadence>
     <gpxdata:speed>3.803</gpxdata:speed>
    </extensions>
   </trkpt>
   <trkpt lat="47.2204918" lon="38.9259867">
    <ele>8</ele>
    <time>2026-07-26T05:06:36Z</time>
    <extensions>
     <gpxdata:hr>167</gpxdata:hr>
     <gpxdata:distance>1208.00</gpxdata:distance>
     <gpxdata:cadence>80</gpxdata:cadence>
     <gpxdata:speed>3.803</gpxdata:speed>
    </extensions>
   </trkpt>
   <trkpt lat="47.2204697" lon="38.9259531">
    <ele>8</ele>
    <time>2026-07-26T05:06:37Z</time>
    <extensions>
     <gpxdata:hr>168</gpxdata:hr>
     <gpxdata:distance>1212.00</gpxdata:distance>
     <gpxdata:cadence>80</gpxdata:cadence>
     <gpxdata:speed>3.800</gpxdata:speed>
    </extensions>
   </trkpt>
   <trkpt lat="47.2204485" lon="38.9259159">
    <ele>8</ele>
    <time>2026-07-26T05:06:38Z</time>
    <extensions>
     <gpxdata:hr>168</gpxdata:hr>
     <gpxdata:distance>1216.00</gpxdata:distance>
     <gpxdata:cadence>80</gpxdata:cadence>
     <gpxdata:speed>3.800</gpxdata:speed>
    </extensions>
   </trkpt>
   <trkpt lat="47.2204273" lon="38.9258787">
    <ele>8</ele>
    <time>2026-07-26T05:06:39Z</time>
    <extensions>
     <gpxdata:hr>168</gpxdata:hr>
     <gpxdata:distance>1220.00</gpxdata:distance>
     <gpxdata:cadence>80</gpxdata:cadence>
     <gpxdata:speed>3.800</gpxdata:speed>
    </extensions>
   </trkpt>
   <trkpt lat="47.2204073" lon="38.9258387">
    <ele>8</ele>
    <time>2026-07-26T05:06:40Z</time>
    <extensions>
     <gpxdata:hr>168</gpxdata:hr>
     <gpxdata:distance>1224.00</gpxdata:distance>
     <gpxdata:cadence>80</gpxdata:cadence>
     <gpxdata:speed>3.800</gpxdata:speed>
    </extensions>
   </trkpt>
   <trkpt lat="47.2203874" lon="38.9257987">
    <ele>8</ele>
    <time>2026-07-26T05:06:41Z</time>
    <extensions>
     <gpxdata:hr>168</gpxdata:hr>
     <gpxdata:distance>1227.50</gpxdata:distance>
     <gpxdata:cadence>79</gpxdata:cadence>
     <gpxdata:speed>3.797</gpxdata:speed>
    </extensions>
   </trkpt>
   <trkpt lat="47.2203695" lon="38.9257625">
    <ele>8</ele>
    <time>2026-07-26T05:06:42Z</time>
    <extensions>
     <gpxdata:hr>168</gpxdata:hr>
     <gpxdata:distance>1231.00</gpxdata:distance>
     <gpxdata:cadence>79</gpxdata:cadence>
     <gpxdata:speed>3.797</gpxdata:speed>
    </extensions>
   </trkpt>
   <trkpt lat="47.2203517" lon="38.9257264">
    <ele>8</ele>
    <time>2026-07-26T05:06:43Z</time>
    <extensions>
     <gpxdata:hr>168</gpxdata:hr>
     <gpxdata:distance>1233.50</gpxdata:distance>
     <gpxdata:cadence>79</gpxdata:cadence>
     <gpxdata:speed>3.794</gpxdata:speed>
    </extensions>
   </trkpt>
   <trkpt lat="47.2203369" lon="38.9256874">
    <ele>8</ele>
    <time>2026-07-26T05:06:44Z</time>
    <extensions>
     <gpxdata:hr>168</gpxdata:hr>
     <gpxdata:distance>1236.00</gpxdata:distance>
     <gpxdata:cadence>79</gpxdata:cadence>
     <gpxdata:speed>3.794</gpxdata:speed>
    </extensions>
   </trkpt>
   <trkpt lat="47.2203222" lon="38.9256484">
    <ele>8</ele>
    <time>2026-07-26T05:06:45Z</time>
    <extensions>
     <gpxdata:hr>168</gpxdata:hr>
     <gpxdata:distance>1240.00</gpxdata:distance>
     <gpxdata:cadence>79</gpxdata:cadence>
     <gpxdata:speed>3.789</gpxdata:speed>
    </extensions>
   </trkpt>
   <trkpt lat="47.2203097" lon="38.9256044">
    <ele>8</ele>
    <time>2026-07-26T05:06:46Z</time>
    <extensions>
     <gpxdata:hr>168</gpxdata:hr>
     <gpxdata:distance>1244.00</gpxdata:distance>
     <gpxdata:cadence>79</gpxdata:cadence>
     <gpxdata:speed>3.783</gpxdata:speed>
    </extensions>
   </trkpt>
   <trkpt lat="47.2202972" lon="38.9255605">
    <ele>8</ele>
    <time>2026-07-26T05:06:47Z</time>
    <extensions>
     <gpxdata:hr>168</gpxdata:hr>
     <gpxdata:distance>1248.00</gpxdata:distance>
     <gpxdata:cadence>79</gpxdata:cadence>
     <gpxdata:speed>3.772</gpxdata:speed>
    </extensions>
   </trkpt>
   <trkpt lat="47.2202849" lon="38.9255147">
    <ele>8</ele>
    <time>2026-07-26T05:06:48Z</time>
    <extensions>
     <gpxdata:hr>168</gpxdata:hr>
     <gpxdata:distance>1252.00</gpxdata:distance>
     <gpxdata:cadence>79</gpxdata:cadence>
     <gpxdata:speed>3.761</gpxdata:speed>
    </extensions>
   </trkpt>
   <trkpt lat="47.2202726" lon="38.9254690">
    <ele>8</ele>
    <time>2026-07-26T05:06:49Z</time>
    <extensions>
     <gpxdata:hr>169</gpxdata:hr>
     <gpxdata:distance>1255.50</gpxdata:distance>
     <gpxdata:cadence>79</gpxdata:cadence>
     <gpxdata:speed>3.756</gpxdata:speed>
    </extensions>
   </trkpt>
   <trkpt lat="47.2202600" lon="38.9254222">
    <ele>9</ele>
    <time>2026-07-26T05:06:50Z</time>
    <extensions>
     <gpxdata:hr>169</gpxdata:hr>
     <gpxdata:distance>1259.00</gpxdata:distance>
     <gpxdata:cadence>80</gpxdata:cadence>
     <gpxdata:speed>3.750</gpxdata:speed>
    </extensions>
   </trkpt>
   <trkpt lat="47.2202474" lon="38.9253755">
    <ele>9</ele>
    <time>2026-07-26T05:06:51Z</time>
    <extensions>
     <gpxdata:hr>169</gpxdata:hr>
     <gpxdata:distance>1263.00</gpxdata:distance>
     <gpxdata:cadence>80</gpxdata:cadence>
     <gpxdata:speed>3.747</gpxdata:speed>
    </extensions>
   </trkpt>
   <trkpt lat="47.2202379" lon="38.9253310">
    <ele>9</ele>
    <time>2026-07-26T05:06:52Z</time>
    <extensions>
     <gpxdata:hr>169</gpxdata:hr>
     <gpxdata:distance>1267.00</gpxdata:distance>
     <gpxdata:cadence>80</gpxdata:cadence>
     <gpxdata:speed>3.747</gpxdata:speed>
    </extensions>
   </trkpt>
   <trkpt lat="47.2202284" lon="38.9252865">
    <ele>9</ele>
    <time>2026-07-26T05:06:53Z</time>
    <extensions>
     <gpxdata:hr>169</gpxdata:hr>
     <gpxdata:distance>1270.00</gpxdata:distance>
     <gpxdata:cadence>80</gpxdata:cadence>
     <gpxdata:speed>3.744</gpxdata:speed>
    </extensions>
   </trkpt>
   <trkpt lat="47.2202252" lon="38.9252465">
    <ele>9</ele>
    <time>2026-07-26T05:06:54Z</time>
    <extensions>
     <gpxdata:hr>169</gpxdata:hr>
     <gpxdata:distance>1273.00</gpxdata:distance>
     <gpxdata:cadence>80</gpxdata:cadence>
     <gpxdata:speed>3.744</gpxdata:speed>
    </extensions>
   </trkpt>
   <trkpt lat="47.2202221" lon="38.9252066">
    <ele>9</ele>
    <time>2026-07-26T05:06:55Z</time>
    <extensions>
     <gpxdata:hr>169</gpxdata:hr>
     <gpxdata:distance>1275.50</gpxdata:distance>
     <gpxdata:cadence>80</gpxdata:cadence>
     <gpxdata:speed>3.739</gpxdata:speed>
    </extensions>
   </trkpt>
   <trkpt lat="47.2202301" lon="38.9251719">
    <ele>9</ele>
    <time>2026-07-26T05:06:56Z</time>
    <extensions>
     <gpxdata:hr>169</gpxdata:hr>
     <gpxdata:distance>1278.00</gpxdata:distance>
     <gpxdata:cadence>80</gpxdata:cadence>
     <gpxdata:speed>3.733</gpxdata:speed>
    </extensions>
   </trkpt>
   <trkpt lat="47.2202381" lon="38.9251373">
    <ele>9</ele>
    <time>2026-07-26T05:06:57Z</time>
    <extensions>
     <gpxdata:hr>169</gpxdata:hr>
     <gpxdata:distance>1281.00</gpxdata:distance>
     <gpxdata:cadence>80</gpxdata:cadence>
     <gpxdata:speed>3.714</gpxdata:speed>
    </extensions>
   </trkpt>
   <trkpt lat="47.2202560" lon="38.9251054">
    <ele>9</ele>
    <time>2026-07-26T05:06:58Z</time>
    <extensions>
     <gpxdata:hr>169</gpxdata:hr>
     <gpxdata:distance>1284.00</gpxdata:distance>
     <gpxdata:cadence>80</gpxdata:cadence>
     <gpxdata:speed>3.694</gpxdata:speed>
    </extensions>
   </trkpt>
   <trkpt lat="47.2202739" lon="38.9250735">
    <ele>9</ele>
    <time>2026-07-26T05:06:59Z</time>
    <extensions>
     <gpxdata:hr>169</gpxdata:hr>
     <gpxdata:distance>1288.00</gpxdata:distance>
     <gpxdata:cadence>79</gpxdata:cadence>
     <gpxdata:speed>3.658</gpxdata:speed>
    </extensions>
   </trkpt>
   <trkpt lat="47.2202982" lon="38.9250415">
    <ele>9</ele>
    <time>2026-07-26T05:07:00Z</time>
    <extensions>
     <gpxdata:hr>169</gpxdata:hr>
     <gpxdata:distance>1292.00</gpxdata:distance>
     <gpxdata:cadence>79</gpxdata:cadence>
     <gpxdata:speed>3.622</gpxdata:speed>
    </extensions>
   </trkpt>
   <trkpt lat="47.2203226" lon="38.9250095">
    <ele>9</ele>
    <time>2026-07-26T05:07:01Z</time>
    <extensions>
     <gpxdata:hr>169</gpxdata:hr>
     <gpxdata:distance>1296.00</gpxdata:distance>
     <gpxdata:cadence>79</gpxdata:cadence>
     <gpxdata:speed>3.592</gpxdata:speed>
    </extensions>
   </trkpt>
   <trkpt lat="47.2203497" lon="38.9249781">
    <ele>9</ele>
    <time>2026-07-26T05:07:02Z</time>
    <extensions>
     <gpxdata:hr>169</gpxdata:hr>
     <gpxdata:distance>1300.00</gpxdata:distance>
     <gpxdata:cadence>79</gpxdata:cadence>
     <gpxdata:speed>3.561</gpxdata:speed>
    </extensions>
   </trkpt>
   <trkpt lat="47.2203768" lon="38.9249468">
    <ele>9</ele>
    <time>2026-07-26T05:07:03Z</time>
    <extensions>
     <gpxdata:hr>169</gpxdata:hr>
     <gpxdata:distance>1303.50</gpxdata:distance>
     <gpxdata:cadence>79</gpxdata:cadence>
     <gpxdata:speed>3.547</gpxdata:speed>
    </extensions>
   </trkpt>
   <trkpt lat="47.2204048" lon="38.9249164">
    <ele>9</ele>
    <time>2026-07-26T05:07:04Z</time>
    <extensions>
     <gpxdata:hr>169</gpxdata:hr>
     <gpxdata:distance>1307.00</gpxdata:distance>
     <gpxdata:cadence>79</gpxdata:cadence>
     <gpxdata:speed>3.533</gpxdata:speed>
    </extensions>
   </trkpt>
   <trkpt lat="47.2204329" lon="38.9248860">
    <ele>9</ele>
    <time>2026-07-26T05:07:05Z</time>
    <extensions>
     <gpxdata:hr>170</gpxdata:hr>
     <gpxdata:distance>1310.50</gpxdata:distance>
     <gpxdata:cadence>79</gpxdata:cadence>
     <gpxdata:speed>3.533</gpxdata:speed>
    </extensions>
   </trkpt>
   <trkpt lat="47.2204581" lon="38.9248541">
    <ele>9</ele>
    <time>2026-07-26T05:07:06Z</time>
    <extensions>
     <gpxdata:hr>170</gpxdata:hr>
     <gpxdata:distance>1314.00</gpxdata:distance>
     <gpxdata:cadence>79</gpxdata:cadence>
     <gpxdata:speed>3.536</gpxdata:speed>
    </extensions>
   </trkpt>
   <trkpt lat="47.2204834" lon="38.9248222">
    <ele>9</ele>
    <time>2026-07-26T05:07:07Z</time>
    <extensions>
     <gpxdata:hr>171</gpxdata:hr>
     <gpxdata:distance>1317.50</gpxdata:distance>
     <gpxdata:cadence>79</gpxdata:cadence>
     <gpxdata:speed>3.539</gpxdata:speed>
    </extensions>
   </trkpt>
   <trkpt lat="47.2205080" lon="38.9247912">
    <ele>9</ele>
    <time>2026-07-26T05:07:08Z</time>
    <extensions>
     <gpxdata:hr>171</gpxdata:hr>
     <gpxdata:distance>1321.00</gpxdata:distance>
     <gpxdata:cadence>79</gpxdata:cadence>
     <gpxdata:speed>3.544</gpxdata:speed>
    </extensions>
   </trkpt>
   <trkpt lat="47.2205326" lon="38.9247603">
    <ele>9</ele>
    <time>2026-07-26T05:07:09Z</time>
    <extensions>
     <gpxdata:hr>172</gpxdata:hr>
     <gpxdata:distance>1324.50</gpxdata:distance>
     <gpxdata:cadence>78</gpxdata:cadence>
     <gpxdata:speed>3.547</gpxdata:speed>
    </extensions>
   </trkpt>
   <trkpt lat="47.2205557" lon="38.9247361">
    <ele>9</ele>
    <time>2026-07-26T05:07:10Z</time>
    <extensions>
     <gpxdata:hr>172</gpxdata:hr>
     <gpxdata:distance>1328.00</gpxdata:distance>
     <gpxdata:cadence>78</gpxdata:cadence>
     <gpxdata:speed>3.550</gpxdata:speed>
    </extensions>
   </trkpt>
   <trkpt lat="47.2205788" lon="38.9247119">
    <ele>9</ele>
    <time>2026-07-26T05:07:11Z</time>
    <extensions>
     <gpxdata:hr>171</gpxdata:hr>
     <gpxdata:distance>1330.50</gpxdata:distance>
     <gpxdata:cadence>78</gpxdata:cadence>
     <gpxdata:speed>3.550</gpxdata:speed>
    </extensions>
   </trkpt>
   <trkpt lat="47.2206029" lon="38.9247026">
    <ele>9</ele>
    <time>2026-07-26T05:07:12Z</time>
    <extensions>
     <gpxdata:hr>171</gpxdata:hr>
     <gpxdata:distance>1333.00</gpxdata:distance>
     <gpxdata:cadence>78</gpxdata:cadence>
     <gpxdata:speed>3.550</gpxdata:speed>
    </extensions>
   </trkpt>
   <trkpt lat="47.2206270" lon="38.9246933">
    <ele>9</ele>
    <time>2026-07-26T05:07:13Z</time>
    <extensions>
     <gpxdata:hr>171</gpxdata:hr>
     <gpxdata:distance>1336.50</gpxdata:distance>
     <gpxdata:cadence>78</gpxdata:cadence>
     <gpxdata:speed>3.544</gpxdata:speed>
    </extensions>
   </trkpt>
   <trkpt lat="47.2206539" lon="38.9247007">
    <ele>9</ele>
    <time>2026-07-26T05:07:14Z</time>
    <extensions>
     <gpxdata:hr>171</gpxdata:hr>
     <gpxdata:distance>1340.00</gpxdata:distance>
     <gpxdata:cadence>79</gpxdata:cadence>
     <gpxdata:speed>3.542</gpxdata:speed>
    </extensions>
   </trkpt>
   <trkpt lat="47.2206809" lon="38.9247082">
    <ele>9</ele>
    <time>2026-07-26T05:07:15Z</time>
    <extensions>
     <gpxdata:hr>171</gpxdata:hr>
     <gpxdata:distance>1344.00</gpxdata:distance>
     <gpxdata:cadence>79</gpxdata:cadence>
     <gpxdata:speed>3.536</gpxdata:speed>
    </extensions>
   </trkpt>
   <trkpt lat="47.2207042" lon="38.9247352">
    <ele>9</ele>
    <time>2026-07-26T05:07:16Z</time>
    <extensions>
     <gpxdata:hr>170</gpxdata:hr>
     <gpxdata:distance>1348.00</gpxdata:distance>
     <gpxdata:cadence>79</gpxdata:cadence>
     <gpxdata:speed>3.531</gpxdata:speed>
    </extensions>
   </trkpt>
   <trkpt lat="47.2207275" lon="38.9247623">
    <ele>9</ele>
    <time>2026-07-26T05:07:17Z</time>
    <extensions>
     <gpxdata:hr>170</gpxdata:hr>
     <gpxdata:distance>1351.00</gpxdata:distance>
     <gpxdata:cadence>78</gpxdata:cadence>
     <gpxdata:speed>3.528</gpxdata:speed>
    </extensions>
   </trkpt>
   <trkpt lat="47.2207443" lon="38.9247990">
    <ele>9</ele>
    <time>2026-07-26T05:07:18Z</time>
    <extensions>
     <gpxdata:hr>170</gpxdata:hr>
     <gpxdata:distance>1354.00</gpxdata:distance>
     <gpxdata:cadence>78</gpxdata:cadence>
     <gpxdata:speed>3.528</gpxdata:speed>
    </extensions>
   </trkpt>
   <trkpt lat="47.2207612" lon="38.9248357">
    <ele>9</ele>
    <time>2026-07-26T05:07:19Z</time>
    <extensions>
     <gpxdata:hr>170</gpxdata:hr>
     <gpxdata:distance>1357.50</gpxdata:distance>
     <gpxdata:cadence>78</gpxdata:cadence>
     <gpxdata:speed>3.528</gpxdata:speed>
    </extensions>
   </trkpt>
   <trkpt lat="47.2207762" lon="38.9248775">
    <ele>9</ele>
    <time>2026-07-26T05:07:20Z</time>
    <extensions>
     <gpxdata:hr>170</gpxdata:hr>
     <gpxdata:distance>1361.00</gpxdata:distance>
     <gpxdata:cadence>78</gpxdata:cadence>
     <gpxdata:speed>3.528</gpxdata:speed>
    </extensions>
   </trkpt>
   <trkpt lat="47.2207913" lon="38.9249193">
    <ele>9</ele>
    <time>2026-07-26T05:07:21Z</time>
    <extensions>
     <gpxdata:hr>170</gpxdata:hr>
     <gpxdata:distance>1364.50</gpxdata:distance>
     <gpxdata:cadence>78</gpxdata:cadence>
     <gpxdata:speed>3.528</gpxdata:speed>
    </extensions>
   </trkpt>
   <trkpt lat="47.2208074" lon="38.9249618">
    <ele>9</ele>
    <time>2026-07-26T05:07:22Z</time>
    <extensions>
     <gpxdata:hr>170</gpxdata:hr>
     <gpxdata:distance>1368.00</gpxdata:distance>
     <gpxdata:cadence>78</gpxdata:cadence>
     <gpxdata:speed>3.528</gpxdata:speed>
    </extensions>
   </trkpt>
   <trkpt lat="47.2208235" lon="38.9250044">
    <ele>9</ele>
    <time>2026-07-26T05:07:23Z</time>
    <extensions>
     <gpxdata:hr>170</gpxdata:hr>
     <gpxdata:distance>1372.00</gpxdata:distance>
     <gpxdata:cadence>78</gpxdata:cadence>
     <gpxdata:speed>3.525</gpxdata:speed>
    </extensions>
   </trkpt>
   <trkpt lat="47.2208413" lon="38.9250465">
    <ele>9</ele>
    <time>2026-07-26T05:07:24Z</time>
    <extensions>
     <gpxdata:hr>170</gpxdata:hr>
     <gpxdata:distance>1376.00</gpxdata:distance>
     <gpxdata:cadence>78</gpxdata:cadence>
     <gpxdata:speed>3.525</gpxdata:speed>
    </extensions>
   </trkpt>
   <trkpt lat="47.2208591" lon="38.9250886">
    <ele>9</ele>
    <time>2026-07-26T05:07:25Z</time>
    <extensions>
     <gpxdata:hr>170</gpxdata:hr>
     <gpxdata:distance>1379.50</gpxdata:distance>
     <gpxdata:cadence>78</gpxdata:cadence>
     <gpxdata:speed>3.525</gpxdata:speed>
    </extensions>
   </trkpt>
   <trkpt lat="47.2208770" lon="38.9251308">
    <ele>8</ele>
    <time>2026-07-26T05:07:26Z</time>
    <extensions>
     <gpxdata:hr>170</gpxdata:hr>
     <gpxdata:distance>1383.00</gpxdata:distance>
     <gpxdata:cadence>78</gpxdata:cadence>
     <gpxdata:speed>3.525</gpxdata:speed>
    </extensions>
   </trkpt>
   <trkpt lat="47.2208949" lon="38.9251730">
    <ele>8</ele>
    <time>2026-07-26T05:07:27Z</time>
    <extensions>
     <gpxdata:hr>170</gpxdata:hr>
     <gpxdata:distance>1387.00</gpxdata:distance>
     <gpxdata:cadence>78</gpxdata:cadence>
     <gpxdata:speed>3.528</gpxdata:speed>
    </extensions>
   </trkpt>
   <trkpt lat="47.2209130" lon="38.9252170">
    <ele>8</ele>
    <time>2026-07-26T05:07:28Z</time>
    <extensions>
     <gpxdata:hr>170</gpxdata:hr>
     <gpxdata:distance>1391.00</gpxdata:distance>
     <gpxdata:cadence>78</gpxdata:cadence>
     <gpxdata:speed>3.531</gpxdata:speed>
    </extensions>
   </trkpt>
   <trkpt lat="47.2209311" lon="38.9252611">
    <ele>8</ele>
    <time>2026-07-26T05:07:29Z</time>
    <extensions>
     <gpxdata:hr>170</gpxdata:hr>
     <gpxdata:distance>1394.50</gpxdata:distance>
     <gpxdata:cadence>78</gpxdata:cadence>
     <gpxdata:speed>3.531</gpxdata:speed>
    </extensions>
   </trkpt>
   <trkpt lat="47.2209466" lon="38.9253037">
    <ele>8</ele>
    <time>2026-07-26T05:07:30Z</time>
    <extensions>
     <gpxdata:hr>169</gpxdata:hr>
     <gpxdata:distance>1398.00</gpxdata:distance>
     <gpxdata:cadence>78</gpxdata:cadence>
     <gpxdata:speed>3.533</gpxdata:speed>
    </extensions>
   </trkpt>
   <trkpt lat="47.2209622" lon="38.9253463">
    <ele>8</ele>
    <time>2026-07-26T05:07:31Z</time>
    <extensions>
     <gpxdata:hr>169</gpxdata:hr>
     <gpxdata:distance>1401.00</gpxdata:distance>
     <gpxdata:cadence>78</gpxdata:cadence>
     <gpxdata:speed>3.536</gpxdata:speed>
    </extensions>
   </trkpt>
   <trkpt lat="47.2209756" lon="38.9253837">
    <ele>8</ele>
    <time>2026-07-26T05:07:32Z</time>
    <extensions>
     <gpxdata:hr>168</gpxdata:hr>
     <gpxdata:distance>1404.00</gpxdata:distance>
     <gpxdata:cadence>78</gpxdata:cadence>
     <gpxdata:speed>3.542</gpxdata:speed>
    </extensions>
   </trkpt>
   <trkpt lat="47.2209891" lon="38.9254211">
    <ele>8</ele>
    <time>2026-07-26T05:07:33Z</time>
    <extensions>
     <gpxdata:hr>168</gpxdata:hr>
     <gpxdata:distance>1407.00</gpxdata:distance>
     <gpxdata:cadence>78</gpxdata:cadence>
     <gpxdata:speed>3.542</gpxdata:speed>
    </extensions>
   </trkpt>
   <trkpt lat="47.2210024" lon="38.9254566">
    <ele>8</ele>
    <time>2026-07-26T05:07:34Z</time>
    <extensions>
     <gpxdata:hr>168</gpxdata:hr>
     <gpxdata:distance>1410.00</gpxdata:distance>
     <gpxdata:cadence>78</gpxdata:cadence>
     <gpxdata:speed>3.544</gpxdata:speed>
    </extensions>
   </trkpt>
   <trkpt lat="47.2210158" lon="38.9254922">
    <ele>8</ele>
    <time>2026-07-26T05:07:35Z</time>
    <extensions>
     <gpxdata:hr>168</gpxdata:hr>
     <gpxdata:distance>1413.50</gpxdata:distance>
     <gpxdata:cadence>78</gpxdata:cadence>
     <gpxdata:speed>3.544</gpxdata:speed>
    </extensions>
   </trkpt>
   <trkpt lat="47.2210303" lon="38.9255313">
    <ele>8</ele>
    <time>2026-07-26T05:07:36Z</time>
    <extensions>
     <gpxdata:hr>168</gpxdata:hr>
     <gpxdata:distance>1417.00</gpxdata:distance>
     <gpxdata:cadence>79</gpxdata:cadence>
     <gpxdata:speed>3.547</gpxdata:speed>
    </extensions>
   </trkpt>
   <trkpt lat="47.2210448" lon="38.9255705">
    <ele>8</ele>
    <time>2026-07-26T05:07:37Z</time>
    <extensions>
     <gpxdata:hr>168</gpxdata:hr>
     <gpxdata:distance>1421.00</gpxdata:distance>
     <gpxdata:cadence>78</gpxdata:cadence>
     <gpxdata:speed>3.544</gpxdata:speed>
    </extensions>
   </trkpt>
   <trkpt lat="47.2210601" lon="38.9256159">
    <ele>8</ele>
    <time>2026-07-26T05:07:38Z</time>
    <extensions>
     <gpxdata:hr>168</gpxdata:hr>
     <gpxdata:distance>1425.00</gpxdata:distance>
     <gpxdata:cadence>78</gpxdata:cadence>
     <gpxdata:speed>3.542</gpxdata:speed>
    </extensions>
   </trkpt>
   <trkpt lat="47.2210755" lon="38.9256613">
    <ele>8</ele>
    <time>2026-07-26T05:07:39Z</time>
    <extensions>
     <gpxdata:hr>168</gpxdata:hr>
     <gpxdata:distance>1429.00</gpxdata:distance>
     <gpxdata:cadence>78</gpxdata:cadence>
     <gpxdata:speed>3.539</gpxdata:speed>
    </extensions>
   </trkpt>
   <trkpt lat="47.2210918" lon="38.9257096">
    <ele>8</ele>
    <time>2026-07-26T05:07:40Z</time>
    <extensions>
     <gpxdata:hr>168</gpxdata:hr>
     <gpxdata:distance>1433.00</gpxdata:distance>
     <gpxdata:cadence>78</gpxdata:cadence>
     <gpxdata:speed>3.536</gpxdata:speed>
    </extensions>
   </trkpt>
   <trkpt lat="47.2211081" lon="38.9257579">
    <ele>8</ele>
    <time>2026-07-26T05:07:41Z</time>
    <extensions>
     <gpxdata:hr>167</gpxdata:hr>
     <gpxdata:distance>1437.00</gpxdata:distance>
     <gpxdata:cadence>78</gpxdata:cadence>
     <gpxdata:speed>3.539</gpxdata:speed>
    </extensions>
   </trkpt>
   <trkpt lat="47.2211247" lon="38.9258043">
    <ele>8</ele>
    <time>2026-07-26T05:07:42Z</time>
    <extensions>
     <gpxdata:hr>167</gpxdata:hr>
     <gpxdata:distance>1441.00</gpxdata:distance>
     <gpxdata:cadence>78</gpxdata:cadence>
     <gpxdata:speed>3.544</gpxdata:speed>
    </extensions>
   </trkpt>
   <trkpt lat="47.2211413" lon="38.9258507">
    <ele>8</ele>
    <time>2026-07-26T05:07:43Z</time>
    <extensions>
     <gpxdata:hr>167</gpxdata:hr>
     <gpxdata:distance>1444.50</gpxdata:distance>
     <gpxdata:cadence>78</gpxdata:cadence>
     <gpxdata:speed>3.550</gpxdata:speed>
    </extensions>
   </trkpt>
   <trkpt lat="47.2211560" lon="38.9258962">
    <ele>8</ele>
    <time>2026-07-26T05:07:44Z</time>
    <extensions>
     <gpxdata:hr>167</gpxdata:hr>
     <gpxdata:distance>1448.00</gpxdata:distance>
     <gpxdata:cadence>78</gpxdata:cadence>
     <gpxdata:speed>3.556</gpxdata:speed>
    </extensions>
   </trkpt>
   <trkpt lat="47.2211707" lon="38.9259417">
    <ele>8</ele>
    <time>2026-07-26T05:07:45Z</time>
    <extensions>
     <gpxdata:hr>167</gpxdata:hr>
     <gpxdata:distance>1452.00</gpxdata:distance>
     <gpxdata:cadence>78</gpxdata:cadence>
     <gpxdata:speed>3.564</gpxdata:speed>
    </extensions>
   </trkpt>
   <trkpt lat="47.2211843" lon="38.9259867">
    <ele>7</ele>
    <time>2026-07-26T05:07:46Z</time>
    <extensions>
     <gpxdata:hr>168</gpxdata:hr>
     <gpxdata:distance>1456.00</gpxdata:distance>
     <gpxdata:cadence>78</gpxdata:cadence>
     <gpxdata:speed>3.572</gpxdata:speed>
    </extensions>
   </trkpt>
   <trkpt lat="47.2211980" lon="38.9260317">
    <ele>7</ele>
    <time>2026-07-26T05:07:47Z</time>
    <extensions>
     <gpxdata:hr>168</gpxdata:hr>
     <gpxdata:distance>1459.50</gpxdata:distance>
     <gpxdata:cadence>78</gpxdata:cadence>
     <gpxdata:speed>3.578</gpxdata:speed>
    </extensions>
   </trkpt>
   <trkpt lat="47.2212086" lon="38.9260769">
    <ele>7</ele>
    <time>2026-07-26T05:07:48Z</time>
    <extensions>
     <gpxdata:hr>168</gpxdata:hr>
     <gpxdata:distance>1463.00</gpxdata:distance>
     <gpxdata:cadence>78</gpxdata:cadence>
     <gpxdata:speed>3.583</gpxdata:speed>
    </extensions>
   </trkpt>
   <trkpt lat="47.2212192" lon="38.9261222">
    <ele>7</ele>
    <time>2026-07-26T05:07:49Z</time>
    <extensions>
     <gpxdata:hr>168</gpxdata:hr>
     <gpxdata:distance>1466.50</gpxdata:distance>
     <gpxdata:cadence>78</gpxdata:cadence>
     <gpxdata:speed>3.586</gpxdata:speed>
    </extensions>
   </trkpt>
   <trkpt lat="47.2212262" lon="38.9261674">
    <ele>7</ele>
    <time>2026-07-26T05:07:50Z</time>
    <extensions>
     <gpxdata:hr>168</gpxdata:hr>
     <gpxdata:distance>1470.00</gpxdata:distance>
     <gpxdata:cadence>78</gpxdata:cadence>
     <gpxdata:speed>3.589</gpxdata:speed>
    </extensions>
   </trkpt>
   <trkpt lat="47.2212332" lon="38.9262126">
    <ele>7</ele>
    <time>2026-07-26T05:07:51Z</time>
    <extensions>
     <gpxdata:hr>168</gpxdata:hr>
     <gpxdata:distance>1473.50</gpxdata:distance>
     <gpxdata:cadence>78</gpxdata:cadence>
     <gpxdata:speed>3.589</gpxdata:speed>
    </extensions>
   </trkpt>
   <trkpt lat="47.2212316" lon="38.9262609">
    <ele>7</ele>
    <time>2026-07-26T05:07:52Z</time>
    <extensions>
     <gpxdata:hr>168</gpxdata:hr>
     <gpxdata:distance>1477.00</gpxdata:distance>
     <gpxdata:cadence>78</gpxdata:cadence>
     <gpxdata:speed>3.592</gpxdata:speed>
    </extensions>
   </trkpt>
   <trkpt lat="47.2212301" lon="38.9263093">
    <ele>7</ele>
    <time>2026-07-26T05:07:53Z</time>
    <extensions>
     <gpxdata:hr>169</gpxdata:hr>
     <gpxdata:distance>1481.50</gpxdata:distance>
     <gpxdata:cadence>78</gpxdata:cadence>
     <gpxdata:speed>3.592</gpxdata:speed>
    </extensions>
   </trkpt>
   <trkpt lat="47.2212182" lon="38.9263561">
    <ele>7</ele>
    <time>2026-07-26T05:07:54Z</time>
    <extensions>
     <gpxdata:hr>169</gpxdata:hr>
     <gpxdata:distance>1486.00</gpxdata:distance>
     <gpxdata:cadence>78</gpxdata:cadence>
     <gpxdata:speed>3.594</gpxdata:speed>
    </extensions>
   </trkpt>
   <trkpt lat="47.2212063" lon="38.9264029">
    <ele>7</ele>
    <time>2026-07-26T05:07:55Z</time>
    <extensions>
     <gpxdata:hr>169</gpxdata:hr>
     <gpxdata:distance>1489.50</gpxdata:distance>
     <gpxdata:cadence>78</gpxdata:cadence>
     <gpxdata:speed>3.597</gpxdata:speed>
    </extensions>
   </trkpt>
   <trkpt lat="47.2211871" lon="38.9264469">
    <ele>7</ele>
    <time>2026-07-26T05:07:56Z</time>
    <extensions>
     <gpxdata:hr>169</gpxdata:hr>
     <gpxdata:distance>1493.00</gpxdata:distance>
     <gpxdata:cadence>78</gpxdata:cadence>
     <gpxdata:speed>3.600</gpxdata:speed>
    </extensions>
   </trkpt>
   <trkpt lat="47.2211680" lon="38.9264909">
    <ele>7</ele>
    <time>2026-07-26T05:07:57Z</time>
    <extensions>
     <gpxdata:hr>168</gpxdata:hr>
     <gpxdata:distance>1497.00</gpxdata:distance>
     <gpxdata:cadence>78</gpxdata:cadence>
     <gpxdata:speed>3.606</gpxdata:speed>
    </extensions>
   </trkpt>
   <trkpt lat="47.2211461" lon="38.9265301">
    <ele>7</ele>
    <time>2026-07-26T05:07:58Z</time>
    <extensions>
     <gpxdata:hr>168</gpxdata:hr>
     <gpxdata:distance>1501.00</gpxdata:distance>
     <gpxdata:cadence>79</gpxdata:cadence>
     <gpxdata:speed>3.614</gpxdata:speed>
    </extensions>
   </trkpt>
   <trkpt lat="47.2211242" lon="38.9265694">
    <ele>7</ele>
    <time>2026-07-26T05:07:59Z</time>
    <extensions>
     <gpxdata:hr>168</gpxdata:hr>
     <gpxdata:distance>1504.50</gpxdata:distance>
     <gpxdata:cadence>79</gpxdata:cadence>
     <gpxdata:speed>3.617</gpxdata:speed>
    </extensions>
   </trkpt>
   <trkpt lat="47.2211022" lon="38.9266034">
    <ele>7</ele>
    <time>2026-07-26T05:08:00Z</time>
    <extensions>
     <gpxdata:hr>168</gpxdata:hr>
     <gpxdata:distance>1508.00</gpxdata:distance>
     <gpxdata:cadence>79</gpxdata:cadence>
     <gpxdata:speed>3.622</gpxdata:speed>
    </extensions>
   </trkpt>
   <trkpt lat="47.2210803" lon="38.9266375">
    <ele>7</ele>
    <time>2026-07-26T05:08:01Z</time>
    <extensions>
     <gpxdata:hr>168</gpxdata:hr>
     <gpxdata:distance>1511.50</gpxdata:distance>
     <gpxdata:cadence>79</gpxdata:cadence>
     <gpxdata:speed>3.622</gpxdata:speed>
    </extensions>
   </trkpt>
   <trkpt lat="47.2210575" lon="38.9266694">
    <ele>7</ele>
    <time>2026-07-26T05:08:02Z</time>
    <extensions>
     <gpxdata:hr>168</gpxdata:hr>
     <gpxdata:distance>1515.00</gpxdata:distance>
     <gpxdata:cadence>79</gpxdata:cadence>
     <gpxdata:speed>3.625</gpxdata:speed>
    </extensions>
   </trkpt>
   <trkpt lat="47.2210348" lon="38.9267013">
    <ele>7</ele>
    <time>2026-07-26T05:08:03Z</time>
    <extensions>
     <gpxdata:hr>168</gpxdata:hr>
     <gpxdata:distance>1518.50</gpxdata:distance>
     <gpxdata:cadence>79</gpxdata:cadence>
     <gpxdata:speed>3.628</gpxdata:speed>
    </extensions>
   </trkpt>
   <trkpt lat="47.2210104" lon="38.9267329">
    <ele>7</ele>
    <time>2026-07-26T05:08:04Z</time>
    <extensions>
     <gpxdata:hr>168</gpxdata:hr>
     <gpxdata:distance>1522.00</gpxdata:distance>
     <gpxdata:cadence>79</gpxdata:cadence>
     <gpxdata:speed>3.631</gpxdata:speed>
    </extensions>
   </trkpt>
   <trkpt lat="47.2209860" lon="38.9267645">
    <ele>7</ele>
    <time>2026-07-26T05:08:05Z</time>
    <extensions>
     <gpxdata:hr>168</gpxdata:hr>
     <gpxdata:distance>1526.00</gpxdata:distance>
     <gpxdata:cadence>79</gpxdata:cadence>
     <gpxdata:speed>3.631</gpxdata:speed>
    </extensions>
   </trkpt>
   <trkpt lat="47.2209625" lon="38.9267987">
    <ele>7</ele>
    <time>2026-07-26T05:08:06Z</time>
    <extensions>
     <gpxdata:hr>168</gpxdata:hr>
     <gpxdata:distance>1530.00</gpxdata:distance>
     <gpxdata:cadence>79</gpxdata:cadence>
     <gpxdata:speed>3.631</gpxdata:speed>
    </extensions>
   </trkpt>
   <trkpt lat="47.2209391" lon="38.9268329">
    <ele>7</ele>
    <time>2026-07-26T05:08:07Z</time>
    <extensions>
     <gpxdata:hr>168</gpxdata:hr>
     <gpxdata:distance>1533.50</gpxdata:distance>
     <gpxdata:cadence>78</gpxdata:cadence>
     <gpxdata:speed>3.631</gpxdata:speed>
    </extensions>
   </trkpt>
   <trkpt lat="47.2209167" lon="38.9268661">
    <ele>7</ele>
    <time>2026-07-26T05:08:08Z</time>
    <extensions>
     <gpxdata:hr>168</gpxdata:hr>
     <gpxdata:distance>1537.00</gpxdata:distance>
     <gpxdata:cadence>78</gpxdata:cadence>
     <gpxdata:speed>3.631</gpxdata:speed>
    </extensions>
   </trkpt>
   <trkpt lat="47.2208943" lon="38.9268994">
    <ele>7</ele>
    <time>2026-07-26T05:08:09Z</time>
    <extensions>
     <gpxdata:hr>168</gpxdata:hr>
     <gpxdata:distance>1540.00</gpxdata:distance>
     <gpxdata:cadence>78</gpxdata:cadence>
     <gpxdata:speed>3.631</gpxdata:speed>
    </extensions>
   </trkpt>
   <trkpt lat="47.2208727" lon="38.9269317">
    <ele>7</ele>
    <time>2026-07-26T05:08:10Z</time>
    <extensions>
     <gpxdata:hr>168</gpxdata:hr>
     <gpxdata:distance>1543.00</gpxdata:distance>
     <gpxdata:cadence>79</gpxdata:cadence>
     <gpxdata:speed>3.633</gpxdata:speed>
    </extensions>
   </trkpt>
   <trkpt lat="47.2208511" lon="38.9269640">
    <ele>7</ele>
    <time>2026-07-26T05:08:11Z</time>
    <extensions>
     <gpxdata:hr>168</gpxdata:hr>
     <gpxdata:distance>1546.50</gpxdata:distance>
     <gpxdata:cadence>79</gpxdata:cadence>
     <gpxdata:speed>3.633</gpxdata:speed>
    </extensions>
   </trkpt>
   <trkpt lat="47.2208300" lon="38.9269978">
    <ele>7</ele>
    <time>2026-07-26T05:08:12Z</time>
    <extensions>
     <gpxdata:hr>169</gpxdata:hr>
     <gpxdata:distance>1550.00</gpxdata:distance>
     <gpxdata:cadence>79</gpxdata:cadence>
     <gpxdata:speed>3.633</gpxdata:speed>
    </extensions>
   </trkpt>
   <trkpt lat="47.2208089" lon="38.9270316">
    <ele>7</ele>
    <time>2026-07-26T05:08:13Z</time>
    <extensions>
     <gpxdata:hr>169</gpxdata:hr>
     <gpxdata:distance>1553.50</gpxdata:distance>
     <gpxdata:cadence>79</gpxdata:cadence>
     <gpxdata:speed>3.631</gpxdata:speed>
    </extensions>
   </trkpt>
   <trkpt lat="47.2207904" lon="38.9270697">
    <ele>7</ele>
    <time>2026-07-26T05:08:14Z</time>
    <extensions>
     <gpxdata:hr>169</gpxdata:hr>
     <gpxdata:distance>1557.00</gpxdata:distance>
     <gpxdata:cadence>79</gpxdata:cadence>
     <gpxdata:speed>3.631</gpxdata:speed>
    </extensions>
   </trkpt>
   <trkpt lat="47.2207719" lon="38.9271079">
    <ele>7</ele>
    <time>2026-07-26T05:08:15Z</time>
    <extensions>
     <gpxdata:hr>169</gpxdata:hr>
     <gpxdata:distance>1561.00</gpxdata:distance>
     <gpxdata:cadence>79</gpxdata:cadence>
     <gpxdata:speed>3.628</gpxdata:speed>
    </extensions>
   </trkpt>
   <trkpt lat="47.2207524" lon="38.9271472">
    <ele>7</ele>
    <time>2026-07-26T05:08:16Z</time>
    <extensions>
     <gpxdata:hr>170</gpxdata:hr>
     <gpxdata:distance>1565.00</gpxdata:distance>
     <gpxdata:cadence>79</gpxdata:cadence>
     <gpxdata:speed>3.625</gpxdata:speed>
    </extensions>
   </trkpt>
   <trkpt lat="47.2207330" lon="38.9271866">
    <ele>7</ele>
    <time>2026-07-26T05:08:17Z</time>
    <extensions>
     <gpxdata:hr>170</gpxdata:hr>
     <gpxdata:distance>1568.50</gpxdata:distance>
     <gpxdata:cadence>79</gpxdata:cadence>
     <gpxdata:speed>3.622</gpxdata:speed>
    </extensions>
   </trkpt>
   <trkpt lat="47.2207150" lon="38.9272255">
    <ele>7</ele>
    <time>2026-07-26T05:08:18Z</time>
    <extensions>
     <gpxdata:hr>170</gpxdata:hr>
     <gpxdata:distance>1572.00</gpxdata:distance>
     <gpxdata:cadence>79</gpxdata:cadence>
     <gpxdata:speed>3.622</gpxdata:speed>
    </extensions>
   </trkpt>
   <trkpt lat="47.2206971" lon="38.9272644">
    <ele>7</ele>
    <time>2026-07-26T05:08:19Z</time>
    <extensions>
     <gpxdata:hr>171</gpxdata:hr>
     <gpxdata:distance>1575.00</gpxdata:distance>
     <gpxdata:cadence>78</gpxdata:cadence>
     <gpxdata:speed>3.617</gpxdata:speed>
    </extensions>
   </trkpt>
   <trkpt lat="47.2206850" lon="38.9273060">
    <ele>7</ele>
    <time>2026-07-26T05:08:20Z</time>
    <extensions>
     <gpxdata:hr>171</gpxdata:hr>
     <gpxdata:distance>1578.00</gpxdata:distance>
     <gpxdata:cadence>78</gpxdata:cadence>
     <gpxdata:speed>3.611</gpxdata:speed>
    </extensions>
   </trkpt>
   <trkpt lat="47.2206730" lon="38.9273477">
    <ele>7</ele>
    <time>2026-07-26T05:08:21Z</time>
    <extensions>
     <gpxdata:hr>171</gpxdata:hr>
     <gpxdata:distance>1582.00</gpxdata:distance>
     <gpxdata:cadence>78</gpxdata:cadence>
     <gpxdata:speed>3.608</gpxdata:speed>
    </extensions>
   </trkpt>
   <trkpt lat="47.2206629" lon="38.9273939">
    <ele>7</ele>
    <time>2026-07-26T05:08:22Z</time>
    <extensions>
     <gpxdata:hr>171</gpxdata:hr>
     <gpxdata:distance>1586.00</gpxdata:distance>
     <gpxdata:cadence>78</gpxdata:cadence>
     <gpxdata:speed>3.606</gpxdata:speed>
    </extensions>
   </trkpt>
   <trkpt lat="47.2206528" lon="38.9274402">
    <ele>7</ele>
    <time>2026-07-26T05:08:23Z</time>
    <extensions>
     <gpxdata:hr>171</gpxdata:hr>
     <gpxdata:distance>1590.00</gpxdata:distance>
     <gpxdata:cadence>78</gpxdata:cadence>
     <gpxdata:speed>3.603</gpxdata:speed>
    </extensions>
   </trkpt>
   <trkpt lat="47.2206460" lon="38.9274890">
    <ele>7</ele>
    <time>2026-07-26T05:08:24Z</time>
    <extensions>
     <gpxdata:hr>171</gpxdata:hr>
     <gpxdata:distance>1594.00</gpxdata:distance>
     <gpxdata:cadence>78</gpxdata:cadence>
     <gpxdata:speed>3.600</gpxdata:speed>
    </extensions>
   </trkpt>
   <trkpt lat="47.2206393" lon="38.9275378">
    <ele>7</ele>
    <time>2026-07-26T05:08:25Z</time>
    <extensions>
     <gpxdata:hr>171</gpxdata:hr>
     <gpxdata:distance>1597.00</gpxdata:distance>
     <gpxdata:cadence>77</gpxdata:cadence>
     <gpxdata:speed>3.600</gpxdata:speed>
    </extensions>
   </trkpt>
   <trkpt lat="47.2206457" lon="38.9275810">
    <ele>7</ele>
    <time>2026-07-26T05:08:26Z</time>
    <extensions>
     <gpxdata:hr>171</gpxdata:hr>
     <gpxdata:distance>1600.00</gpxdata:distance>
     <gpxdata:cadence>77</gpxdata:cadence>
     <gpxdata:speed>3.600</gpxdata:speed>
    </extensions>
   </trkpt>
   <trkpt lat="47.2206521" lon="38.9276243">
    <ele>7</ele>
    <time>2026-07-26T05:08:27Z</time>
    <extensions>
     <gpxdata:hr>171</gpxdata:hr>
     <gpxdata:distance>1604.00</gpxdata:distance>
     <gpxdata:cadence>77</gpxdata:cadence>
     <gpxdata:speed>3.600</gpxdata:speed>
    </extensions>
   </trkpt>
   <trkpt lat="47.2206702" lon="38.9276652">
    <ele>7</ele>
    <time>2026-07-26T05:08:28Z</time>
    <extensions>
     <gpxdata:hr>171</gpxdata:hr>
     <gpxdata:distance>1608.00</gpxdata:distance>
     <gpxdata:cadence>77</gpxdata:cadence>
     <gpxdata:speed>3.600</gpxdata:speed>
    </extensions>
   </trkpt>
   <trkpt lat="47.2206884" lon="38.9277061">
    <ele>7</ele>
    <time>2026-07-26T05:08:29Z</time>
    <extensions>
     <gpxdata:hr>170</gpxdata:hr>
     <gpxdata:distance>1612.50</gpxdata:distance>
     <gpxdata:cadence>77</gpxdata:cadence>
     <gpxdata:speed>3.600</gpxdata:speed>
    </extensions>
   </trkpt>
   <trkpt lat="47.2207147" lon="38.9277453">
    <ele>7</ele>
    <time>2026-07-26T05:08:30Z</time>
    <extensions>
     <gpxdata:hr>170</gpxdata:hr>
     <gpxdata:distance>1617.00</gpxdata:distance>
     <gpxdata:cadence>78</gpxdata:cadence>
     <gpxdata:speed>3.600</gpxdata:speed>
    </extensions>
   </trkpt>
   <trkpt lat="47.2207411" lon="38.9277846">
    <ele>7</ele>
    <time>2026-07-26T05:08:31Z</time>
    <extensions>
     <gpxdata:hr>170</gpxdata:hr>
     <gpxdata:distance>1621.00</gpxdata:distance>
     <gpxdata:cadence>77</gpxdata:cadence>
     <gpxdata:speed>3.603</gpxdata:speed>
    </extensions>
   </trkpt>
   <trkpt lat="47.2207723" lon="38.9278190">
    <ele>7</ele>
    <time>2026-07-26T05:08:32Z</time>
    <extensions>
     <gpxdata:hr>170</gpxdata:hr>
     <gpxdata:distance>1625.00</gpxdata:distance>
     <gpxdata:cadence>77</gpxdata:cadence>
     <gpxdata:speed>3.606</gpxdata:speed>
    </extensions>
   </trkpt>
   <trkpt lat="47.2208036" lon="38.9278534">
    <ele>7</ele>
    <time>2026-07-26T05:08:33Z</time>
    <extensions>
     <gpxdata:hr>169</gpxdata:hr>
     <gpxdata:distance>1629.00</gpxdata:distance>
     <gpxdata:cadence>77</gpxdata:cadence>
     <gpxdata:speed>3.608</gpxdata:speed>
    </extensions>
   </trkpt>
   <trkpt lat="47.2208351" lon="38.9278827">
    <ele>7</ele>
    <time>2026-07-26T05:08:34Z</time>
    <extensions>
     <gpxdata:hr>169</gpxdata:hr>
     <gpxdata:distance>1633.00</gpxdata:distance>
     <gpxdata:cadence>78</gpxdata:cadence>
     <gpxdata:speed>3.614</gpxdata:speed>
    </extensions>
   </trkpt>
   <trkpt lat="47.2208666" lon="38.9279120">
    <ele>7</ele>
    <time>2026-07-26T05:08:35Z</time>
    <extensions>
     <gpxdata:hr>169</gpxdata:hr>
     <gpxdata:distance>1637.00</gpxdata:distance>
     <gpxdata:cadence>78</gpxdata:cadence>
     <gpxdata:speed>3.631</gpxdata:speed>
    </extensions>
   </trkpt>
   <trkpt lat="47.2208955" lon="38.9279373">
    <ele>7</ele>
    <time>2026-07-26T05:08:36Z</time>
    <extensions>
     <gpxdata:hr>169</gpxdata:hr>
     <gpxdata:distance>1641.00</gpxdata:distance>
     <gpxdata:cadence>78</gpxdata:cadence>
     <gpxdata:speed>3.647</gpxdata:speed>
    </extensions>
   </trkpt>
   <trkpt lat="47.2209245" lon="38.9279626">
    <ele>7</ele>
    <time>2026-07-26T05:08:37Z</time>
    <extensions>
     <gpxdata:hr>170</gpxdata:hr>
     <gpxdata:distance>1644.00</gpxdata:distance>
     <gpxdata:cadence>77</gpxdata:cadence>
     <gpxdata:speed>3.661</gpxdata:speed>
    </extensions>
   </trkpt>
   <trkpt lat="47.2209506" lon="38.9279874">
    <ele>7</ele>
    <time>2026-07-26T05:08:38Z</time>
    <extensions>
     <gpxdata:hr>170</gpxdata:hr>
     <gpxdata:distance>1647.00</gpxdata:distance>
     <gpxdata:cadence>77</gpxdata:cadence>
     <gpxdata:speed>3.678</gpxdata:speed>
    </extensions>
   </trkpt>
   <trkpt lat="47.2209768" lon="38.9280123">
    <ele>7</ele>
    <time>2026-07-26T05:08:39Z</time>
    <extensions>
     <gpxdata:hr>170</gpxdata:hr>
     <gpxdata:distance>1650.50</gpxdata:distance>
     <gpxdata:cadence>77</gpxdata:cadence>
     <gpxdata:speed>3.686</gpxdata:speed>
    </extensions>
   </trkpt>
   <trkpt lat="47.2209972" lon="38.9280433">
    <ele>7</ele>
    <time>2026-07-26T05:08:40Z</time>
    <extensions>
     <gpxdata:hr>171</gpxdata:hr>
     <gpxdata:distance>1654.00</gpxdata:distance>
     <gpxdata:cadence>77</gpxdata:cadence>
     <gpxdata:speed>3.697</gpxdata:speed>
    </extensions>
   </trkpt>
   <trkpt lat="47.2210176" lon="38.9280743">
    <ele>6</ele>
    <time>2026-07-26T05:08:41Z</time>
    <extensions>
     <gpxdata:hr>171</gpxdata:hr>
     <gpxdata:distance>1657.50</gpxdata:distance>
     <gpxdata:cadence>77</gpxdata:cadence>
     <gpxdata:speed>3.700</gpxdata:speed>
    </extensions>
   </trkpt>
   <trkpt lat="47.2210360" lon="38.9281129">
    <ele>6</ele>
    <time>2026-07-26T05:08:42Z</time>
    <extensions>
     <gpxdata:hr>171</gpxdata:hr>
     <gpxdata:distance>1661.00</gpxdata:distance>
     <gpxdata:cadence>77</gpxdata:cadence>
     <gpxdata:speed>3.703</gpxdata:speed>
    </extensions>
   </trkpt>
   <trkpt lat="47.2210545" lon="38.9281516">
    <ele>6</ele>
    <time>2026-07-26T05:08:43Z</time>
    <extensions>
     <gpxdata:hr>171</gpxdata:hr>
     <gpxdata:distance>1665.00</gpxdata:distance>
     <gpxdata:cadence>77</gpxdata:cadence>
     <gpxdata:speed>3.694</gpxdata:speed>
    </extensions>
   </trkpt>
   <trkpt lat="47.2210740" lon="38.9281909">
    <ele>6</ele>
    <time>2026-07-26T05:08:44Z</time>
    <extensions>
     <gpxdata:hr>171</gpxdata:hr>
     <gpxdata:distance>1669.00</gpxdata:distance>
     <gpxdata:cadence>78</gpxdata:cadence>
     <gpxdata:speed>3.689</gpxdata:speed>
    </extensions>
   </trkpt>
   <trkpt lat="47.2210935" lon="38.9282303">
    <ele>6</ele>
    <time>2026-07-26T05:08:45Z</time>
    <extensions>
     <gpxdata:hr>171</gpxdata:hr>
     <gpxdata:distance>1672.50</gpxdata:distance>
     <gpxdata:cadence>78</gpxdata:cadence>
     <gpxdata:speed>3.683</gpxdata:speed>
    </extensions>
   </trkpt>
   <trkpt lat="47.2211159" lon="38.9282647">
    <ele>6</ele>
    <time>2026-07-26T05:08:46Z</time>
    <extensions>
     <gpxdata:hr>171</gpxdata:hr>
     <gpxdata:distance>1676.00</gpxdata:distance>
     <gpxdata:cadence>78</gpxdata:cadence>
     <gpxdata:speed>3.681</gpxdata:speed>
    </extensions>
   </trkpt>
   <trkpt lat="47.2211384" lon="38.9282991">
    <ele>6</ele>
    <time>2026-07-26T05:08:47Z</time>
    <extensions>
     <gpxdata:hr>171</gpxdata:hr>
     <gpxdata:distance>1679.50</gpxdata:distance>
     <gpxdata:cadence>78</gpxdata:cadence>
     <gpxdata:speed>3.678</gpxdata:speed>
    </extensions>
   </trkpt>
   <trkpt lat="47.2211623" lon="38.9283275">
    <ele>6</ele>
    <time>2026-07-26T05:08:48Z</time>
    <extensions>
     <gpxdata:hr>171</gpxdata:hr>
     <gpxdata:distance>1683.00</gpxdata:distance>
     <gpxdata:cadence>78</gpxdata:cadence>
     <gpxdata:speed>3.675</gpxdata:speed>
    </extensions>
   </trkpt>
   <trkpt lat="47.2211863" lon="38.9283559">
    <ele>6</ele>
    <time>2026-07-26T05:08:49Z</time>
    <extensions>
     <gpxdata:hr>170</gpxdata:hr>
     <gpxdata:distance>1686.00</gpxdata:distance>
     <gpxdata:cadence>78</gpxdata:cadence>
     <gpxdata:speed>3.672</gpxdata:speed>
    </extensions>
   </trkpt>
   <trkpt lat="47.2212144" lon="38.9283793">
    <ele>6</ele>
    <time>2026-07-26T05:08:50Z</time>
    <extensions>
     <gpxdata:hr>170</gpxdata:hr>
     <gpxdata:distance>1689.00</gpxdata:distance>
     <gpxdata:cadence>78</gpxdata:cadence>
     <gpxdata:speed>3.672</gpxdata:speed>
    </extensions>
   </trkpt>
   <trkpt lat="47.2212425" lon="38.9284027">
    <ele>6</ele>
    <time>2026-07-26T05:08:51Z</time>
    <extensions>
     <gpxdata:hr>170</gpxdata:hr>
     <gpxdata:distance>1693.50</gpxdata:distance>
     <gpxdata:cadence>78</gpxdata:cadence>
     <gpxdata:speed>3.669</gpxdata:speed>
    </extensions>
   </trkpt>
   <trkpt lat="47.2212753" lon="38.9284196">
    <ele>6</ele>
    <time>2026-07-26T05:08:52Z</time>
    <extensions>
     <gpxdata:hr>169</gpxdata:hr>
     <gpxdata:distance>1698.00</gpxdata:distance>
     <gpxdata:cadence>78</gpxdata:cadence>
     <gpxdata:speed>3.669</gpxdata:speed>
    </extensions>
   </trkpt>
   <trkpt lat="47.2213081" lon="38.9284366">
    <ele>6</ele>
    <time>2026-07-26T05:08:53Z</time>
    <extensions>
     <gpxdata:hr>169</gpxdata:hr>
     <gpxdata:distance>1702.00</gpxdata:distance>
     <gpxdata:cadence>78</gpxdata:cadence>
     <gpxdata:speed>3.669</gpxdata:speed>
    </extensions>
   </trkpt>
   <trkpt lat="47.2213415" lon="38.9284474">
    <ele>6</ele>
    <time>2026-07-26T05:08:54Z</time>
    <extensions>
     <gpxdata:hr>169</gpxdata:hr>
     <gpxdata:distance>1706.00</gpxdata:distance>
     <gpxdata:cadence>78</gpxdata:cadence>
     <gpxdata:speed>3.669</gpxdata:speed>
    </extensions>
   </trkpt>
   <trkpt lat="47.2213749" lon="38.9284583">
    <ele>6</ele>
    <time>2026-07-26T05:08:55Z</time>
    <extensions>
     <gpxdata:hr>168</gpxdata:hr>
     <gpxdata:distance>1709.00</gpxdata:distance>
     <gpxdata:cadence>77</gpxdata:cadence>
     <gpxdata:speed>3.669</gpxdata:speed>
    </extensions>
   </trkpt>
   <trkpt lat="47.2214056" lon="38.9284690">
    <ele>6</ele>
    <time>2026-07-26T05:08:56Z</time>
    <extensions>
     <gpxdata:hr>168</gpxdata:hr>
     <gpxdata:distance>1712.00</gpxdata:distance>
     <gpxdata:cadence>77</gpxdata:cadence>
     <gpxdata:speed>3.669</gpxdata:speed>
    </extensions>
   </trkpt>
   <trkpt lat="47.2214364" lon="38.9284797">
    <ele>6</ele>
    <time>2026-07-26T05:08:57Z</time>
    <extensions>
     <gpxdata:hr>168</gpxdata:hr>
     <gpxdata:distance>1715.50</gpxdata:distance>
     <gpxdata:cadence>77</gpxdata:cadence>
     <gpxdata:speed>3.669</gpxdata:speed>
    </extensions>
   </trkpt>
   <trkpt lat="47.2214665" lon="38.9284912">
    <ele>6</ele>
    <time>2026-07-26T05:08:58Z</time>
    <extensions>
     <gpxdata:hr>168</gpxdata:hr>
     <gpxdata:distance>1719.00</gpxdata:distance>
     <gpxdata:cadence>77</gpxdata:cadence>
     <gpxdata:speed>3.672</gpxdata:speed>
    </extensions>
   </trkpt>
   <trkpt lat="47.2214966" lon="38.9285028">
    <ele>6</ele>
    <time>2026-07-26T05:08:59Z</time>
    <extensions>
     <gpxdata:hr>168</gpxdata:hr>
     <gpxdata:distance>1722.50</gpxdata:distance>
     <gpxdata:cadence>77</gpxdata:cadence>
     <gpxdata:speed>3.672</gpxdata:speed>
    </extensions>
   </trkpt>
   <trkpt lat="47.2215265" lon="38.9285103">
    <ele>6</ele>
    <time>2026-07-26T05:09:00Z</time>
    <extensions>
     <gpxdata:hr>169</gpxdata:hr>
     <gpxdata:distance>1726.00</gpxdata:distance>
     <gpxdata:cadence>77</gpxdata:cadence>
     <gpxdata:speed>3.672</gpxdata:speed>
    </extensions>
   </trkpt>
   <trkpt lat="47.2215564" lon="38.9285178">
    <ele>6</ele>
    <time>2026-07-26T05:09:01Z</time>
    <extensions>
     <gpxdata:hr>169</gpxdata:hr>
     <gpxdata:distance>1729.50</gpxdata:distance>
     <gpxdata:cadence>77</gpxdata:cadence>
     <gpxdata:speed>3.669</gpxdata:speed>
    </extensions>
   </trkpt>
   <trkpt lat="47.2215856" lon="38.9285157">
    <ele>6</ele>
    <time>2026-07-26T05:09:02Z</time>
    <extensions>
     <gpxdata:hr>170</gpxdata:hr>
     <gpxdata:distance>1733.00</gpxdata:distance>
     <gpxdata:cadence>77</gpxdata:cadence>
     <gpxdata:speed>3.667</gpxdata:speed>
    </extensions>
   </trkpt>
   <trkpt lat="47.2216148" lon="38.9285136">
    <ele>6</ele>
    <time>2026-07-26T05:09:03Z</time>
    <extensions>
     <gpxdata:hr>170</gpxdata:hr>
     <gpxdata:distance>1736.00</gpxdata:distance>
     <gpxdata:cadence>77</gpxdata:cadence>
     <gpxdata:speed>3.661</gpxdata:speed>
    </extensions>
   </trkpt>
   <trkpt lat="47.2216434" lon="38.9285003">
    <ele>6</ele>
    <time>2026-07-26T05:09:04Z</time>
    <extensions>
     <gpxdata:hr>170</gpxdata:hr>
     <gpxdata:distance>1739.00</gpxdata:distance>
     <gpxdata:cadence>77</gpxdata:cadence>
     <gpxdata:speed>3.658</gpxdata:speed>
    </extensions>
   </trkpt>
   <trkpt lat="47.2216720" lon="38.9284871">
    <ele>6</ele>
    <time>2026-07-26T05:09:05Z</time>
    <extensions>
     <gpxdata:hr>170</gpxdata:hr>
     <gpxdata:distance>1743.00</gpxdata:distance>
     <gpxdata:cadence>77</gpxdata:cadence>
     <gpxdata:speed>3.653</gpxdata:speed>
    </extensions>
   </trkpt>
   <trkpt lat="47.2216989" lon="38.9284652">
    <ele>5</ele>
    <time>2026-07-26T05:09:06Z</time>
    <extensions>
     <gpxdata:hr>170</gpxdata:hr>
     <gpxdata:distance>1747.00</gpxdata:distance>
     <gpxdata:cadence>77</gpxdata:cadence>
     <gpxdata:speed>3.647</gpxdata:speed>
    </extensions>
   </trkpt>
   <trkpt lat="47.2217259" lon="38.9284433">
    <ele>5</ele>
    <time>2026-07-26T05:09:07Z</time>
    <extensions>
     <gpxdata:hr>170</gpxdata:hr>
     <gpxdata:distance>1750.00</gpxdata:distance>
     <gpxdata:cadence>77</gpxdata:cadence>
     <gpxdata:speed>3.642</gpxdata:speed>
    </extensions>
   </trkpt>
   <trkpt lat="47.2217526" lon="38.9284170">
    <ele>5</ele>
    <time>2026-07-26T05:09:08Z</time>
    <extensions>
     <gpxdata:hr>170</gpxdata:hr>
     <gpxdata:distance>1753.00</gpxdata:distance>
     <gpxdata:cadence>77</gpxdata:cadence>
     <gpxdata:speed>3.636</gpxdata:speed>
    </extensions>
   </trkpt>
   <trkpt lat="47.2217794" lon="38.9283907">
    <ele>5</ele>
    <time>2026-07-26T05:09:09Z</time>
    <extensions>
     <gpxdata:hr>170</gpxdata:hr>
     <gpxdata:distance>1757.00</gpxdata:distance>
     <gpxdata:cadence>77</gpxdata:cadence>
     <gpxdata:speed>3.631</gpxdata:speed>
    </extensions>
   </trkpt>
   <trkpt lat="47.2218062" lon="38.9283644">
    <ele>5</ele>
    <time>2026-07-26T05:09:10Z</time>
    <extensions>
     <gpxdata:hr>170</gpxdata:hr>
     <gpxdata:distance>1761.00</gpxdata:distance>
     <gpxdata:cadence>77</gpxdata:cadence>
     <gpxdata:speed>3.625</gpxdata:speed>
    </extensions>
   </trkpt>
   <trkpt lat="47.2218331" lon="38.9283382">
    <ele>5</ele>
    <time>2026-07-26T05:09:11Z</time>
    <extensions>
     <gpxdata:hr>170</gpxdata:hr>
     <gpxdata:distance>1764.50</gpxdata:distance>
     <gpxdata:cadence>77</gpxdata:cadence>
     <gpxdata:speed>3.619</gpxdata:speed>
    </extensions>
   </trkpt>
   <trkpt lat="47.2218605" lon="38.9283195">
    <ele>5</ele>
    <time>2026-07-26T05:09:12Z</time>
    <extensions>
     <gpxdata:hr>170</gpxdata:hr>
     <gpxdata:distance>1768.00</gpxdata:distance>
     <gpxdata:cadence>78</gpxdata:cadence>
     <gpxdata:speed>3.617</gpxdata:speed>
    </extensions>
   </trkpt>
   <trkpt lat="47.2218880" lon="38.9283008">
    <ele>5</ele>
    <time>2026-07-26T05:09:13Z</time>
    <extensions>
     <gpxdata:hr>171</gpxdata:hr>
     <gpxdata:distance>1771.00</gpxdata:distance>
     <gpxdata:cadence>78</gpxdata:cadence>
     <gpxdata:speed>3.614</gpxdata:speed>
    </extensions>
   </trkpt>
   <trkpt lat="47.2219168" lon="38.9282937">
    <ele>5</ele>
    <time>2026-07-26T05:09:14Z</time>
    <extensions>
     <gpxdata:hr>171</gpxdata:hr>
     <gpxdata:distance>1774.00</gpxdata:distance>
     <gpxdata:cadence>78</gpxdata:cadence>
     <gpxdata:speed>3.614</gpxdata:speed>
    </extensions>
   </trkpt>
   <trkpt lat="47.2219456" lon="38.9282866">
    <ele>5</ele>
    <time>2026-07-26T05:09:15Z</time>
    <extensions>
     <gpxdata:hr>171</gpxdata:hr>
     <gpxdata:distance>1777.00</gpxdata:distance>
     <gpxdata:cadence>78</gpxdata:cadence>
     <gpxdata:speed>3.608</gpxdata:speed>
    </extensions>
   </trkpt>
   <trkpt lat="47.2219746" lon="38.9282889">
    <ele>5</ele>
    <time>2026-07-26T05:09:16Z</time>
    <extensions>
     <gpxdata:hr>171</gpxdata:hr>
     <gpxdata:distance>1780.00</gpxdata:distance>
     <gpxdata:cadence>78</gpxdata:cadence>
     <gpxdata:speed>3.606</gpxdata:speed>
    </extensions>
   </trkpt>
   <trkpt lat="47.2220036" lon="38.9282912">
    <ele>5</ele>
    <time>2026-07-26T05:09:17Z</time>
    <extensions>
     <gpxdata:hr>171</gpxdata:hr>
     <gpxdata:distance>1783.50</gpxdata:distance>
     <gpxdata:cadence>78</gpxdata:cadence>
     <gpxdata:speed>3.597</gpxdata:speed>
    </extensions>
   </trkpt>
   <trkpt lat="47.2220345" lon="38.9282902">
    <ele>5</ele>
    <time>2026-07-26T05:09:18Z</time>
    <extensions>
     <gpxdata:hr>171</gpxdata:hr>
     <gpxdata:distance>1787.00</gpxdata:distance>
     <gpxdata:cadence>78</gpxdata:cadence>
     <gpxdata:speed>3.589</gpxdata:speed>
    </extensions>
   </trkpt>
   <trkpt lat="47.2220654" lon="38.9282892">
    <ele>5</ele>
    <time>2026-07-26T05:09:19Z</time>
    <extensions>
     <gpxdata:hr>171</gpxdata:hr>
     <gpxdata:distance>1790.50</gpxdata:distance>
     <gpxdata:cadence>78</gpxdata:cadence>
     <gpxdata:speed>3.581</gpxdata:speed>
    </extensions>
   </trkpt>
   <trkpt lat="47.2220918" lon="38.9282741">
    <ele>6</ele>
    <time>2026-07-26T05:09:20Z</time>
    <extensions>
     <gpxdata:hr>172</gpxdata:hr>
     <gpxdata:distance>1794.00</gpxdata:distance>
     <gpxdata:cadence>78</gpxdata:cadence>
     <gpxdata:speed>3.572</gpxdata:speed>
    </extensions>
   </trkpt>
   <trkpt lat="47.2221182" lon="38.9282590">
    <ele>6</ele>
    <time>2026-07-26T05:09:21Z</time>
    <extensions>
     <gpxdata:hr>172</gpxdata:hr>
     <gpxdata:distance>1797.00</gpxdata:distance>
     <gpxdata:cadence>78</gpxdata:cadence>
     <gpxdata:speed>3.564</gpxdata:speed>
    </extensions>
   </trkpt>
   <trkpt lat="47.2221364" lon="38.9282236">
    <ele>6</ele>
    <time>2026-07-26T05:09:22Z</time>
    <extensions>
     <gpxdata:hr>171</gpxdata:hr>
     <gpxdata:distance>1800.00</gpxdata:distance>
     <gpxdata:cadence>78</gpxdata:cadence>
     <gpxdata:speed>3.558</gpxdata:speed>
    </extensions>
   </trkpt>
   <trkpt lat="47.2221546" lon="38.9281882">
    <ele>6</ele>
    <time>2026-07-26T05:09:23Z</time>
    <extensions>
     <gpxdata:hr>171</gpxdata:hr>
     <gpxdata:distance>1804.00</gpxdata:distance>
     <gpxdata:cadence>77</gpxdata:cadence>
     <gpxdata:speed>3.553</gpxdata:speed>
    </extensions>
   </trkpt>
   <trkpt lat="47.2221619" lon="38.9281435">
    <ele>6</ele>
    <time>2026-07-26T05:09:24Z</time>
    <extensions>
     <gpxdata:hr>171</gpxdata:hr>
     <gpxdata:distance>1808.00</gpxdata:distance>
     <gpxdata:cadence>77</gpxdata:cadence>
     <gpxdata:speed>3.550</gpxdata:speed>
    </extensions>
   </trkpt>
   <trkpt lat="47.2221693" lon="38.9280989">
    <ele>6</ele>
    <time>2026-07-26T05:09:25Z</time>
    <extensions>
     <gpxdata:hr>170</gpxdata:hr>
     <gpxdata:distance>1811.00</gpxdata:distance>
     <gpxdata:cadence>77</gpxdata:cadence>
     <gpxdata:speed>3.547</gpxdata:speed>
    </extensions>
   </trkpt>
   <trkpt lat="47.2221694" lon="38.9280534">
    <ele>6</ele>
    <time>2026-07-26T05:09:26Z</time>
    <extensions>
     <gpxdata:hr>170</gpxdata:hr>
     <gpxdata:distance>1814.00</gpxdata:distance>
     <gpxdata:cadence>77</gpxdata:cadence>
     <gpxdata:speed>3.544</gpxdata:speed>
    </extensions>
   </trkpt>
   <trkpt lat="47.2221695" lon="38.9280079">
    <ele>6</ele>
    <time>2026-07-26T05:09:27Z</time>
    <extensions>
     <gpxdata:hr>170</gpxdata:hr>
     <gpxdata:distance>1817.50</gpxdata:distance>
     <gpxdata:cadence>77</gpxdata:cadence>
     <gpxdata:speed>3.536</gpxdata:speed>
    </extensions>
   </trkpt>
   <trkpt lat="47.2221659" lon="38.9279620">
    <ele>6</ele>
    <time>2026-07-26T05:09:28Z</time>
    <extensions>
     <gpxdata:hr>171</gpxdata:hr>
     <gpxdata:distance>1821.00</gpxdata:distance>
     <gpxdata:cadence>77</gpxdata:cadence>
     <gpxdata:speed>3.528</gpxdata:speed>
    </extensions>
   </trkpt>
   <trkpt lat="47.2221624" lon="38.9279161">
    <ele>6</ele>
    <time>2026-07-26T05:09:29Z</time>
    <extensions>
     <gpxdata:hr>171</gpxdata:hr>
     <gpxdata:distance>1824.50</gpxdata:distance>
     <gpxdata:cadence>77</gpxdata:cadence>
     <gpxdata:speed>3.522</gpxdata:speed>
    </extensions>
   </trkpt>
   <trkpt lat="47.2221557" lon="38.9278695">
    <ele>6</ele>
    <time>2026-07-26T05:09:30Z</time>
    <extensions>
     <gpxdata:hr>172</gpxdata:hr>
     <gpxdata:distance>1828.00</gpxdata:distance>
     <gpxdata:cadence>77</gpxdata:cadence>
     <gpxdata:speed>3.517</gpxdata:speed>
    </extensions>
   </trkpt>
   <trkpt lat="47.2221490" lon="38.9278230">
    <ele>6</ele>
    <time>2026-07-26T05:09:31Z</time>
    <extensions>
     <gpxdata:hr>172</gpxdata:hr>
     <gpxdata:distance>1831.50</gpxdata:distance>
     <gpxdata:cadence>77</gpxdata:cadence>
     <gpxdata:speed>3.508</gpxdata:speed>
    </extensions>
   </trkpt>
   <trkpt lat="47.2221387" lon="38.9277792">
    <ele>6</ele>
    <time>2026-07-26T05:09:32Z</time>
    <extensions>
     <gpxdata:hr>172</gpxdata:hr>
     <gpxdata:distance>1835.00</gpxdata:distance>
     <gpxdata:cadence>77</gpxdata:cadence>
     <gpxdata:speed>3.500</gpxdata:speed>
    </extensions>
   </trkpt>
   <trkpt lat="47.2221285" lon="38.9277354">
    <ele>6</ele>
    <time>2026-07-26T05:09:33Z</time>
    <extensions>
     <gpxdata:hr>173</gpxdata:hr>
     <gpxdata:distance>1838.50</gpxdata:distance>
     <gpxdata:cadence>77</gpxdata:cadence>
     <gpxdata:speed>3.483</gpxdata:speed>
    </extensions>
   </trkpt>
   <trkpt lat="47.2221175" lon="38.9276934">
    <ele>6</ele>
    <time>2026-07-26T05:09:34Z</time>
    <extensions>
     <gpxdata:hr>174</gpxdata:hr>
     <gpxdata:distance>1842.00</gpxdata:distance>
     <gpxdata:cadence>78</gpxdata:cadence>
     <gpxdata:speed>3.469</gpxdata:speed>
    </extensions>
   </trkpt>
   <trkpt lat="47.2221065" lon="38.9276515">
    <ele>6</ele>
    <time>2026-07-26T05:09:35Z</time>
    <extensions>
     <gpxdata:hr>174</gpxdata:hr>
     <gpxdata:distance>1845.00</gpxdata:distance>
     <gpxdata:cadence>78</gpxdata:cadence>
     <gpxdata:speed>3.467</gpxdata:speed>
    </extensions>
   </trkpt>
   <trkpt lat="47.2220965" lon="38.9276109">
    <ele>6</ele>
    <time>2026-07-26T05:09:36Z</time>
    <extensions>
     <gpxdata:hr>175</gpxdata:hr>
     <gpxdata:distance>1848.00</gpxdata:distance>
     <gpxdata:cadence>78</gpxdata:cadence>
     <gpxdata:speed>3.464</gpxdata:speed>
    </extensions>
   </trkpt>
   <trkpt lat="47.2220865" lon="38.9275703">
    <ele>6</ele>
    <time>2026-07-26T05:09:37Z</time>
    <extensions>
     <gpxdata:hr>176</gpxdata:hr>
     <gpxdata:distance>1851.00</gpxdata:distance>
     <gpxdata:cadence>78</gpxdata:cadence>
     <gpxdata:speed>3.464</gpxdata:speed>
    </extensions>
   </trkpt>
   <trkpt lat="47.2220762" lon="38.9275287">
    <ele>6</ele>
    <time>2026-07-26T05:09:38Z</time>
    <extensions>
     <gpxdata:hr>176</gpxdata:hr>
     <gpxdata:distance>1854.00</gpxdata:distance>
     <gpxdata:cadence>78</gpxdata:cadence>
     <gpxdata:speed>3.464</gpxdata:speed>
    </extensions>
   </trkpt>
   <trkpt lat="47.2220660" lon="38.9274871">
    <ele>6</ele>
    <time>2026-07-26T05:09:39Z</time>
    <extensions>
     <gpxdata:hr>176</gpxdata:hr>
     <gpxdata:distance>1858.00</gpxdata:distance>
     <gpxdata:cadence>78</gpxdata:cadence>
     <gpxdata:speed>3.461</gpxdata:speed>
    </extensions>
   </trkpt>
   <trkpt lat="47.2220537" lon="38.9274399">
    <ele>6</ele>
    <time>2026-07-26T05:09:40Z</time>
    <extensions>
     <gpxdata:hr>176</gpxdata:hr>
     <gpxdata:distance>1862.00</gpxdata:distance>
     <gpxdata:cadence>78</gpxdata:cadence>
     <gpxdata:speed>3.458</gpxdata:speed>
    </extensions>
   </trkpt>
   <trkpt lat="47.2220414" lon="38.9273927">
    <ele>6</ele>
    <time>2026-07-26T05:09:41Z</time>
    <extensions>
     <gpxdata:hr>176</gpxdata:hr>
     <gpxdata:distance>1866.50</gpxdata:distance>
     <gpxdata:cadence>78</gpxdata:cadence>
     <gpxdata:speed>3.458</gpxdata:speed>
    </extensions>
   </trkpt>
   <trkpt lat="47.2220263" lon="38.9273435">
    <ele>6</ele>
    <time>2026-07-26T05:09:42Z</time>
    <extensions>
     <gpxdata:hr>177</gpxdata:hr>
     <gpxdata:distance>1871.00</gpxdata:distance>
     <gpxdata:cadence>78</gpxdata:cadence>
     <gpxdata:speed>3.458</gpxdata:speed>
    </extensions>
   </trkpt>
   <trkpt lat="47.2220113" lon="38.9272944">
    <ele>6</ele>
    <time>2026-07-26T05:09:43Z</time>
    <extensions>
     <gpxdata:hr>178</gpxdata:hr>
     <gpxdata:distance>1875.00</gpxdata:distance>
     <gpxdata:cadence>78</gpxdata:cadence>
     <gpxdata:speed>3.464</gpxdata:speed>
    </extensions>
   </trkpt>
   <trkpt lat="47.2219969" lon="38.9272477">
    <ele>6</ele>
    <time>2026-07-26T05:09:44Z</time>
    <extensions>
     <gpxdata:hr>179</gpxdata:hr>
     <gpxdata:distance>1879.00</gpxdata:distance>
     <gpxdata:cadence>78</gpxdata:cadence>
     <gpxdata:speed>3.469</gpxdata:speed>
    </extensions>
   </trkpt>
   <trkpt lat="47.2219825" lon="38.9272011">
    <ele>6</ele>
    <time>2026-07-26T05:09:45Z</time>
    <extensions>
     <gpxdata:hr>179</gpxdata:hr>
     <gpxdata:distance>1882.50</gpxdata:distance>
     <gpxdata:cadence>78</gpxdata:cadence>
     <gpxdata:speed>3.481</gpxdata:speed>
    </extensions>
   </trkpt>
   <trkpt lat="47.2219681" lon="38.9271553">
    <ele>6</ele>
    <time>2026-07-26T05:09:46Z</time>
    <extensions>
     <gpxdata:hr>180</gpxdata:hr>
     <gpxdata:distance>1886.00</gpxdata:distance>
     <gpxdata:cadence>78</gpxdata:cadence>
     <gpxdata:speed>3.492</gpxdata:speed>
    </extensions>
   </trkpt>
   <trkpt lat="47.2219537" lon="38.9271096">
    <ele>6</ele>
    <time>2026-07-26T05:09:47Z</time>
    <extensions>
     <gpxdata:hr>180</gpxdata:hr>
     <gpxdata:distance>1890.00</gpxdata:distance>
     <gpxdata:cadence>78</gpxdata:cadence>
     <gpxdata:speed>3.503</gpxdata:speed>
    </extensions>
   </trkpt>
   <trkpt lat="47.2219403" lon="38.9270642">
    <ele>6</ele>
    <time>2026-07-26T05:09:48Z</time>
    <extensions>
     <gpxdata:hr>181</gpxdata:hr>
     <gpxdata:distance>1894.00</gpxdata:distance>
     <gpxdata:cadence>78</gpxdata:cadence>
     <gpxdata:speed>3.514</gpxdata:speed>
    </extensions>
   </trkpt>
   <trkpt lat="47.2219270" lon="38.9270189">
    <ele>6</ele>
    <time>2026-07-26T05:09:49Z</time>
    <extensions>
     <gpxdata:hr>183</gpxdata:hr>
     <gpxdata:distance>1897.00</gpxdata:distance>
     <gpxdata:cadence>78</gpxdata:cadence>
     <gpxdata:speed>3.522</gpxdata:speed>
    </extensions>
   </trkpt>
   <trkpt lat="47.2219192" lon="38.9269773">
    <ele>6</ele>
    <time>2026-07-26T05:09:50Z</time>
    <extensions>
     <gpxdata:hr>184</gpxdata:hr>
     <gpxdata:distance>1900.00</gpxdata:distance>
     <gpxdata:cadence>78</gpxdata:cadence>
     <gpxdata:speed>3.531</gpxdata:speed>
    </extensions>
   </trkpt>
   <trkpt lat="47.2219114" lon="38.9269358">
    <ele>6</ele>
    <time>2026-07-26T05:09:51Z</time>
    <extensions>
     <gpxdata:hr>185</gpxdata:hr>
     <gpxdata:distance>1903.00</gpxdata:distance>
     <gpxdata:cadence>78</gpxdata:cadence>
     <gpxdata:speed>3.536</gpxdata:speed>
    </extensions>
   </trkpt>
   <trkpt lat="47.2219058" lon="38.9268967">
    <ele>6</ele>
    <time>2026-07-26T05:09:52Z</time>
    <extensions>
     <gpxdata:hr>185</gpxdata:hr>
     <gpxdata:distance>1906.00</gpxdata:distance>
     <gpxdata:cadence>78</gpxdata:cadence>
     <gpxdata:speed>3.542</gpxdata:speed>
    </extensions>
   </trkpt>
   <trkpt lat="47.2219003" lon="38.9268576">
    <ele>6</ele>
    <time>2026-07-26T05:09:53Z</time>
    <extensions>
     <gpxdata:hr>186</gpxdata:hr>
     <gpxdata:distance>1909.00</gpxdata:distance>
     <gpxdata:cadence>78</gpxdata:cadence>
     <gpxdata:speed>3.547</gpxdata:speed>
    </extensions>
   </trkpt>
   <trkpt lat="47.2218917" lon="38.9268171">
    <ele>6</ele>
    <time>2026-07-26T05:09:54Z</time>
    <extensions>
     <gpxdata:hr>186</gpxdata:hr>
     <gpxdata:distance>1912.00</gpxdata:distance>
     <gpxdata:cadence>78</gpxdata:cadence>
     <gpxdata:speed>3.553</gpxdata:speed>
    </extensions>
   </trkpt>
   <trkpt lat="47.2218832" lon="38.9267767">
    <ele>6</ele>
    <time>2026-07-26T05:09:55Z</time>
    <extensions>
     <gpxdata:hr>187</gpxdata:hr>
     <gpxdata:distance>1915.50</gpxdata:distance>
     <gpxdata:cadence>78</gpxdata:cadence>
     <gpxdata:speed>3.553</gpxdata:speed>
    </extensions>
   </trkpt>
   <trkpt lat="47.2218733" lon="38.9267337">
    <ele>6</ele>
    <time>2026-07-26T05:09:56Z</time>
    <extensions>
     <gpxdata:hr>187</gpxdata:hr>
     <gpxdata:distance>1919.00</gpxdata:distance>
     <gpxdata:cadence>78</gpxdata:cadence>
     <gpxdata:speed>3.556</gpxdata:speed>
    </extensions>
   </trkpt>
   <trkpt lat="47.2218635" lon="38.9266907">
    <ele>6</ele>
    <time>2026-07-26T05:09:57Z</time>
    <extensions>
     <gpxdata:hr>187</gpxdata:hr>
     <gpxdata:distance>1923.00</gpxdata:distance>
     <gpxdata:cadence>78</gpxdata:cadence>
     <gpxdata:speed>3.550</gpxdata:speed>
    </extensions>
   </trkpt>
   <trkpt lat="47.2218539" lon="38.9266446">
    <ele>6</ele>
    <time>2026-07-26T05:09:58Z</time>
    <extensions>
     <gpxdata:hr>187</gpxdata:hr>
     <gpxdata:distance>1927.00</gpxdata:distance>
     <gpxdata:cadence>79</gpxdata:cadence>
     <gpxdata:speed>3.544</gpxdata:speed>
    </extensions>
   </trkpt>
   <trkpt lat="47.2218443" lon="38.9265985">
    <ele>6</ele>
    <time>2026-07-26T05:09:59Z</time>
    <extensions>
     <gpxdata:hr>186</gpxdata:hr>
     <gpxdata:distance>1930.50</gpxdata:distance>
     <gpxdata:cadence>79</gpxdata:cadence>
     <gpxdata:speed>3.542</gpxdata:speed>
    </extensions>
   </trkpt>
   <trkpt lat="47.2218355" lon="38.9265509">
    <ele>6</ele>
    <time>2026-07-26T05:10:00Z</time>
    <extensions>
     <gpxdata:hr>185</gpxdata:hr>
     <gpxdata:distance>1934.00</gpxdata:distance>
     <gpxdata:cadence>79</gpxdata:cadence>
     <gpxdata:speed>3.542</gpxdata:speed>
    </extensions>
   </trkpt>
   <trkpt lat="47.2218267" lon="38.9265034">
    <ele>6</ele>
    <time>2026-07-26T05:10:01Z</time>
    <extensions>
     <gpxdata:hr>186</gpxdata:hr>
     <gpxdata:distance>1937.50</gpxdata:distance>
     <gpxdata:cadence>79</gpxdata:cadence>
     <gpxdata:speed>3.539</gpxdata:speed>
    </extensions>
   </trkpt>
   <trkpt lat="47.2218198" lon="38.9264575">
    <ele>6</ele>
    <time>2026-07-26T05:10:02Z</time>
    <extensions>
     <gpxdata:hr>186</gpxdata:hr>
     <gpxdata:distance>1941.00</gpxdata:distance>
     <gpxdata:cadence>79</gpxdata:cadence>
     <gpxdata:speed>3.536</gpxdata:speed>
    </extensions>
   </trkpt>
   <trkpt lat="47.2218129" lon="38.9264116">
    <ele>6</ele>
    <time>2026-07-26T05:10:03Z</time>
    <extensions>
     <gpxdata:hr>186</gpxdata:hr>
     <gpxdata:distance>1944.50</gpxdata:distance>
     <gpxdata:cadence>79</gpxdata:cadence>
     <gpxdata:speed>3.533</gpxdata:speed>
    </extensions>
   </trkpt>
   <trkpt lat="47.2218081" lon="38.9263646">
    <ele>6</ele>
    <time>2026-07-26T05:10:04Z</time>
    <extensions>
     <gpxdata:hr>186</gpxdata:hr>
     <gpxdata:distance>1948.00</gpxdata:distance>
     <gpxdata:cadence>80</gpxdata:cadence>
     <gpxdata:speed>3.533</gpxdata:speed>
    </extensions>
   </trkpt>
   <trkpt lat="47.2218034" lon="38.9263177">
    <ele>6</ele>
    <time>2026-07-26T05:10:05Z</time>
    <extensions>
     <gpxdata:hr>187</gpxdata:hr>
     <gpxdata:distance>1952.00</gpxdata:distance>
     <gpxdata:cadence>80</gpxdata:cadence>
     <gpxdata:speed>3.533</gpxdata:speed>
    </extensions>
   </trkpt>
   <trkpt lat="47.2217977" lon="38.9262702">
    <ele>6</ele>
    <time>2026-07-26T05:10:06Z</time>
    <extensions>
     <gpxdata:hr>187</gpxdata:hr>
     <gpxdata:distance>1956.00</gpxdata:distance>
     <gpxdata:cadence>80</gpxdata:cadence>
     <gpxdata:speed>3.533</gpxdata:speed>
    </extensions>
   </trkpt>
   <trkpt lat="47.2217920" lon="38.9262228">
    <ele>6</ele>
    <time>2026-07-26T05:10:07Z</time>
    <extensions>
     <gpxdata:hr>187</gpxdata:hr>
     <gpxdata:distance>1959.00</gpxdata:distance>
     <gpxdata:cadence>80</gpxdata:cadence>
     <gpxdata:speed>3.533</gpxdata:speed>
    </extensions>
   </trkpt>
   <trkpt lat="47.2217856" lon="38.9261781">
    <ele>6</ele>
    <time>2026-07-26T05:10:08Z</time>
    <extensions>
     <gpxdata:hr>187</gpxdata:hr>
     <gpxdata:distance>1962.00</gpxdata:distance>
     <gpxdata:cadence>80</gpxdata:cadence>
     <gpxdata:speed>3.533</gpxdata:speed>
    </extensions>
   </trkpt>
   <trkpt lat="47.2217793" lon="38.9261335">
    <ele>6</ele>
    <time>2026-07-26T05:10:09Z</time>
    <extensions>
     <gpxdata:hr>187</gpxdata:hr>
     <gpxdata:distance>1965.50</gpxdata:distance>
     <gpxdata:cadence>80</gpxdata:cadence>
     <gpxdata:speed>3.533</gpxdata:speed>
    </extensions>
   </trkpt>
   <trkpt lat="47.2217728" lon="38.9260930">
    <ele>6</ele>
    <time>2026-07-26T05:10:10Z</time>
    <extensions>
     <gpxdata:hr>187</gpxdata:hr>
     <gpxdata:distance>1969.00</gpxdata:distance>
     <gpxdata:cadence>80</gpxdata:cadence>
     <gpxdata:speed>3.536</gpxdata:speed>
    </extensions>
   </trkpt>
   <trkpt lat="47.2217664" lon="38.9260525">
    <ele>6</ele>
    <time>2026-07-26T05:10:11Z</time>
    <extensions>
     <gpxdata:hr>187</gpxdata:hr>
     <gpxdata:distance>1972.00</gpxdata:distance>
     <gpxdata:cadence>79</gpxdata:cadence>
     <gpxdata:speed>3.533</gpxdata:speed>
    </extensions>
   </trkpt>
   <trkpt lat="47.2217585" lon="38.9260098">
    <ele>6</ele>
    <time>2026-07-26T05:10:12Z</time>
    <extensions>
     <gpxdata:hr>187</gpxdata:hr>
     <gpxdata:distance>1975.00</gpxdata:distance>
     <gpxdata:cadence>79</gpxdata:cadence>
     <gpxdata:speed>3.533</gpxdata:speed>
    </extensions>
   </trkpt>
   <trkpt lat="47.2217506" lon="38.9259672">
    <ele>6</ele>
    <time>2026-07-26T05:10:13Z</time>
    <extensions>
     <gpxdata:hr>187</gpxdata:hr>
     <gpxdata:distance>1978.50</gpxdata:distance>
     <gpxdata:cadence>79</gpxdata:cadence>
     <gpxdata:speed>3.531</gpxdata:speed>
    </extensions>
   </trkpt>
   <trkpt lat="47.2217431" lon="38.9259238">
    <ele>6</ele>
    <time>2026-07-26T05:10:14Z</time>
    <extensions>
     <gpxdata:hr>187</gpxdata:hr>
     <gpxdata:distance>1982.00</gpxdata:distance>
     <gpxdata:cadence>79</gpxdata:cadence>
     <gpxdata:speed>3.528</gpxdata:speed>
    </extensions>
   </trkpt>
   <trkpt lat="47.2217357" lon="38.9258804">
    <ele>6</ele>
    <time>2026-07-26T05:10:15Z</time>
    <extensions>
     <gpxdata:hr>187</gpxdata:hr>
     <gpxdata:distance>1985.50</gpxdata:distance>
     <gpxdata:cadence>79</gpxdata:cadence>
     <gpxdata:speed>3.517</gpxdata:speed>
    </extensions>
   </trkpt>
   <trkpt lat="47.2217288" lon="38.9258351">
    <ele>6</ele>
    <time>2026-07-26T05:10:16Z</time>
    <extensions>
     <gpxdata:hr>187</gpxdata:hr>
     <gpxdata:distance>1989.00</gpxdata:distance>
     <gpxdata:cadence>79</gpxdata:cadence>
     <gpxdata:speed>3.508</gpxdata:speed>
    </extensions>
   </trkpt>
   <trkpt lat="47.2217219" lon="38.9257899">
    <ele>6</ele>
    <time>2026-07-26T05:10:17Z</time>
    <extensions>
     <gpxdata:hr>187</gpxdata:hr>
     <gpxdata:distance>1993.00</gpxdata:distance>
     <gpxdata:cadence>79</gpxdata:cadence>
     <gpxdata:speed>3.503</gpxdata:speed>
    </extensions>
   </trkpt>
   <trkpt lat="47.2217149" lon="38.9257427">
    <ele>6</ele>
    <time>2026-07-26T05:10:18Z</time>
    <extensions>
     <gpxdata:hr>187</gpxdata:hr>
     <gpxdata:distance>1997.00</gpxdata:distance>
     <gpxdata:cadence>79</gpxdata:cadence>
     <gpxdata:speed>3.500</gpxdata:speed>
    </extensions>
   </trkpt>
   <trkpt lat="47.2217080" lon="38.9256956">
    <ele>6</ele>
    <time>2026-07-26T05:10:19Z</time>
    <extensions>
     <gpxdata:hr>187</gpxdata:hr>
     <gpxdata:distance>2000.50</gpxdata:distance>
     <gpxdata:cadence>78</gpxdata:cadence>
     <gpxdata:speed>3.497</gpxdata:speed>
    </extensions>
   </trkpt>
   <trkpt lat="47.2217010" lon="38.9256501">
    <ele>7</ele>
    <time>2026-07-26T05:10:20Z</time>
    <extensions>
     <gpxdata:hr>187</gpxdata:hr>
     <gpxdata:distance>2004.00</gpxdata:distance>
     <gpxdata:cadence>78</gpxdata:cadence>
     <gpxdata:speed>3.494</gpxdata:speed>
    </extensions>
   </trkpt>
   <trkpt lat="47.2216941" lon="38.9256047">
    <ele>7</ele>
    <time>2026-07-26T05:10:21Z</time>
    <extensions>
     <gpxdata:hr>187</gpxdata:hr>
     <gpxdata:distance>2007.00</gpxdata:distance>
     <gpxdata:cadence>78</gpxdata:cadence>
     <gpxdata:speed>3.492</gpxdata:speed>
    </extensions>
   </trkpt>
   <trkpt lat="47.2216873" lon="38.9255603">
    <ele>7</ele>
    <time>2026-07-26T05:10:22Z</time>
    <extensions>
     <gpxdata:hr>186</gpxdata:hr>
     <gpxdata:distance>2010.00</gpxdata:distance>
     <gpxdata:cadence>78</gpxdata:cadence>
     <gpxdata:speed>3.492</gpxdata:speed>
    </extensions>
   </trkpt>
   <trkpt lat="47.2216806" lon="38.9255159">
    <ele>7</ele>
    <time>2026-07-26T05:10:23Z</time>
    <extensions>
     <gpxdata:hr>186</gpxdata:hr>
     <gpxdata:distance>2013.50</gpxdata:distance>
     <gpxdata:cadence>78</gpxdata:cadence>
     <gpxdata:speed>3.492</gpxdata:speed>
    </extensions>
   </trkpt>
   <trkpt lat="47.2216754" lon="38.9254733">
    <ele>7</ele>
    <time>2026-07-26T05:10:24Z</time>
    <extensions>
     <gpxdata:hr>186</gpxdata:hr>
     <gpxdata:distance>2017.00</gpxdata:distance>
     <gpxdata:cadence>78</gpxdata:cadence>
     <gpxdata:speed>3.494</gpxdata:speed>
    </extensions>
   </trkpt>
   <trkpt lat="47.2216703" lon="38.9254308">
    <ele>7</ele>
    <time>2026-07-26T05:10:25Z</time>
    <extensions>
     <gpxdata:hr>187</gpxdata:hr>
     <gpxdata:distance>2020.00</gpxdata:distance>
     <gpxdata:cadence>78</gpxdata:cadence>
     <gpxdata:speed>3.492</gpxdata:speed>
    </extensions>
   </trkpt>
   <trkpt lat="47.2216639" lon="38.9253897">
    <ele>7</ele>
    <time>2026-07-26T05:10:26Z</time>
    <extensions>
     <gpxdata:hr>188</gpxdata:hr>
     <gpxdata:distance>2023.00</gpxdata:distance>
     <gpxdata:cadence>78</gpxdata:cadence>
     <gpxdata:speed>3.492</gpxdata:speed>
    </extensions>
   </trkpt>
   <trkpt lat="47.2216575" lon="38.9253487">
    <ele>7</ele>
    <time>2026-07-26T05:10:27Z</time>
    <extensions>
     <gpxdata:hr>188</gpxdata:hr>
     <gpxdata:distance>2026.50</gpxdata:distance>
     <gpxdata:cadence>78</gpxdata:cadence>
     <gpxdata:speed>3.489</gpxdata:speed>
    </extensions>
   </trkpt>
   <trkpt lat="47.2216499" lon="38.9253082">
    <ele>7</ele>
    <time>2026-07-26T05:10:28Z</time>
    <extensions>
     <gpxdata:hr>187</gpxdata:hr>
     <gpxdata:distance>2030.00</gpxdata:distance>
     <gpxdata:cadence>78</gpxdata:cadence>
     <gpxdata:speed>3.489</gpxdata:speed>
    </extensions>
   </trkpt>
   <trkpt lat="47.2216423" lon="38.9252677">
    <ele>7</ele>
    <time>2026-07-26T05:10:29Z</time>
    <extensions>
     <gpxdata:hr>186</gpxdata:hr>
     <gpxdata:distance>2033.00</gpxdata:distance>
     <gpxdata:cadence>78</gpxdata:cadence>
     <gpxdata:speed>3.486</gpxdata:speed>
    </extensions>
   </trkpt>
   <trkpt lat="47.2216314" lon="38.9252264">
    <ele>7</ele>
    <time>2026-07-26T05:10:30Z</time>
    <extensions>
     <gpxdata:hr>186</gpxdata:hr>
     <gpxdata:distance>2036.00</gpxdata:distance>
     <gpxdata:cadence>78</gpxdata:cadence>
     <gpxdata:speed>3.486</gpxdata:speed>
    </extensions>
   </trkpt>
   <trkpt lat="47.2216205" lon="38.9251852">
    <ele>7</ele>
    <time>2026-07-26T05:10:31Z</time>
    <extensions>
     <gpxdata:hr>186</gpxdata:hr>
     <gpxdata:distance>2039.50</gpxdata:distance>
     <gpxdata:cadence>78</gpxdata:cadence>
     <gpxdata:speed>3.483</gpxdata:speed>
    </extensions>
   </trkpt>
   <trkpt lat="47.2216108" lon="38.9251438">
    <ele>7</ele>
    <time>2026-07-26T05:10:32Z</time>
    <extensions>
     <gpxdata:hr>187</gpxdata:hr>
     <gpxdata:distance>2043.00</gpxdata:distance>
     <gpxdata:cadence>78</gpxdata:cadence>
     <gpxdata:speed>3.481</gpxdata:speed>
    </extensions>
   </trkpt>
   <trkpt lat="47.2216011" lon="38.9251025">
    <ele>7</ele>
    <time>2026-07-26T05:10:33Z</time>
    <extensions>
     <gpxdata:hr>187</gpxdata:hr>
     <gpxdata:distance>2046.00</gpxdata:distance>
     <gpxdata:cadence>78</gpxdata:cadence>
     <gpxdata:speed>3.472</gpxdata:speed>
    </extensions>
   </trkpt>
   <trkpt lat="47.2215945" lon="38.9250599">
    <ele>7</ele>
    <time>2026-07-26T05:10:34Z</time>
    <extensions>
     <gpxdata:hr>188</gpxdata:hr>
     <gpxdata:distance>2049.00</gpxdata:distance>
     <gpxdata:cadence>78</gpxdata:cadence>
     <gpxdata:speed>3.464</gpxdata:speed>
    </extensions>
   </trkpt>
   <trkpt lat="47.2215880" lon="38.9250174">
    <ele>7</ele>
    <time>2026-07-26T05:10:35Z</time>
    <extensions>
     <gpxdata:hr>188</gpxdata:hr>
     <gpxdata:distance>2053.00</gpxdata:distance>
     <gpxdata:cadence>77</gpxdata:cadence>
     <gpxdata:speed>3.458</gpxdata:speed>
    </extensions>
   </trkpt>
   <trkpt lat="47.2215831" lon="38.9249731">
    <ele>7</ele>
    <time>2026-07-26T05:10:36Z</time>
    <extensions>
     <gpxdata:hr>188</gpxdata:hr>
     <gpxdata:distance>2057.00</gpxdata:distance>
     <gpxdata:cadence>77</gpxdata:cadence>
     <gpxdata:speed>3.453</gpxdata:speed>
    </extensions>
   </trkpt>
   <trkpt lat="47.2215783" lon="38.9249288">
    <ele>7</ele>
    <time>2026-07-26T05:10:37Z</time>
    <extensions>
     <gpxdata:hr>188</gpxdata:hr>
     <gpxdata:distance>2060.00</gpxdata:distance>
     <gpxdata:cadence>77</gpxdata:cadence>
     <gpxdata:speed>3.444</gpxdata:speed>
    </extensions>
   </trkpt>
   <trkpt lat="47.2215718" lon="38.9248853">
    <ele>7</ele>
    <time>2026-07-26T05:10:38Z</time>
    <extensions>
     <gpxdata:hr>188</gpxdata:hr>
     <gpxdata:distance>2063.00</gpxdata:distance>
     <gpxdata:cadence>77</gpxdata:cadence>
     <gpxdata:speed>3.436</gpxdata:speed>
    </extensions>
   </trkpt>
   <trkpt lat="47.2215654" lon="38.9248418">
    <ele>7</ele>
    <time>2026-07-26T05:10:39Z</time>
    <extensions>
     <gpxdata:hr>188</gpxdata:hr>
     <gpxdata:distance>2066.50</gpxdata:distance>
     <gpxdata:cadence>77</gpxdata:cadence>
     <gpxdata:speed>3.433</gpxdata:speed>
    </extensions>
   </trkpt>
   <trkpt lat="47.2215555" lon="38.9247976">
    <ele>7</ele>
    <time>2026-07-26T05:10:40Z</time>
    <extensions>
     <gpxdata:hr>187</gpxdata:hr>
     <gpxdata:distance>2070.00</gpxdata:distance>
     <gpxdata:cadence>77</gpxdata:cadence>
     <gpxdata:speed>3.433</gpxdata:speed>
    </extensions>
   </trkpt>
   <trkpt lat="47.2215457" lon="38.9247534">
    <ele>7</ele>
    <time>2026-07-26T05:10:41Z</time>
    <extensions>
     <gpxdata:hr>187</gpxdata:hr>
     <gpxdata:distance>2073.50</gpxdata:distance>
     <gpxdata:cadence>77</gpxdata:cadence>
     <gpxdata:speed>3.433</gpxdata:speed>
    </extensions>
   </trkpt>
   <trkpt lat="47.2215361" lon="38.9247092">
    <ele>7</ele>
    <time>2026-07-26T05:10:42Z</time>
    <extensions>
     <gpxdata:hr>187</gpxdata:hr>
     <gpxdata:distance>2077.00</gpxdata:distance>
     <gpxdata:cadence>77</gpxdata:cadence>
     <gpxdata:speed>3.433</gpxdata:speed>
    </extensions>
   </trkpt>
   <trkpt lat="47.2215265" lon="38.9246651">
    <ele>7</ele>
    <time>2026-07-26T05:10:43Z</time>
    <extensions>
     <gpxdata:hr>187</gpxdata:hr>
     <gpxdata:distance>2080.50</gpxdata:distance>
     <gpxdata:cadence>77</gpxdata:cadence>
     <gpxdata:speed>3.433</gpxdata:speed>
    </extensions>
   </trkpt>
   <trkpt lat="47.2215183" lon="38.9246202">
    <ele>7</ele>
    <time>2026-07-26T05:10:44Z</time>
    <extensions>
     <gpxdata:hr>187</gpxdata:hr>
     <gpxdata:distance>2084.00</gpxdata:distance>
     <gpxdata:cadence>78</gpxdata:cadence>
     <gpxdata:speed>3.436</gpxdata:speed>
    </extensions>
   </trkpt>
   <trkpt lat="47.2215102" lon="38.9245754">
    <ele>7</ele>
    <time>2026-07-26T05:10:45Z</time>
    <extensions>
     <gpxdata:hr>187</gpxdata:hr>
     <gpxdata:distance>2087.50</gpxdata:distance>
     <gpxdata:cadence>77</gpxdata:cadence>
     <gpxdata:speed>3.436</gpxdata:speed>
    </extensions>
   </trkpt>
   <trkpt lat="47.2215021" lon="38.9245294">
    <ele>7</ele>
    <time>2026-07-26T05:10:46Z</time>
    <extensions>
     <gpxdata:hr>187</gpxdata:hr>
     <gpxdata:distance>2091.00</gpxdata:distance>
     <gpxdata:cadence>77</gpxdata:cadence>
     <gpxdata:speed>3.436</gpxdata:speed>
    </extensions>
   </trkpt>
   <trkpt lat="47.2214941" lon="38.9244834">
    <ele>7</ele>
    <time>2026-07-26T05:10:47Z</time>
    <extensions>
     <gpxdata:hr>187</gpxdata:hr>
     <gpxdata:distance>2095.00</gpxdata:distance>
     <gpxdata:cadence>77</gpxdata:cadence>
     <gpxdata:speed>3.436</gpxdata:speed>
    </extensions>
   </trkpt>
   <trkpt lat="47.2214844" lon="38.9244363">
    <ele>7</ele>
    <time>2026-07-26T05:10:48Z</time>
    <extensions>
     <gpxdata:hr>186</gpxdata:hr>
     <gpxdata:distance>2099.00</gpxdata:distance>
     <gpxdata:cadence>77</gpxdata:cadence>
     <gpxdata:speed>3.436</gpxdata:speed>
    </extensions>
   </trkpt>
   <trkpt lat="47.2214748" lon="38.9243893">
    <ele>7</ele>
    <time>2026-07-26T05:10:49Z</time>
    <extensions>
     <gpxdata:hr>186</gpxdata:hr>
     <gpxdata:distance>2102.50</gpxdata:distance>
     <gpxdata:cadence>77</gpxdata:cadence>
     <gpxdata:speed>3.436</gpxdata:speed>
    </extensions>
   </trkpt>
   <trkpt lat="47.2214671" lon="38.9243433">
    <ele>8</ele>
    <time>2026-07-26T05:10:50Z</time>
    <extensions>
     <gpxdata:hr>186</gpxdata:hr>
     <gpxdata:distance>2106.00</gpxdata:distance>
     <gpxdata:cadence>77</gpxdata:cadence>
     <gpxdata:speed>3.439</gpxdata:speed>
    </extensions>
   </trkpt>
   <trkpt lat="47.2214594" lon="38.9242974">
    <ele>8</ele>
    <time>2026-07-26T05:10:51Z</time>
    <extensions>
     <gpxdata:hr>185</gpxdata:hr>
     <gpxdata:distance>2109.00</gpxdata:distance>
     <gpxdata:cadence>77</gpxdata:cadence>
     <gpxdata:speed>3.439</gpxdata:speed>
    </extensions>
   </trkpt>
   <trkpt lat="47.2214541" lon="38.9242545">
    <ele>8</ele>
    <time>2026-07-26T05:10:52Z</time>
    <extensions>
     <gpxdata:hr>185</gpxdata:hr>
     <gpxdata:distance>2112.00</gpxdata:distance>
     <gpxdata:cadence>77</gpxdata:cadence>
     <gpxdata:speed>3.442</gpxdata:speed>
    </extensions>
   </trkpt>
   <trkpt lat="47.2214489" lon="38.9242116">
    <ele>8</ele>
    <time>2026-07-26T05:10:53Z</time>
    <extensions>
     <gpxdata:hr>185</gpxdata:hr>
     <gpxdata:distance>2115.50</gpxdata:distance>
     <gpxdata:cadence>78</gpxdata:cadence>
     <gpxdata:speed>3.444</gpxdata:speed>
    </extensions>
   </trkpt>
   <trkpt lat="47.2214446" lon="38.9241688">
    <ele>8</ele>
    <time>2026-07-26T05:10:54Z</time>
    <extensions>
     <gpxdata:hr>185</gpxdata:hr>
     <gpxdata:distance>2119.00</gpxdata:distance>
     <gpxdata:cadence>78</gpxdata:cadence>
     <gpxdata:speed>3.447</gpxdata:speed>
    </extensions>
   </trkpt>
   <trkpt lat="47.2214403" lon="38.9241261">
    <ele>8</ele>
    <time>2026-07-26T05:10:55Z</time>
    <extensions>
     <gpxdata:hr>185</gpxdata:hr>
     <gpxdata:distance>2122.00</gpxdata:distance>
     <gpxdata:cadence>78</gpxdata:cadence>
     <gpxdata:speed>3.444</gpxdata:speed>
    </extensions>
   </trkpt>
   <trkpt lat="47.2214349" lon="38.9240834">
    <ele>8</ele>
    <time>2026-07-26T05:10:56Z</time>
    <extensions>
     <gpxdata:hr>185</gpxdata:hr>
     <gpxdata:distance>2125.00</gpxdata:distance>
     <gpxdata:cadence>78</gpxdata:cadence>
     <gpxdata:speed>3.444</gpxdata:speed>
    </extensions>
   </trkpt>
   <trkpt lat="47.2214295" lon="38.9240408">
    <ele>8</ele>
    <time>2026-07-26T05:10:57Z</time>
    <extensions>
     <gpxdata:hr>185</gpxdata:hr>
     <gpxdata:distance>2129.00</gpxdata:distance>
     <gpxdata:cadence>78</gpxdata:cadence>
     <gpxdata:speed>3.442</gpxdata:speed>
    </extensions>
   </trkpt>
   <trkpt lat="47.2214201" lon="38.9239969">
    <ele>8</ele>
    <time>2026-07-26T05:10:58Z</time>
    <extensions>
     <gpxdata:hr>185</gpxdata:hr>
     <gpxdata:distance>2133.00</gpxdata:distance>
     <gpxdata:cadence>78</gpxdata:cadence>
     <gpxdata:speed>3.439</gpxdata:speed>
    </extensions>
   </trkpt>
   <trkpt lat="47.2214107" lon="38.9239530">
    <ele>8</ele>
    <time>2026-07-26T05:10:59Z</time>
    <extensions>
     <gpxdata:hr>184</gpxdata:hr>
     <gpxdata:distance>2136.50</gpxdata:distance>
     <gpxdata:cadence>78</gpxdata:cadence>
     <gpxdata:speed>3.439</gpxdata:speed>
    </extensions>
   </trkpt>
   <trkpt lat="47.2213984" lon="38.9239087">
    <ele>8</ele>
    <time>2026-07-26T05:11:00Z</time>
    <extensions>
     <gpxdata:hr>184</gpxdata:hr>
     <gpxdata:distance>2140.00</gpxdata:distance>
     <gpxdata:cadence>78</gpxdata:cadence>
     <gpxdata:speed>3.439</gpxdata:speed>
    </extensions>
   </trkpt>
   <trkpt lat="47.2213861" lon="38.9238645">
    <ele>8</ele>
    <time>2026-07-26T05:11:01Z</time>
    <extensions>
     <gpxdata:hr>185</gpxdata:hr>
     <gpxdata:distance>2143.50</gpxdata:distance>
     <gpxdata:cadence>78</gpxdata:cadence>
     <gpxdata:speed>3.439</gpxdata:speed>
    </extensions>
   </trkpt>
   <trkpt lat="47.2213745" lon="38.9238201">
    <ele>8</ele>
    <time>2026-07-26T05:11:02Z</time>
    <extensions>
     <gpxdata:hr>185</gpxdata:hr>
     <gpxdata:distance>2147.00</gpxdata:distance>
     <gpxdata:cadence>78</gpxdata:cadence>
     <gpxdata:speed>3.439</gpxdata:speed>
    </extensions>
   </trkpt>
   <trkpt lat="47.2213630" lon="38.9237757">
    <ele>8</ele>
    <time>2026-07-26T05:11:03Z</time>
    <extensions>
     <gpxdata:hr>185</gpxdata:hr>
     <gpxdata:distance>2150.50</gpxdata:distance>
     <gpxdata:cadence>78</gpxdata:cadence>
     <gpxdata:speed>3.439</gpxdata:speed>
    </extensions>
   </trkpt>
   <trkpt lat="47.2213515" lon="38.9237316">
    <ele>8</ele>
    <time>2026-07-26T05:11:04Z</time>
    <extensions>
     <gpxdata:hr>185</gpxdata:hr>
     <gpxdata:distance>2154.00</gpxdata:distance>
     <gpxdata:cadence>78</gpxdata:cadence>
     <gpxdata:speed>3.442</gpxdata:speed>
    </extensions>
   </trkpt>
   <trkpt lat="47.2213400" lon="38.9236875">
    <ele>8</ele>
    <time>2026-07-26T05:11:05Z</time>
    <extensions>
     <gpxdata:hr>185</gpxdata:hr>
     <gpxdata:distance>2157.50</gpxdata:distance>
     <gpxdata:cadence>78</gpxdata:cadence>
     <gpxdata:speed>3.444</gpxdata:speed>
    </extensions>
   </trkpt>
   <trkpt lat="47.2213287" lon="38.9236453">
    <ele>8</ele>
    <time>2026-07-26T05:11:06Z</time>
    <extensions>
     <gpxdata:hr>186</gpxdata:hr>
     <gpxdata:distance>2161.00</gpxdata:distance>
     <gpxdata:cadence>78</gpxdata:cadence>
     <gpxdata:speed>3.447</gpxdata:speed>
    </extensions>
   </trkpt>
   <trkpt lat="47.2213174" lon="38.9236032">
    <ele>8</ele>
    <time>2026-07-26T05:11:07Z</time>
    <extensions>
     <gpxdata:hr>186</gpxdata:hr>
     <gpxdata:distance>2164.00</gpxdata:distance>
     <gpxdata:cadence>78</gpxdata:cadence>
     <gpxdata:speed>3.447</gpxdata:speed>
    </extensions>
   </trkpt>
   <trkpt lat="47.2213070" lon="38.9235596">
    <ele>8</ele>
    <time>2026-07-26T05:11:08Z</time>
    <extensions>
     <gpxdata:hr>185</gpxdata:hr>
     <gpxdata:distance>2167.00</gpxdata:distance>
     <gpxdata:cadence>78</gpxdata:cadence>
     <gpxdata:speed>3.450</gpxdata:speed>
    </extensions>
   </trkpt>
   <trkpt lat="47.2212966" lon="38.9235160">
    <ele>8</ele>
    <time>2026-07-26T05:11:09Z</time>
    <extensions>
     <gpxdata:hr>185</gpxdata:hr>
     <gpxdata:distance>2171.00</gpxdata:distance>
     <gpxdata:cadence>78</gpxdata:cadence>
     <gpxdata:speed>3.450</gpxdata:speed>
    </extensions>
   </trkpt>
   <trkpt lat="47.2212869" lon="38.9234710">
    <ele>8</ele>
    <time>2026-07-26T05:11:10Z</time>
    <extensions>
     <gpxdata:hr>185</gpxdata:hr>
     <gpxdata:distance>2175.00</gpxdata:distance>
     <gpxdata:cadence>78</gpxdata:cadence>
     <gpxdata:speed>3.453</gpxdata:speed>
    </extensions>
   </trkpt>
   <trkpt lat="47.2212772" lon="38.9234261">
    <ele>8</ele>
    <time>2026-07-26T05:11:11Z</time>
    <extensions>
     <gpxdata:hr>185</gpxdata:hr>
     <gpxdata:distance>2178.50</gpxdata:distance>
     <gpxdata:cadence>78</gpxdata:cadence>
     <gpxdata:speed>3.458</gpxdata:speed>
    </extensions>
   </trkpt>
   <trkpt lat="47.2212672" lon="38.9233839">
    <ele>8</ele>
    <time>2026-07-26T05:11:12Z</time>
    <extensions>
     <gpxdata:hr>185</gpxdata:hr>
     <gpxdata:distance>2182.00</gpxdata:distance>
     <gpxdata:cadence>78</gpxdata:cadence>
     <gpxdata:speed>3.464</gpxdata:speed>
    </extensions>
   </trkpt>
   <trkpt lat="47.2212572" lon="38.9233417">
    <ele>8</ele>
    <time>2026-07-26T05:11:13Z</time>
    <extensions>
     <gpxdata:hr>185</gpxdata:hr>
     <gpxdata:distance>2185.00</gpxdata:distance>
     <gpxdata:cadence>78</gpxdata:cadence>
     <gpxdata:speed>3.464</gpxdata:speed>
    </extensions>
   </trkpt>
   <trkpt lat="47.2212477" lon="38.9233003">
    <ele>8</ele>
    <time>2026-07-26T05:11:14Z</time>
    <extensions>
     <gpxdata:hr>185</gpxdata:hr>
     <gpxdata:distance>2188.00</gpxdata:distance>
     <gpxdata:cadence>78</gpxdata:cadence>
     <gpxdata:speed>3.467</gpxdata:speed>
    </extensions>
   </trkpt>
   <trkpt lat="47.2212383" lon="38.9232589">
    <ele>9</ele>
    <time>2026-07-26T05:11:15Z</time>
    <extensions>
     <gpxdata:hr>185</gpxdata:hr>
     <gpxdata:distance>2191.50</gpxdata:distance>
     <gpxdata:cadence>78</gpxdata:cadence>
     <gpxdata:speed>3.467</gpxdata:speed>
    </extensions>
   </trkpt>
   <trkpt lat="47.2212293" lon="38.9232157">
    <ele>9</ele>
    <time>2026-07-26T05:11:16Z</time>
    <extensions>
     <gpxdata:hr>184</gpxdata:hr>
     <gpxdata:distance>2195.00</gpxdata:distance>
     <gpxdata:cadence>78</gpxdata:cadence>
     <gpxdata:speed>3.469</gpxdata:speed>
    </extensions>
   </trkpt>
   <trkpt lat="47.2212204" lon="38.9231725">
    <ele>9</ele>
    <time>2026-07-26T05:11:17Z</time>
    <extensions>
     <gpxdata:hr>184</gpxdata:hr>
     <gpxdata:distance>2198.50</gpxdata:distance>
     <gpxdata:cadence>78</gpxdata:cadence>
     <gpxdata:speed>3.467</gpxdata:speed>
    </extensions>
   </trkpt>
   <trkpt lat="47.2212114" lon="38.9231275">
    <ele>9</ele>
    <time>2026-07-26T05:11:18Z</time>
    <extensions>
     <gpxdata:hr>185</gpxdata:hr>
     <gpxdata:distance>2202.00</gpxdata:distance>
     <gpxdata:cadence>78</gpxdata:cadence>
     <gpxdata:speed>3.467</gpxdata:speed>
    </extensions>
   </trkpt>
   <trkpt lat="47.2212024" lon="38.9230825">
    <ele>9</ele>
    <time>2026-07-26T05:11:19Z</time>
    <extensions>
     <gpxdata:hr>184</gpxdata:hr>
     <gpxdata:distance>2205.50</gpxdata:distance>
     <gpxdata:cadence>78</gpxdata:cadence>
     <gpxdata:speed>3.464</gpxdata:speed>
    </extensions>
   </trkpt>
   <trkpt lat="47.2211946" lon="38.9230406">
    <ele>9</ele>
    <time>2026-07-26T05:11:20Z</time>
    <extensions>
     <gpxdata:hr>184</gpxdata:hr>
     <gpxdata:distance>2209.00</gpxdata:distance>
     <gpxdata:cadence>78</gpxdata:cadence>
     <gpxdata:speed>3.461</gpxdata:speed>
    </extensions>
   </trkpt>
   <trkpt lat="47.2211868" lon="38.9229987">
    <ele>9</ele>
    <time>2026-07-26T05:11:21Z</time>
    <extensions>
     <gpxdata:hr>184</gpxdata:hr>
     <gpxdata:distance>2212.00</gpxdata:distance>
     <gpxdata:cadence>78</gpxdata:cadence>
     <gpxdata:speed>3.458</gpxdata:speed>
    </extensions>
   </trkpt>
   <trkpt lat="47.2211775" lon="38.9229565">
    <ele>9</ele>
    <time>2026-07-26T05:11:22Z</time>
    <extensions>
     <gpxdata:hr>183</gpxdata:hr>
     <gpxdata:distance>2215.00</gpxdata:distance>
     <gpxdata:cadence>79</gpxdata:cadence>
     <gpxdata:speed>3.458</gpxdata:speed>
    </extensions>
   </trkpt>
   <trkpt lat="47.2211682" lon="38.9229144">
    <ele>9</ele>
    <time>2026-07-26T05:11:23Z</time>
    <extensions>
     <gpxdata:hr>183</gpxdata:hr>
     <gpxdata:distance>2218.50</gpxdata:distance>
     <gpxdata:cadence>79</gpxdata:cadence>
     <gpxdata:speed>3.458</gpxdata:speed>
    </extensions>
   </trkpt>
   <trkpt lat="47.2211575" lon="38.9228720">
    <ele>9</ele>
    <time>2026-07-26T05:11:24Z</time>
    <extensions>
     <gpxdata:hr>182</gpxdata:hr>
     <gpxdata:distance>2222.00</gpxdata:distance>
     <gpxdata:cadence>79</gpxdata:cadence>
     <gpxdata:speed>3.458</gpxdata:speed>
    </extensions>
   </trkpt>
   <trkpt lat="47.2211469" lon="38.9228296">
    <ele>9</ele>
    <time>2026-07-26T05:11:25Z</time>
    <extensions>
     <gpxdata:hr>183</gpxdata:hr>
     <gpxdata:distance>2226.00</gpxdata:distance>
     <gpxdata:cadence>78</gpxdata:cadence>
     <gpxdata:speed>3.456</gpxdata:speed>
    </extensions>
   </trkpt>
   <trkpt lat="47.2211337" lon="38.9227889">
    <ele>9</ele>
    <time>2026-07-26T05:11:26Z</time>
    <extensions>
     <gpxdata:hr>182</gpxdata:hr>
     <gpxdata:distance>2230.00</gpxdata:distance>
     <gpxdata:cadence>78</gpxdata:cadence>
     <gpxdata:speed>3.456</gpxdata:speed>
    </extensions>
   </trkpt>
   <trkpt lat="47.2211206" lon="38.9227483">
    <ele>9</ele>
    <time>2026-07-26T05:11:27Z</time>
    <extensions>
     <gpxdata:hr>182</gpxdata:hr>
     <gpxdata:distance>2233.00</gpxdata:distance>
     <gpxdata:cadence>78</gpxdata:cadence>
     <gpxdata:speed>3.456</gpxdata:speed>
    </extensions>
   </trkpt>
   <trkpt lat="47.2211036" lon="38.9227122">
    <ele>9</ele>
    <time>2026-07-26T05:11:28Z</time>
    <extensions>
     <gpxdata:hr>183</gpxdata:hr>
     <gpxdata:distance>2236.00</gpxdata:distance>
     <gpxdata:cadence>78</gpxdata:cadence>
     <gpxdata:speed>3.456</gpxdata:speed>
    </extensions>
   </trkpt>
   <trkpt lat="47.2210867" lon="38.9226762">
    <ele>9</ele>
    <time>2026-07-26T05:11:29Z</time>
    <extensions>
     <gpxdata:hr>183</gpxdata:hr>
     <gpxdata:distance>2239.50</gpxdata:distance>
     <gpxdata:cadence>78</gpxdata:cadence>
     <gpxdata:speed>3.453</gpxdata:speed>
    </extensions>
   </trkpt>
   <trkpt lat="47.2210636" lon="38.9226437">
    <ele>10</ele>
    <time>2026-07-26T05:11:30Z</time>
    <extensions>
     <gpxdata:hr>183</gpxdata:hr>
     <gpxdata:distance>2243.00</gpxdata:distance>
     <gpxdata:cadence>79</gpxdata:cadence>
     <gpxdata:speed>3.453</gpxdata:speed>
    </extensions>
   </trkpt>
   <trkpt lat="47.2210406" lon="38.9226113">
    <ele>10</ele>
    <time>2026-07-26T05:11:31Z</time>
    <extensions>
     <gpxdata:hr>184</gpxdata:hr>
     <gpxdata:distance>2247.00</gpxdata:distance>
     <gpxdata:cadence>78</gpxdata:cadence>
     <gpxdata:speed>3.453</gpxdata:speed>
    </extensions>
   </trkpt>
   <trkpt lat="47.2210113" lon="38.9225806">
    <ele>10</ele>
    <time>2026-07-26T05:11:32Z</time>
    <extensions>
     <gpxdata:hr>183</gpxdata:hr>
     <gpxdata:distance>2251.00</gpxdata:distance>
     <gpxdata:cadence>78</gpxdata:cadence>
     <gpxdata:speed>3.453</gpxdata:speed>
    </extensions>
   </trkpt>
   <trkpt lat="47.2209821" lon="38.9225500">
    <ele>10</ele>
    <time>2026-07-26T05:11:33Z</time>
    <extensions>
     <gpxdata:hr>183</gpxdata:hr>
     <gpxdata:distance>2255.50</gpxdata:distance>
     <gpxdata:cadence>78</gpxdata:cadence>
     <gpxdata:speed>3.456</gpxdata:speed>
    </extensions>
   </trkpt>
   <trkpt lat="47.2209532" lon="38.9225215">
    <ele>10</ele>
    <time>2026-07-26T05:11:34Z</time>
    <extensions>
     <gpxdata:hr>183</gpxdata:hr>
     <gpxdata:distance>2260.00</gpxdata:distance>
     <gpxdata:cadence>78</gpxdata:cadence>
     <gpxdata:speed>3.458</gpxdata:speed>
    </extensions>
   </trkpt>
   <trkpt lat="47.2209243" lon="38.9224931">
    <ele>10</ele>
    <time>2026-07-26T05:11:35Z</time>
    <extensions>
     <gpxdata:hr>184</gpxdata:hr>
     <gpxdata:distance>2263.00</gpxdata:distance>
     <gpxdata:cadence>78</gpxdata:cadence>
     <gpxdata:speed>3.469</gpxdata:speed>
    </extensions>
   </trkpt>
   <trkpt lat="47.2208971" lon="38.9224653">
    <ele>10</ele>
    <time>2026-07-26T05:11:36Z</time>
    <extensions>
     <gpxdata:hr>184</gpxdata:hr>
     <gpxdata:distance>2266.00</gpxdata:distance>
     <gpxdata:cadence>79</gpxdata:cadence>
     <gpxdata:speed>3.481</gpxdata:speed>
    </extensions>
   </trkpt>
   <trkpt lat="47.2208700" lon="38.9224376">
    <ele>10</ele>
    <time>2026-07-26T05:11:37Z</time>
    <extensions>
     <gpxdata:hr>185</gpxdata:hr>
     <gpxdata:distance>2269.50</gpxdata:distance>
     <gpxdata:cadence>78</gpxdata:cadence>
     <gpxdata:speed>3.486</gpxdata:speed>
    </extensions>
   </trkpt>
   <trkpt lat="47.2208434" lon="38.9224085">
    <ele>10</ele>
    <time>2026-07-26T05:11:38Z</time>
    <extensions>
     <gpxdata:hr>185</gpxdata:hr>
     <gpxdata:distance>2273.00</gpxdata:distance>
     <gpxdata:cadence>78</gpxdata:cadence>
     <gpxdata:speed>3.494</gpxdata:speed>
    </extensions>
   </trkpt>
   <trkpt lat="47.2208169" lon="38.9223795">
    <ele>10</ele>
    <time>2026-07-26T05:11:39Z</time>
    <extensions>
     <gpxdata:hr>186</gpxdata:hr>
     <gpxdata:distance>2277.00</gpxdata:distance>
     <gpxdata:cadence>79</gpxdata:cadence>
     <gpxdata:speed>3.503</gpxdata:speed>
    </extensions>
   </trkpt>
   <trkpt lat="47.2207865" lon="38.9223521">
    <ele>10</ele>
    <time>2026-07-26T05:11:40Z</time>
    <extensions>
     <gpxdata:hr>186</gpxdata:hr>
     <gpxdata:distance>2281.00</gpxdata:distance>
     <gpxdata:cadence>79</gpxdata:cadence>
     <gpxdata:speed>3.511</gpxdata:speed>
    </extensions>
   </trkpt>
   <trkpt lat="47.2207562" lon="38.9223248">
    <ele>10</ele>
    <time>2026-07-26T05:11:41Z</time>
    <extensions>
     <gpxdata:hr>186</gpxdata:hr>
     <gpxdata:distance>2285.50</gpxdata:distance>
     <gpxdata:cadence>79</gpxdata:cadence>
     <gpxdata:speed>3.519</gpxdata:speed>
    </extensions>
   </trkpt>
   <trkpt lat="47.2207227" lon="38.9223020">
    <ele>10</ele>
    <time>2026-07-26T05:11:42Z</time>
    <extensions>
     <gpxdata:hr>187</gpxdata:hr>
     <gpxdata:distance>2290.00</gpxdata:distance>
     <gpxdata:cadence>78</gpxdata:cadence>
     <gpxdata:speed>3.531</gpxdata:speed>
    </extensions>
   </trkpt>
   <trkpt lat="47.2206893" lon="38.9222793">
    <ele>10</ele>
    <time>2026-07-26T05:11:43Z</time>
    <extensions>
     <gpxdata:hr>187</gpxdata:hr>
     <gpxdata:distance>2294.00</gpxdata:distance>
     <gpxdata:cadence>77</gpxdata:cadence>
     <gpxdata:speed>3.542</gpxdata:speed>
    </extensions>
   </trkpt>
   <trkpt lat="47.2206549" lon="38.9222631">
    <ele>10</ele>
    <time>2026-07-26T05:11:44Z</time>
    <extensions>
     <gpxdata:hr>187</gpxdata:hr>
     <gpxdata:distance>2298.00</gpxdata:distance>
     <gpxdata:cadence>77</gpxdata:cadence>
     <gpxdata:speed>3.556</gpxdata:speed>
    </extensions>
   </trkpt>
   <trkpt lat="47.2206205" lon="38.9222470">
    <ele>11</ele>
    <time>2026-07-26T05:11:45Z</time>
    <extensions>
     <gpxdata:hr>186</gpxdata:hr>
     <gpxdata:distance>2301.50</gpxdata:distance>
     <gpxdata:cadence>76</gpxdata:cadence>
     <gpxdata:speed>3.567</gpxdata:speed>
    </extensions>
   </trkpt>
   <trkpt lat="47.2205873" lon="38.9222328">
    <ele>11</ele>
    <time>2026-07-26T05:11:46Z</time>
    <extensions>
     <gpxdata:hr>185</gpxdata:hr>
     <gpxdata:distance>2305.00</gpxdata:distance>
     <gpxdata:cadence>76</gpxdata:cadence>
     <gpxdata:speed>3.578</gpxdata:speed>
    </extensions>
   </trkpt>
   <trkpt lat="47.2205541" lon="38.9222187">
    <ele>11</ele>
    <time>2026-07-26T05:11:47Z</time>
    <extensions>
     <gpxdata:hr>185</gpxdata:hr>
     <gpxdata:distance>2309.00</gpxdata:distance>
     <gpxdata:cadence>76</gpxdata:cadence>
     <gpxdata:speed>3.586</gpxdata:speed>
    </extensions>
   </trkpt>
   <trkpt lat="47.2205216" lon="38.9222010">
    <ele>11</ele>
    <time>2026-07-26T05:11:48Z</time>
    <extensions>
     <gpxdata:hr>185</gpxdata:hr>
     <gpxdata:distance>2313.00</gpxdata:distance>
     <gpxdata:cadence>76</gpxdata:cadence>
     <gpxdata:speed>3.597</gpxdata:speed>
    </extensions>
   </trkpt>
   <trkpt lat="47.2204891" lon="38.9221834">
    <ele>11</ele>
    <time>2026-07-26T05:11:49Z</time>
    <extensions>
     <gpxdata:hr>185</gpxdata:hr>
     <gpxdata:distance>2316.50</gpxdata:distance>
     <gpxdata:cadence>76</gpxdata:cadence>
     <gpxdata:speed>3.603</gpxdata:speed>
    </extensions>
   </trkpt>
   <trkpt lat="47.2204582" lon="38.9221659">
    <ele>11</ele>
    <time>2026-07-26T05:11:50Z</time>
    <extensions>
     <gpxdata:hr>186</gpxdata:hr>
     <gpxdata:distance>2320.00</gpxdata:distance>
     <gpxdata:cadence>77</gpxdata:cadence>
     <gpxdata:speed>3.608</gpxdata:speed>
    </extensions>
   </trkpt>
   <trkpt lat="47.2204273" lon="38.9221485">
    <ele>11</ele>
    <time>2026-07-26T05:11:51Z</time>
    <extensions>
     <gpxdata:hr>186</gpxdata:hr>
     <gpxdata:distance>2324.00</gpxdata:distance>
     <gpxdata:cadence>78</gpxdata:cadence>
     <gpxdata:speed>3.611</gpxdata:speed>
    </extensions>
   </trkpt>
   <trkpt lat="47.2203979" lon="38.9221421">
    <ele>11</ele>
    <time>2026-07-26T05:11:52Z</time>
    <extensions>
     <gpxdata:hr>186</gpxdata:hr>
     <gpxdata:distance>2328.00</gpxdata:distance>
     <gpxdata:cadence>78</gpxdata:cadence>
     <gpxdata:speed>3.617</gpxdata:speed>
    </extensions>
   </trkpt>
   <trkpt lat="47.2203685" lon="38.9221358">
    <ele>11</ele>
    <time>2026-07-26T05:11:53Z</time>
    <extensions>
     <gpxdata:hr>186</gpxdata:hr>
     <gpxdata:distance>2331.50</gpxdata:distance>
     <gpxdata:cadence>78</gpxdata:cadence>
     <gpxdata:speed>3.619</gpxdata:speed>
    </extensions>
   </trkpt>
   <trkpt lat="47.2203405" lon="38.9221472">
    <ele>11</ele>
    <time>2026-07-26T05:11:54Z</time>
    <extensions>
     <gpxdata:hr>187</gpxdata:hr>
     <gpxdata:distance>2335.00</gpxdata:distance>
     <gpxdata:cadence>78</gpxdata:cadence>
     <gpxdata:speed>3.625</gpxdata:speed>
    </extensions>
   </trkpt>
   <trkpt lat="47.2203126" lon="38.9221587">
    <ele>11</ele>
    <time>2026-07-26T05:11:55Z</time>
    <extensions>
     <gpxdata:hr>187</gpxdata:hr>
     <gpxdata:distance>2338.50</gpxdata:distance>
     <gpxdata:cadence>78</gpxdata:cadence>
     <gpxdata:speed>3.628</gpxdata:speed>
    </extensions>
   </trkpt>
   <trkpt lat="47.2202850" lon="38.9221859">
    <ele>11</ele>
    <time>2026-07-26T05:11:56Z</time>
    <extensions>
     <gpxdata:hr>186</gpxdata:hr>
     <gpxdata:distance>2342.00</gpxdata:distance>
     <gpxdata:cadence>78</gpxdata:cadence>
     <gpxdata:speed>3.631</gpxdata:speed>
    </extensions>
   </trkpt>
   <trkpt lat="47.2202574" lon="38.9222132">
    <ele>11</ele>
    <time>2026-07-26T05:11:57Z</time>
    <extensions>
     <gpxdata:hr>187</gpxdata:hr>
     <gpxdata:distance>2345.50</gpxdata:distance>
     <gpxdata:cadence>77</gpxdata:cadence>
     <gpxdata:speed>3.639</gpxdata:speed>
    </extensions>
   </trkpt>
   <trkpt lat="47.2202328" lon="38.9222474">
    <ele>11</ele>
    <time>2026-07-26T05:11:58Z</time>
    <extensions>
     <gpxdata:hr>187</gpxdata:hr>
     <gpxdata:distance>2349.00</gpxdata:distance>
     <gpxdata:cadence>77</gpxdata:cadence>
     <gpxdata:speed>3.647</gpxdata:speed>
    </extensions>
   </trkpt>
   <trkpt lat="47.2202083" lon="38.9222816">
    <ele>11</ele>
    <time>2026-07-26T05:11:59Z</time>
    <extensions>
     <gpxdata:hr>187</gpxdata:hr>
     <gpxdata:distance>2353.00</gpxdata:distance>
     <gpxdata:cadence>77</gpxdata:cadence>
     <gpxdata:speed>3.653</gpxdata:speed>
    </extensions>
   </trkpt>
   <trkpt lat="47.2201856" lon="38.9223179">
    <ele>12</ele>
    <time>2026-07-26T05:12:00Z</time>
    <extensions>
     <gpxdata:hr>188</gpxdata:hr>
     <gpxdata:distance>2357.00</gpxdata:distance>
     <gpxdata:cadence>77</gpxdata:cadence>
     <gpxdata:speed>3.658</gpxdata:speed>
    </extensions>
   </trkpt>
   <trkpt lat="47.2201629" lon="38.9223542">
    <ele>12</ele>
    <time>2026-07-26T05:12:01Z</time>
    <extensions>
     <gpxdata:hr>188</gpxdata:hr>
     <gpxdata:distance>2360.50</gpxdata:distance>
     <gpxdata:cadence>77</gpxdata:cadence>
     <gpxdata:speed>3.661</gpxdata:speed>
    </extensions>
   </trkpt>
   <trkpt lat="47.2201415" lon="38.9223917">
    <ele>12</ele>
    <time>2026-07-26T05:12:02Z</time>
    <extensions>
     <gpxdata:hr>188</gpxdata:hr>
     <gpxdata:distance>2364.00</gpxdata:distance>
     <gpxdata:cadence>78</gpxdata:cadence>
     <gpxdata:speed>3.664</gpxdata:speed>
    </extensions>
   </trkpt>
   <trkpt lat="47.2201201" lon="38.9224292">
    <ele>12</ele>
    <time>2026-07-26T05:12:03Z</time>
    <extensions>
     <gpxdata:hr>187</gpxdata:hr>
     <gpxdata:distance>2368.00</gpxdata:distance>
     <gpxdata:cadence>78</gpxdata:cadence>
     <gpxdata:speed>3.667</gpxdata:speed>
    </extensions>
   </trkpt>
   <trkpt lat="47.2200982" lon="38.9224662">
    <ele>12</ele>
    <time>2026-07-26T05:12:04Z</time>
    <extensions>
     <gpxdata:hr>187</gpxdata:hr>
     <gpxdata:distance>2372.00</gpxdata:distance>
     <gpxdata:cadence>78</gpxdata:cadence>
     <gpxdata:speed>3.669</gpxdata:speed>
    </extensions>
   </trkpt>
   <trkpt lat="47.2200763" lon="38.9225033">
    <ele>12</ele>
    <time>2026-07-26T05:12:05Z</time>
    <extensions>
     <gpxdata:hr>187</gpxdata:hr>
     <gpxdata:distance>2375.50</gpxdata:distance>
     <gpxdata:cadence>78</gpxdata:cadence>
     <gpxdata:speed>3.672</gpxdata:speed>
    </extensions>
   </trkpt>
   <trkpt lat="47.2200551" lon="38.9225388">
    <ele>12</ele>
    <time>2026-07-26T05:12:06Z</time>
    <extensions>
     <gpxdata:hr>187</gpxdata:hr>
     <gpxdata:distance>2379.00</gpxdata:distance>
     <gpxdata:cadence>78</gpxdata:cadence>
     <gpxdata:speed>3.675</gpxdata:speed>
    </extensions>
   </trkpt>
   <trkpt lat="47.2200340" lon="38.9225743">
    <ele>12</ele>
    <time>2026-07-26T05:12:07Z</time>
    <extensions>
     <gpxdata:hr>187</gpxdata:hr>
     <gpxdata:distance>2382.00</gpxdata:distance>
     <gpxdata:cadence>78</gpxdata:cadence>
     <gpxdata:speed>3.675</gpxdata:speed>
    </extensions>
   </trkpt>
   <trkpt lat="47.2200142" lon="38.9226080">
    <ele>12</ele>
    <time>2026-07-26T05:12:08Z</time>
    <extensions>
     <gpxdata:hr>187</gpxdata:hr>
     <gpxdata:distance>2385.00</gpxdata:distance>
     <gpxdata:cadence>78</gpxdata:cadence>
     <gpxdata:speed>3.678</gpxdata:speed>
    </extensions>
   </trkpt>
   <trkpt lat="47.2199944" lon="38.9226417">
    <ele>12</ele>
    <time>2026-07-26T05:12:09Z</time>
    <extensions>
     <gpxdata:hr>186</gpxdata:hr>
     <gpxdata:distance>2388.50</gpxdata:distance>
     <gpxdata:cadence>78</gpxdata:cadence>
     <gpxdata:speed>3.678</gpxdata:speed>
    </extensions>
   </trkpt>
   <trkpt lat="47.2199753" lon="38.9226735">
    <ele>12</ele>
    <time>2026-07-26T05:12:10Z</time>
    <extensions>
     <gpxdata:hr>186</gpxdata:hr>
     <gpxdata:distance>2392.00</gpxdata:distance>
     <gpxdata:cadence>78</gpxdata:cadence>
     <gpxdata:speed>3.678</gpxdata:speed>
    </extensions>
   </trkpt>
   <trkpt lat="47.2199563" lon="38.9227053">
    <ele>12</ele>
    <time>2026-07-26T05:12:11Z</time>
    <extensions>
     <gpxdata:hr>185</gpxdata:hr>
     <gpxdata:distance>2395.00</gpxdata:distance>
     <gpxdata:cadence>78</gpxdata:cadence>
     <gpxdata:speed>3.672</gpxdata:speed>
    </extensions>
   </trkpt>
   <trkpt lat="47.2199360" lon="38.9227368">
    <ele>12</ele>
    <time>2026-07-26T05:12:12Z</time>
    <extensions>
     <gpxdata:hr>185</gpxdata:hr>
     <gpxdata:distance>2398.00</gpxdata:distance>
     <gpxdata:cadence>78</gpxdata:cadence>
     <gpxdata:speed>3.669</gpxdata:speed>
    </extensions>
   </trkpt>
   <trkpt lat="47.2199157" lon="38.9227683">
    <ele>12</ele>
    <time>2026-07-26T05:12:13Z</time>
    <extensions>
     <gpxdata:hr>185</gpxdata:hr>
     <gpxdata:distance>2401.50</gpxdata:distance>
     <gpxdata:cadence>78</gpxdata:cadence>
     <gpxdata:speed>3.664</gpxdata:speed>
    </extensions>
   </trkpt>
   <trkpt lat="47.2198938" lon="38.9228011">
    <ele>12</ele>
    <time>2026-07-26T05:12:14Z</time>
    <extensions>
     <gpxdata:hr>185</gpxdata:hr>
     <gpxdata:distance>2405.00</gpxdata:distance>
     <gpxdata:cadence>78</gpxdata:cadence>
     <gpxdata:speed>3.661</gpxdata:speed>
    </extensions>
   </trkpt>
   <trkpt lat="47.2198719" lon="38.9228339">
    <ele>12</ele>
    <time>2026-07-26T05:12:15Z</time>
    <extensions>
     <gpxdata:hr>185</gpxdata:hr>
     <gpxdata:distance>2409.00</gpxdata:distance>
     <gpxdata:cadence>78</gpxdata:cadence>
     <gpxdata:speed>3.656</gpxdata:speed>
    </extensions>
   </trkpt>
   <trkpt lat="47.2198493" lon="38.9228669">
    <ele>12</ele>
    <time>2026-07-26T05:12:16Z</time>
    <extensions>
     <gpxdata:hr>185</gpxdata:hr>
     <gpxdata:distance>2413.00</gpxdata:distance>
     <gpxdata:cadence>78</gpxdata:cadence>
     <gpxdata:speed>3.650</gpxdata:speed>
    </extensions>
   </trkpt>
   <trkpt lat="47.2198267" lon="38.9229000">
    <ele>12</ele>
    <time>2026-07-26T05:12:17Z</time>
    <extensions>
     <gpxdata:hr>184</gpxdata:hr>
     <gpxdata:distance>2416.00</gpxdata:distance>
     <gpxdata:cadence>78</gpxdata:cadence>
     <gpxdata:speed>3.644</gpxdata:speed>
    </extensions>
   </trkpt>
   <trkpt lat="47.2198043" lon="38.9229311">
    <ele>12</ele>
    <time>2026-07-26T05:12:18Z</time>
    <extensions>
     <gpxdata:hr>184</gpxdata:hr>
     <gpxdata:distance>2419.00</gpxdata:distance>
     <gpxdata:cadence>79</gpxdata:cadence>
     <gpxdata:speed>3.642</gpxdata:speed>
    </extensions>
   </trkpt>
   <trkpt lat="47.2197820" lon="38.9229622">
    <ele>12</ele>
    <time>2026-07-26T05:12:19Z</time>
    <extensions>
     <gpxdata:hr>184</gpxdata:hr>
     <gpxdata:distance>2422.50</gpxdata:distance>
     <gpxdata:cadence>79</gpxdata:cadence>
     <gpxdata:speed>3.639</gpxdata:speed>
    </extensions>
   </trkpt>
   <trkpt lat="47.2197592" lon="38.9229958">
    <ele>12</ele>
    <time>2026-07-26T05:12:20Z</time>
    <extensions>
     <gpxdata:hr>184</gpxdata:hr>
     <gpxdata:distance>2426.00</gpxdata:distance>
     <gpxdata:cadence>79</gpxdata:cadence>
     <gpxdata:speed>3.636</gpxdata:speed>
    </extensions>
   </trkpt>
   <trkpt lat="47.2197364" lon="38.9230295">
    <ele>12</ele>
    <time>2026-07-26T05:12:21Z</time>
    <extensions>
     <gpxdata:hr>185</gpxdata:hr>
     <gpxdata:distance>2430.00</gpxdata:distance>
     <gpxdata:cadence>79</gpxdata:cadence>
     <gpxdata:speed>3.631</gpxdata:speed>
    </extensions>
   </trkpt>
   <trkpt lat="47.2197147" lon="38.9230646">
    <ele>12</ele>
    <time>2026-07-26T05:12:22Z</time>
    <extensions>
     <gpxdata:hr>185</gpxdata:hr>
     <gpxdata:distance>2434.00</gpxdata:distance>
     <gpxdata:cadence>79</gpxdata:cadence>
     <gpxdata:speed>3.628</gpxdata:speed>
    </extensions>
   </trkpt>
   <trkpt lat="47.2196930" lon="38.9230997">
    <ele>12</ele>
    <time>2026-07-26T05:12:23Z</time>
    <extensions>
     <gpxdata:hr>184</gpxdata:hr>
     <gpxdata:distance>2437.50</gpxdata:distance>
     <gpxdata:cadence>79</gpxdata:cadence>
     <gpxdata:speed>3.625</gpxdata:speed>
    </extensions>
   </trkpt>
   <trkpt lat="47.2196722" lon="38.9231354">
    <ele>12</ele>
    <time>2026-07-26T05:12:24Z</time>
    <extensions>
     <gpxdata:hr>185</gpxdata:hr>
     <gpxdata:distance>2441.00</gpxdata:distance>
     <gpxdata:cadence>79</gpxdata:cadence>
     <gpxdata:speed>3.622</gpxdata:speed>
    </extensions>
   </trkpt>
   <trkpt lat="47.2196514" lon="38.9231711">
    <ele>12</ele>
    <time>2026-07-26T05:12:25Z</time>
    <extensions>
     <gpxdata:hr>185</gpxdata:hr>
     <gpxdata:distance>2444.50</gpxdata:distance>
     <gpxdata:cadence>79</gpxdata:cadence>
     <gpxdata:speed>3.619</gpxdata:speed>
    </extensions>
   </trkpt>
   <trkpt lat="47.2196300" lon="38.9232053">
    <ele>12</ele>
    <time>2026-07-26T05:12:26Z</time>
    <extensions>
     <gpxdata:hr>185</gpxdata:hr>
     <gpxdata:distance>2448.00</gpxdata:distance>
     <gpxdata:cadence>79</gpxdata:cadence>
     <gpxdata:speed>3.617</gpxdata:speed>
    </extensions>
   </trkpt>
   <trkpt lat="47.2196086" lon="38.9232395">
    <ele>12</ele>
    <time>2026-07-26T05:12:27Z</time>
    <extensions>
     <gpxdata:hr>186</gpxdata:hr>
     <gpxdata:distance>2451.50</gpxdata:distance>
     <gpxdata:cadence>79</gpxdata:cadence>
     <gpxdata:speed>3.614</gpxdata:speed>
    </extensions>
   </trkpt>
   <trkpt lat="47.2195880" lon="38.9232725">
    <ele>12</ele>
    <time>2026-07-26T05:12:28Z</time>
    <extensions>
     <gpxdata:hr>186</gpxdata:hr>
     <gpxdata:distance>2455.00</gpxdata:distance>
     <gpxdata:cadence>80</gpxdata:cadence>
     <gpxdata:speed>3.614</gpxdata:speed>
    </extensions>
   </trkpt>
   <trkpt lat="47.2195674" lon="38.9233055">
    <ele>12</ele>
    <time>2026-07-26T05:12:29Z</time>
    <extensions>
     <gpxdata:hr>185</gpxdata:hr>
     <gpxdata:distance>2458.00</gpxdata:distance>
     <gpxdata:cadence>80</gpxdata:cadence>
     <gpxdata:speed>3.611</gpxdata:speed>
    </extensions>
   </trkpt>
   <trkpt lat="47.2195471" lon="38.9233402">
    <ele>12</ele>
    <time>2026-07-26T05:12:30Z</time>
    <extensions>
     <gpxdata:hr>185</gpxdata:hr>
     <gpxdata:distance>2461.00</gpxdata:distance>
     <gpxdata:cadence>80</gpxdata:cadence>
     <gpxdata:speed>3.608</gpxdata:speed>
    </extensions>
   </trkpt>
   <trkpt lat="47.2195269" lon="38.9233750">
    <ele>12</ele>
    <time>2026-07-26T05:12:31Z</time>
    <extensions>
     <gpxdata:hr>184</gpxdata:hr>
     <gpxdata:distance>2464.50</gpxdata:distance>
     <gpxdata:cadence>80</gpxdata:cadence>
     <gpxdata:speed>3.603</gpxdata:speed>
    </extensions>
   </trkpt>
   <trkpt lat="47.2195046" lon="38.9234083">
    <ele>12</ele>
    <time>2026-07-26T05:12:32Z</time>
    <extensions>
     <gpxdata:hr>185</gpxdata:hr>
     <gpxdata:distance>2468.00</gpxdata:distance>
     <gpxdata:cadence>80</gpxdata:cadence>
     <gpxdata:speed>3.597</gpxdata:speed>
    </extensions>
   </trkpt>
   <trkpt lat="47.2194824" lon="38.9234417">
    <ele>12</ele>
    <time>2026-07-26T05:12:33Z</time>
    <extensions>
     <gpxdata:hr>185</gpxdata:hr>
     <gpxdata:distance>2472.00</gpxdata:distance>
     <gpxdata:cadence>80</gpxdata:cadence>
     <gpxdata:speed>3.594</gpxdata:speed>
    </extensions>
   </trkpt>
   <trkpt lat="47.2194580" lon="38.9234752">
    <ele>12</ele>
    <time>2026-07-26T05:12:34Z</time>
    <extensions>
     <gpxdata:hr>185</gpxdata:hr>
     <gpxdata:distance>2476.00</gpxdata:distance>
     <gpxdata:cadence>80</gpxdata:cadence>
     <gpxdata:speed>3.594</gpxdata:speed>
    </extensions>
   </trkpt>
   <trkpt lat="47.2194336" lon="38.9235087">
    <ele>13</ele>
    <time>2026-07-26T05:12:35Z</time>
    <extensions>
     <gpxdata:hr>186</gpxdata:hr>
     <gpxdata:distance>2480.00</gpxdata:distance>
     <gpxdata:cadence>80</gpxdata:cadence>
     <gpxdata:speed>3.597</gpxdata:speed>
    </extensions>
   </trkpt>
   <trkpt lat="47.2194097" lon="38.9235434">
    <ele>13</ele>
    <time>2026-07-26T05:12:36Z</time>
    <extensions>
     <gpxdata:hr>186</gpxdata:hr>
     <gpxdata:distance>2484.00</gpxdata:distance>
     <gpxdata:cadence>80</gpxdata:cadence>
     <gpxdata:speed>3.600</gpxdata:speed>
    </extensions>
   </trkpt>
   <trkpt lat="47.2193858" lon="38.9235782">
    <ele>13</ele>
    <time>2026-07-26T05:12:37Z</time>
    <extensions>
     <gpxdata:hr>186</gpxdata:hr>
     <gpxdata:distance>2487.00</gpxdata:distance>
     <gpxdata:cadence>80</gpxdata:cadence>
     <gpxdata:speed>3.606</gpxdata:speed>
    </extensions>
   </trkpt>
   <trkpt lat="47.2193632" lon="38.9236126">
    <ele>13</ele>
    <time>2026-07-26T05:12:38Z</time>
    <extensions>
     <gpxdata:hr>186</gpxdata:hr>
     <gpxdata:distance>2490.00</gpxdata:distance>
     <gpxdata:cadence>80</gpxdata:cadence>
     <gpxdata:speed>3.611</gpxdata:speed>
    </extensions>
   </trkpt>
   <trkpt lat="47.2193406" lon="38.9236471">
    <ele>13</ele>
    <time>2026-07-26T05:12:39Z</time>
    <extensions>
     <gpxdata:hr>186</gpxdata:hr>
     <gpxdata:distance>2494.00</gpxdata:distance>
     <gpxdata:cadence>79</gpxdata:cadence>
     <gpxdata:speed>3.617</gpxdata:speed>
    </extensions>
   </trkpt>
   <trkpt lat="47.2193184" lon="38.9236840">
    <ele>13</ele>
    <time>2026-07-26T05:12:40Z</time>
    <extensions>
     <gpxdata:hr>186</gpxdata:hr>
     <gpxdata:distance>2498.00</gpxdata:distance>
     <gpxdata:cadence>79</gpxdata:cadence>
     <gpxdata:speed>3.622</gpxdata:speed>
    </extensions>
   </trkpt>
   <trkpt lat="47.2192962" lon="38.9237209">
    <ele>13</ele>
    <time>2026-07-26T05:12:41Z</time>
    <extensions>
     <gpxdata:hr>186</gpxdata:hr>
     <gpxdata:distance>2502.00</gpxdata:distance>
     <gpxdata:cadence>79</gpxdata:cadence>
     <gpxdata:speed>3.622</gpxdata:speed>
    </extensions>
   </trkpt>
   <trkpt lat="47.2192762" lon="38.9237573">
    <ele>13</ele>
    <time>2026-07-26T05:12:42Z</time>
    <extensions>
     <gpxdata:hr>186</gpxdata:hr>
     <gpxdata:distance>2506.00</gpxdata:distance>
     <gpxdata:cadence>79</gpxdata:cadence>
     <gpxdata:speed>3.625</gpxdata:speed>
    </extensions>
   </trkpt>
   <trkpt lat="47.2192562" lon="38.9237937">
    <ele>13</ele>
    <time>2026-07-26T05:12:43Z</time>
    <extensions>
     <gpxdata:hr>186</gpxdata:hr>
     <gpxdata:distance>2509.00</gpxdata:distance>
     <gpxdata:cadence>79</gpxdata:cadence>
     <gpxdata:speed>3.622</gpxdata:speed>
    </extensions>
   </trkpt>
   <trkpt lat="47.2192374" lon="38.9238288">
    <ele>13</ele>
    <time>2026-07-26T05:12:44Z</time>
    <extensions>
     <gpxdata:hr>186</gpxdata:hr>
     <gpxdata:distance>2512.00</gpxdata:distance>
     <gpxdata:cadence>79</gpxdata:cadence>
     <gpxdata:speed>3.622</gpxdata:speed>
    </extensions>
   </trkpt>
   <trkpt lat="47.2192186" lon="38.9238639">
    <ele>13</ele>
    <time>2026-07-26T05:12:45Z</time>
    <extensions>
     <gpxdata:hr>186</gpxdata:hr>
     <gpxdata:distance>2515.50</gpxdata:distance>
     <gpxdata:cadence>79</gpxdata:cadence>
     <gpxdata:speed>3.619</gpxdata:speed>
    </extensions>
   </trkpt>
   <trkpt lat="47.2191997" lon="38.9238967">
    <ele>13</ele>
    <time>2026-07-26T05:12:46Z</time>
    <extensions>
     <gpxdata:hr>186</gpxdata:hr>
     <gpxdata:distance>2519.00</gpxdata:distance>
     <gpxdata:cadence>79</gpxdata:cadence>
     <gpxdata:speed>3.617</gpxdata:speed>
    </extensions>
   </trkpt>
   <trkpt lat="47.2191808" lon="38.9239296">
    <ele>13</ele>
    <time>2026-07-26T05:12:47Z</time>
    <extensions>
     <gpxdata:hr>187</gpxdata:hr>
     <gpxdata:distance>2522.00</gpxdata:distance>
     <gpxdata:cadence>79</gpxdata:cadence>
     <gpxdata:speed>3.614</gpxdata:speed>
    </extensions>
   </trkpt>
   <trkpt lat="47.2191592" lon="38.9239632">
    <ele>13</ele>
    <time>2026-07-26T05:12:48Z</time>
    <extensions>
     <gpxdata:hr>187</gpxdata:hr>
     <gpxdata:distance>2525.00</gpxdata:distance>
     <gpxdata:cadence>79</gpxdata:cadence>
     <gpxdata:speed>3.611</gpxdata:speed>
    </extensions>
   </trkpt>
   <trkpt lat="47.2191377" lon="38.9239968">
    <ele>13</ele>
    <time>2026-07-26T05:12:49Z</time>
    <extensions>
     <gpxdata:hr>187</gpxdata:hr>
     <gpxdata:distance>2529.00</gpxdata:distance>
     <gpxdata:cadence>78</gpxdata:cadence>
     <gpxdata:speed>3.608</gpxdata:speed>
    </extensions>
   </trkpt>
   <trkpt lat="47.2191172" lon="38.9240305">
    <ele>13</ele>
    <time>2026-07-26T05:12:50Z</time>
    <extensions>
     <gpxdata:hr>187</gpxdata:hr>
     <gpxdata:distance>2533.00</gpxdata:distance>
     <gpxdata:cadence>78</gpxdata:cadence>
     <gpxdata:speed>3.606</gpxdata:speed>
    </extensions>
   </trkpt>
   <trkpt lat="47.2190968" lon="38.9240643">
    <ele>13</ele>
    <time>2026-07-26T05:12:51Z</time>
    <extensions>
     <gpxdata:hr>187</gpxdata:hr>
     <gpxdata:distance>2536.00</gpxdata:distance>
     <gpxdata:cadence>78</gpxdata:cadence>
     <gpxdata:speed>3.600</gpxdata:speed>
    </extensions>
   </trkpt>
   <trkpt lat="47.2190762" lon="38.9240970">
    <ele>13</ele>
    <time>2026-07-26T05:12:52Z</time>
    <extensions>
     <gpxdata:hr>187</gpxdata:hr>
     <gpxdata:distance>2539.00</gpxdata:distance>
     <gpxdata:cadence>78</gpxdata:cadence>
     <gpxdata:speed>3.597</gpxdata:speed>
    </extensions>
   </trkpt>
   <trkpt lat="47.2190556" lon="38.9241297">
    <ele>13</ele>
    <time>2026-07-26T05:12:53Z</time>
    <extensions>
     <gpxdata:hr>187</gpxdata:hr>
     <gpxdata:distance>2542.50</gpxdata:distance>
     <gpxdata:cadence>78</gpxdata:cadence>
     <gpxdata:speed>3.594</gpxdata:speed>
    </extensions>
   </trkpt>
   <trkpt lat="47.2190328" lon="38.9241625">
    <ele>13</ele>
    <time>2026-07-26T05:12:54Z</time>
    <extensions>
     <gpxdata:hr>187</gpxdata:hr>
     <gpxdata:distance>2546.00</gpxdata:distance>
     <gpxdata:cadence>78</gpxdata:cadence>
     <gpxdata:speed>3.592</gpxdata:speed>
    </extensions>
   </trkpt>
   <trkpt lat="47.2190100" lon="38.9241953">
    <ele>13</ele>
    <time>2026-07-26T05:12:55Z</time>
    <extensions>
     <gpxdata:hr>187</gpxdata:hr>
     <gpxdata:distance>2550.00</gpxdata:distance>
     <gpxdata:cadence>78</gpxdata:cadence>
     <gpxdata:speed>3.589</gpxdata:speed>
    </extensions>
   </trkpt>
   <trkpt lat="47.2189861" lon="38.9242278">
    <ele>13</ele>
    <time>2026-07-26T05:12:56Z</time>
    <extensions>
     <gpxdata:hr>187</gpxdata:hr>
     <gpxdata:distance>2554.00</gpxdata:distance>
     <gpxdata:cadence>78</gpxdata:cadence>
     <gpxdata:speed>3.586</gpxdata:speed>
    </extensions>
   </trkpt>
   <trkpt lat="47.2189622" lon="38.9242604">
    <ele>13</ele>
    <time>2026-07-26T05:12:57Z</time>
    <extensions>
     <gpxdata:hr>187</gpxdata:hr>
     <gpxdata:distance>2557.50</gpxdata:distance>
     <gpxdata:cadence>78</gpxdata:cadence>
     <gpxdata:speed>3.583</gpxdata:speed>
    </extensions>
   </trkpt>
   <trkpt lat="47.2189398" lon="38.9242906">
    <ele>13</ele>
    <time>2026-07-26T05:12:58Z</time>
    <extensions>
     <gpxdata:hr>187</gpxdata:hr>
     <gpxdata:distance>2561.00</gpxdata:distance>
     <gpxdata:cadence>78</gpxdata:cadence>
     <gpxdata:speed>3.583</gpxdata:speed>
    </extensions>
   </trkpt>
   <trkpt lat="47.2189174" lon="38.9243208">
    <ele>13</ele>
    <time>2026-07-26T05:12:59Z</time>
    <extensions>
     <gpxdata:hr>187</gpxdata:hr>
     <gpxdata:distance>2563.50</gpxdata:distance>
     <gpxdata:cadence>78</gpxdata:cadence>
     <gpxdata:speed>3.581</gpxdata:speed>
    </extensions>
   </trkpt>
   <trkpt lat="47.2188951" lon="38.9243508">
    <ele>13</ele>
    <time>2026-07-26T05:13:00Z</time>
    <extensions>
     <gpxdata:hr>187</gpxdata:hr>
     <gpxdata:distance>2566.00</gpxdata:distance>
     <gpxdata:cadence>78</gpxdata:cadence>
     <gpxdata:speed>3.581</gpxdata:speed>
    </extensions>
   </trkpt>
   <trkpt lat="47.2188729" lon="38.9243809">
    <ele>13</ele>
    <time>2026-07-26T05:13:01Z</time>
    <extensions>
     <gpxdata:hr>187</gpxdata:hr>
     <gpxdata:distance>2570.00</gpxdata:distance>
     <gpxdata:cadence>78</gpxdata:cadence>
     <gpxdata:speed>3.578</gpxdata:speed>
    </extensions>
   </trkpt>
   <trkpt lat="47.2188511" lon="38.9244125">
    <ele>13</ele>
    <time>2026-07-26T05:13:02Z</time>
    <extensions>
     <gpxdata:hr>187</gpxdata:hr>
     <gpxdata:distance>2574.00</gpxdata:distance>
     <gpxdata:cadence>78</gpxdata:cadence>
     <gpxdata:speed>3.575</gpxdata:speed>
    </extensions>
   </trkpt>
   <trkpt lat="47.2188293" lon="38.9244442">
    <ele>13</ele>
    <time>2026-07-26T05:13:03Z</time>
    <extensions>
     <gpxdata:hr>187</gpxdata:hr>
     <gpxdata:distance>2577.50</gpxdata:distance>
     <gpxdata:cadence>78</gpxdata:cadence>
     <gpxdata:speed>3.572</gpxdata:speed>
    </extensions>
   </trkpt>
   <trkpt lat="47.2188083" lon="38.9244794">
    <ele>13</ele>
    <time>2026-07-26T05:13:04Z</time>
    <extensions>
     <gpxdata:hr>187</gpxdata:hr>
     <gpxdata:distance>2581.00</gpxdata:distance>
     <gpxdata:cadence>78</gpxdata:cadence>
     <gpxdata:speed>3.569</gpxdata:speed>
    </extensions>
   </trkpt>
   <trkpt lat="47.2187873" lon="38.9245147">
    <ele>13</ele>
    <time>2026-07-26T05:13:05Z</time>
    <extensions>
     <gpxdata:hr>186</gpxdata:hr>
     <gpxdata:distance>2584.50</gpxdata:distance>
     <gpxdata:cadence>78</gpxdata:cadence>
     <gpxdata:speed>3.567</gpxdata:speed>
    </extensions>
   </trkpt>
   <trkpt lat="47.2187665" lon="38.9245507">
    <ele>13</ele>
    <time>2026-07-26T05:13:06Z</time>
    <extensions>
     <gpxdata:hr>186</gpxdata:hr>
     <gpxdata:distance>2588.00</gpxdata:distance>
     <gpxdata:cadence>78</gpxdata:cadence>
     <gpxdata:speed>3.567</gpxdata:speed>
    </extensions>
   </trkpt>
   <trkpt lat="47.2187458" lon="38.9245868">
    <ele>13</ele>
    <time>2026-07-26T05:13:07Z</time>
    <extensions>
     <gpxdata:hr>186</gpxdata:hr>
     <gpxdata:distance>2591.50</gpxdata:distance>
     <gpxdata:cadence>78</gpxdata:cadence>
     <gpxdata:speed>3.567</gpxdata:speed>
    </extensions>
   </trkpt>
   <trkpt lat="47.2187261" lon="38.9246205">
    <ele>13</ele>
    <time>2026-07-26T05:13:08Z</time>
    <extensions>
     <gpxdata:hr>185</gpxdata:hr>
     <gpxdata:distance>2595.00</gpxdata:distance>
     <gpxdata:cadence>78</gpxdata:cadence>
     <gpxdata:speed>3.567</gpxdata:speed>
    </extensions>
   </trkpt>
   <trkpt lat="47.2187064" lon="38.9246542">
    <ele>13</ele>
    <time>2026-07-26T05:13:09Z</time>
    <extensions>
     <gpxdata:hr>185</gpxdata:hr>
     <gpxdata:distance>2598.00</gpxdata:distance>
     <gpxdata:cadence>78</gpxdata:cadence>
     <gpxdata:speed>3.567</gpxdata:speed>
    </extensions>
   </trkpt>
   <trkpt lat="47.2186864" lon="38.9246845">
    <ele>13</ele>
    <time>2026-07-26T05:13:10Z</time>
    <extensions>
     <gpxdata:hr>185</gpxdata:hr>
     <gpxdata:distance>2601.00</gpxdata:distance>
     <gpxdata:cadence>78</gpxdata:cadence>
     <gpxdata:speed>3.567</gpxdata:speed>
    </extensions>
   </trkpt>
   <trkpt lat="47.2186665" lon="38.9247149">
    <ele>13</ele>
    <time>2026-07-26T05:13:11Z</time>
    <extensions>
     <gpxdata:hr>185</gpxdata:hr>
     <gpxdata:distance>2604.50</gpxdata:distance>
     <gpxdata:cadence>78</gpxdata:cadence>
     <gpxdata:speed>3.564</gpxdata:speed>
    </extensions>
   </trkpt>
   <trkpt lat="47.2186451" lon="38.9247465">
    <ele>13</ele>
    <time>2026-07-26T05:13:12Z</time>
    <extensions>
     <gpxdata:hr>185</gpxdata:hr>
     <gpxdata:distance>2608.00</gpxdata:distance>
     <gpxdata:cadence>78</gpxdata:cadence>
     <gpxdata:speed>3.564</gpxdata:speed>
    </extensions>
   </trkpt>
   <trkpt lat="47.2186237" lon="38.9247781">
    <ele>13</ele>
    <time>2026-07-26T05:13:13Z</time>
    <extensions>
     <gpxdata:hr>186</gpxdata:hr>
     <gpxdata:distance>2611.50</gpxdata:distance>
     <gpxdata:cadence>77</gpxdata:cadence>
     <gpxdata:speed>3.561</gpxdata:speed>
    </extensions>
   </trkpt>
   <trkpt lat="47.2186085" lon="38.9248160">
    <ele>13</ele>
    <time>2026-07-26T05:13:14Z</time>
    <extensions>
     <gpxdata:hr>186</gpxdata:hr>
     <gpxdata:distance>2615.00</gpxdata:distance>
     <gpxdata:cadence>77</gpxdata:cadence>
     <gpxdata:speed>3.558</gpxdata:speed>
    </extensions>
   </trkpt>
   <trkpt lat="47.2185933" lon="38.9248540">
    <ele>14</ele>
    <time>2026-07-26T05:13:15Z</time>
    <extensions>
     <gpxdata:hr>185</gpxdata:hr>
     <gpxdata:distance>2618.50</gpxdata:distance>
     <gpxdata:cadence>77</gpxdata:cadence>
     <gpxdata:speed>3.556</gpxdata:speed>
    </extensions>
   </trkpt>
   <trkpt lat="47.2185941" lon="38.9249019">
    <ele>13</ele>
    <time>2026-07-26T05:13:16Z</time>
    <extensions>
     <gpxdata:hr>185</gpxdata:hr>
     <gpxdata:distance>2622.00</gpxdata:distance>
     <gpxdata:cadence>77</gpxdata:cadence>
     <gpxdata:speed>3.556</gpxdata:speed>
    </extensions>
   </trkpt>
   <trkpt lat="47.2185949" lon="38.9249498">
    <ele>13</ele>
    <time>2026-07-26T05:13:17Z</time>
    <extensions>
     <gpxdata:hr>184</gpxdata:hr>
     <gpxdata:distance>2626.50</gpxdata:distance>
     <gpxdata:cadence>77</gpxdata:cadence>
     <gpxdata:speed>3.556</gpxdata:speed>
    </extensions>
   </trkpt>
   <trkpt lat="47.2186136" lon="38.9249984">
    <ele>13</ele>
    <time>2026-07-26T05:13:18Z</time>
    <extensions>
     <gpxdata:hr>185</gpxdata:hr>
     <gpxdata:distance>2631.00</gpxdata:distance>
     <gpxdata:cadence>77</gpxdata:cadence>
     <gpxdata:speed>3.558</gpxdata:speed>
    </extensions>
   </trkpt>
   <trkpt lat="47.2186323" lon="38.9250471">
    <ele>13</ele>
    <time>2026-07-26T05:13:19Z</time>
    <extensions>
     <gpxdata:hr>185</gpxdata:hr>
     <gpxdata:distance>2636.00</gpxdata:distance>
     <gpxdata:cadence>77</gpxdata:cadence>
     <gpxdata:speed>3.561</gpxdata:speed>
    </extensions>
   </trkpt>
   <trkpt lat="47.2186624" lon="38.9250893">
    <ele>13</ele>
    <time>2026-07-26T05:13:20Z</time>
    <extensions>
     <gpxdata:hr>186</gpxdata:hr>
     <gpxdata:distance>2641.00</gpxdata:distance>
     <gpxdata:cadence>77</gpxdata:cadence>
     <gpxdata:speed>3.567</gpxdata:speed>
    </extensions>
   </trkpt>
   <trkpt lat="47.2186925" lon="38.9251315">
    <ele>13</ele>
    <time>2026-07-26T05:13:21Z</time>
    <extensions>
     <gpxdata:hr>185</gpxdata:hr>
     <gpxdata:distance>2645.00</gpxdata:distance>
     <gpxdata:cadence>77</gpxdata:cadence>
     <gpxdata:speed>3.581</gpxdata:speed>
    </extensions>
   </trkpt>
   <trkpt lat="47.2187241" lon="38.9251702">
    <ele>13</ele>
    <time>2026-07-26T05:13:22Z</time>
    <extensions>
     <gpxdata:hr>185</gpxdata:hr>
     <gpxdata:distance>2649.00</gpxdata:distance>
     <gpxdata:cadence>78</gpxdata:cadence>
     <gpxdata:speed>3.594</gpxdata:speed>
    </extensions>
   </trkpt>
   <trkpt lat="47.2187557" lon="38.9252089">
    <ele>13</ele>
    <time>2026-07-26T05:13:23Z</time>
    <extensions>
     <gpxdata:hr>186</gpxdata:hr>
     <gpxdata:distance>2653.00</gpxdata:distance>
     <gpxdata:cadence>78</gpxdata:cadence>
     <gpxdata:speed>3.625</gpxdata:speed>
    </extensions>
   </trkpt>
   <trkpt lat="47.2187851" lon="38.9252459">
    <ele>13</ele>
    <time>2026-07-26T05:13:24Z</time>
    <extensions>
     <gpxdata:hr>185</gpxdata:hr>
     <gpxdata:distance>2657.00</gpxdata:distance>
     <gpxdata:cadence>78</gpxdata:cadence>
     <gpxdata:speed>3.656</gpxdata:speed>
    </extensions>
   </trkpt>
   <trkpt lat="47.2188145" lon="38.9252830">
    <ele>13</ele>
    <time>2026-07-26T05:13:25Z</time>
    <extensions>
     <gpxdata:hr>185</gpxdata:hr>
     <gpxdata:distance>2661.00</gpxdata:distance>
     <gpxdata:cadence>78</gpxdata:cadence>
     <gpxdata:speed>3.697</gpxdata:speed>
    </extensions>
   </trkpt>
   <trkpt lat="47.2188413" lon="38.9253172">
    <ele>13</ele>
    <time>2026-07-26T05:13:26Z</time>
    <extensions>
     <gpxdata:hr>184</gpxdata:hr>
     <gpxdata:distance>2665.00</gpxdata:distance>
     <gpxdata:cadence>78</gpxdata:cadence>
     <gpxdata:speed>3.739</gpxdata:speed>
    </extensions>
   </trkpt>
   <trkpt lat="47.2188682" lon="38.9253515">
    <ele>13</ele>
    <time>2026-07-26T05:13:27Z</time>
    <extensions>
     <gpxdata:hr>184</gpxdata:hr>
     <gpxdata:distance>2669.00</gpxdata:distance>
     <gpxdata:cadence>78</gpxdata:cadence>
     <gpxdata:speed>3.775</gpxdata:speed>
    </extensions>
   </trkpt>
   <trkpt lat="47.2188940" lon="38.9253841">
    <ele>13</ele>
    <time>2026-07-26T05:13:28Z</time>
    <extensions>
     <gpxdata:hr>183</gpxdata:hr>
     <gpxdata:distance>2673.00</gpxdata:distance>
     <gpxdata:cadence>78</gpxdata:cadence>
     <gpxdata:speed>3.811</gpxdata:speed>
    </extensions>
   </trkpt>
   <trkpt lat="47.2189198" lon="38.9254167">
    <ele>13</ele>
    <time>2026-07-26T05:13:29Z</time>
    <extensions>
     <gpxdata:hr>183</gpxdata:hr>
     <gpxdata:distance>2677.00</gpxdata:distance>
     <gpxdata:cadence>78</gpxdata:cadence>
     <gpxdata:speed>3.833</gpxdata:speed>
    </extensions>
   </trkpt>
   <trkpt lat="47.2189428" lon="38.9254521">
    <ele>13</ele>
    <time>2026-07-26T05:13:30Z</time>
    <extensions>
     <gpxdata:hr>182</gpxdata:hr>
     <gpxdata:distance>2681.00</gpxdata:distance>
     <gpxdata:cadence>78</gpxdata:cadence>
     <gpxdata:speed>3.856</gpxdata:speed>
    </extensions>
   </trkpt>
   <trkpt lat="47.2189658" lon="38.9254875">
    <ele>12</ele>
    <time>2026-07-26T05:13:31Z</time>
    <extensions>
     <gpxdata:hr>182</gpxdata:hr>
     <gpxdata:distance>2684.50</gpxdata:distance>
     <gpxdata:cadence>78</gpxdata:cadence>
     <gpxdata:speed>3.864</gpxdata:speed>
    </extensions>
   </trkpt>
   <trkpt lat="47.2189820" lon="38.9255271">
    <ele>12</ele>
    <time>2026-07-26T05:13:32Z</time>
    <extensions>
     <gpxdata:hr>181</gpxdata:hr>
     <gpxdata:distance>2688.00</gpxdata:distance>
     <gpxdata:cadence>78</gpxdata:cadence>
     <gpxdata:speed>3.875</gpxdata:speed>
    </extensions>
   </trkpt>
   <trkpt lat="47.2189983" lon="38.9255668">
    <ele>12</ele>
    <time>2026-07-26T05:13:33Z</time>
    <extensions>
     <gpxdata:hr>181</gpxdata:hr>
     <gpxdata:distance>2691.50</gpxdata:distance>
     <gpxdata:cadence>78</gpxdata:cadence>
     <gpxdata:speed>3.878</gpxdata:speed>
    </extensions>
   </trkpt>
   <trkpt lat="47.2190051" lon="38.9256157">
    <ele>12</ele>
    <time>2026-07-26T05:13:34Z</time>
    <extensions>
     <gpxdata:hr>180</gpxdata:hr>
     <gpxdata:distance>2695.00</gpxdata:distance>
     <gpxdata:cadence>79</gpxdata:cadence>
     <gpxdata:speed>3.883</gpxdata:speed>
    </extensions>
   </trkpt>
   <trkpt lat="47.2190120" lon="38.9256647">
    <ele>12</ele>
    <time>2026-07-26T05:13:35Z</time>
    <extensions>
     <gpxdata:hr>180</gpxdata:hr>
     <gpxdata:distance>2699.50</gpxdata:distance>
     <gpxdata:cadence>79</gpxdata:cadence>
     <gpxdata:speed>3.881</gpxdata:speed>
    </extensions>
   </trkpt>
   <trkpt lat="47.2190102" lon="38.9257201">
    <ele>12</ele>
    <time>2026-07-26T05:13:36Z</time>
    <extensions>
     <gpxdata:hr>179</gpxdata:hr>
     <gpxdata:distance>2704.00</gpxdata:distance>
     <gpxdata:cadence>79</gpxdata:cadence>
     <gpxdata:speed>3.881</gpxdata:speed>
    </extensions>
   </trkpt>
   <trkpt lat="47.2190085" lon="38.9257756">
    <ele>12</ele>
    <time>2026-07-26T05:13:37Z</time>
    <extensions>
     <gpxdata:hr>179</gpxdata:hr>
     <gpxdata:distance>2708.50</gpxdata:distance>
     <gpxdata:cadence>79</gpxdata:cadence>
     <gpxdata:speed>3.881</gpxdata:speed>
    </extensions>
   </trkpt>
   <trkpt lat="47.2190029" lon="38.9258306">
    <ele>12</ele>
    <time>2026-07-26T05:13:38Z</time>
    <extensions>
     <gpxdata:hr>179</gpxdata:hr>
     <gpxdata:distance>2713.00</gpxdata:distance>
     <gpxdata:cadence>79</gpxdata:cadence>
     <gpxdata:speed>3.881</gpxdata:speed>
    </extensions>
   </trkpt>
   <trkpt lat="47.2189973" lon="38.9258856">
    <ele>12</ele>
    <time>2026-07-26T05:13:39Z</time>
    <extensions>
     <gpxdata:hr>178</gpxdata:hr>
     <gpxdata:distance>2716.50</gpxdata:distance>
     <gpxdata:cadence>80</gpxdata:cadence>
     <gpxdata:speed>3.883</gpxdata:speed>
    </extensions>
   </trkpt>
   <trkpt lat="47.2189975" lon="38.9259350">
    <ele>12</ele>
    <time>2026-07-26T05:13:40Z</time>
    <extensions>
     <gpxdata:hr>178</gpxdata:hr>
     <gpxdata:distance>2720.00</gpxdata:distance>
     <gpxdata:cadence>80</gpxdata:cadence>
     <gpxdata:speed>3.886</gpxdata:speed>
    </extensions>
   </trkpt>
   <trkpt lat="47.2189978" lon="38.9259844">
    <ele>11</ele>
    <time>2026-07-26T05:13:41Z</time>
    <extensions>
     <gpxdata:hr>177</gpxdata:hr>
     <gpxdata:distance>2723.00</gpxdata:distance>
     <gpxdata:cadence>80</gpxdata:cadence>
     <gpxdata:speed>3.889</gpxdata:speed>
    </extensions>
   </trkpt>
   <trkpt lat="47.2190064" lon="38.9260293">
    <ele>11</ele>
    <time>2026-07-26T05:13:42Z</time>
    <extensions>
     <gpxdata:hr>177</gpxdata:hr>
     <gpxdata:distance>2726.00</gpxdata:distance>
     <gpxdata:cadence>81</gpxdata:cadence>
     <gpxdata:speed>3.892</gpxdata:speed>
    </extensions>
   </trkpt>
   <trkpt lat="47.2190151" lon="38.9260743">
    <ele>11</ele>
    <time>2026-07-26T05:13:43Z</time>
    <extensions>
     <gpxdata:hr>176</gpxdata:hr>
     <gpxdata:distance>2730.00</gpxdata:distance>
     <gpxdata:cadence>81</gpxdata:cadence>
     <gpxdata:speed>3.892</gpxdata:speed>
    </extensions>
   </trkpt>
   <trkpt lat="47.2190286" lon="38.9261202">
    <ele>11</ele>
    <time>2026-07-26T05:13:44Z</time>
    <extensions>
     <gpxdata:hr>176</gpxdata:hr>
     <gpxdata:distance>2734.00</gpxdata:distance>
     <gpxdata:cadence>82</gpxdata:cadence>
     <gpxdata:speed>3.892</gpxdata:speed>
    </extensions>
   </trkpt>
   <trkpt lat="47.2190421" lon="38.9261662">
    <ele>11</ele>
    <time>2026-07-26T05:13:45Z</time>
    <extensions>
     <gpxdata:hr>176</gpxdata:hr>
     <gpxdata:distance>2738.50</gpxdata:distance>
     <gpxdata:cadence>82</gpxdata:cadence>
     <gpxdata:speed>3.889</gpxdata:speed>
    </extensions>
   </trkpt>
   <trkpt lat="47.2190591" lon="38.9262147">
    <ele>11</ele>
    <time>2026-07-26T05:13:46Z</time>
    <extensions>
     <gpxdata:hr>176</gpxdata:hr>
     <gpxdata:distance>2743.00</gpxdata:distance>
     <gpxdata:cadence>82</gpxdata:cadence>
     <gpxdata:speed>3.889</gpxdata:speed>
    </extensions>
   </trkpt>
   <trkpt lat="47.2190762" lon="38.9262633">
    <ele>11</ele>
    <time>2026-07-26T05:13:47Z</time>
    <extensions>
     <gpxdata:hr>175</gpxdata:hr>
     <gpxdata:distance>2747.00</gpxdata:distance>
     <gpxdata:cadence>82</gpxdata:cadence>
     <gpxdata:speed>3.889</gpxdata:speed>
    </extensions>
   </trkpt>
   <trkpt lat="47.2190956" lon="38.9263107">
    <ele>11</ele>
    <time>2026-07-26T05:13:48Z</time>
    <extensions>
     <gpxdata:hr>175</gpxdata:hr>
     <gpxdata:distance>2751.00</gpxdata:distance>
     <gpxdata:cadence>82</gpxdata:cadence>
     <gpxdata:speed>3.889</gpxdata:speed>
    </extensions>
   </trkpt>
   <trkpt lat="47.2191151" lon="38.9263582">
    <ele>11</ele>
    <time>2026-07-26T05:13:49Z</time>
    <extensions>
     <gpxdata:hr>175</gpxdata:hr>
     <gpxdata:distance>2755.00</gpxdata:distance>
     <gpxdata:cadence>81</gpxdata:cadence>
     <gpxdata:speed>3.894</gpxdata:speed>
    </extensions>
   </trkpt>
   <trkpt lat="47.2191345" lon="38.9264030">
    <ele>11</ele>
    <time>2026-07-26T05:13:50Z</time>
    <extensions>
     <gpxdata:hr>175</gpxdata:hr>
     <gpxdata:distance>2759.00</gpxdata:distance>
     <gpxdata:cadence>81</gpxdata:cadence>
     <gpxdata:speed>3.903</gpxdata:speed>
    </extensions>
   </trkpt>
   <trkpt lat="47.2191540" lon="38.9264479">
    <ele>11</ele>
    <time>2026-07-26T05:13:51Z</time>
    <extensions>
     <gpxdata:hr>174</gpxdata:hr>
     <gpxdata:distance>2763.00</gpxdata:distance>
     <gpxdata:cadence>80</gpxdata:cadence>
     <gpxdata:speed>3.908</gpxdata:speed>
    </extensions>
   </trkpt>
   <trkpt lat="47.2191736" lon="38.9264923">
    <ele>11</ele>
    <time>2026-07-26T05:13:52Z</time>
    <extensions>
     <gpxdata:hr>174</gpxdata:hr>
     <gpxdata:distance>2767.00</gpxdata:distance>
     <gpxdata:cadence>80</gpxdata:cadence>
     <gpxdata:speed>3.917</gpxdata:speed>
    </extensions>
   </trkpt>
   <trkpt lat="47.2191932" lon="38.9265367">
    <ele>11</ele>
    <time>2026-07-26T05:13:53Z</time>
    <extensions>
     <gpxdata:hr>174</gpxdata:hr>
     <gpxdata:distance>2771.00</gpxdata:distance>
     <gpxdata:cadence>80</gpxdata:cadence>
     <gpxdata:speed>3.919</gpxdata:speed>
    </extensions>
   </trkpt>
   <trkpt lat="47.2192110" lon="38.9265817">
    <ele>11</ele>
    <time>2026-07-26T05:13:54Z</time>
    <extensions>
     <gpxdata:hr>174</gpxdata:hr>
     <gpxdata:distance>2775.00</gpxdata:distance>
     <gpxdata:cadence>80</gpxdata:cadence>
     <gpxdata:speed>3.925</gpxdata:speed>
    </extensions>
   </trkpt>
   <trkpt lat="47.2192289" lon="38.9266268">
    <ele>11</ele>
    <time>2026-07-26T05:13:55Z</time>
    <extensions>
     <gpxdata:hr>174</gpxdata:hr>
     <gpxdata:distance>2778.50</gpxdata:distance>
     <gpxdata:cadence>79</gpxdata:cadence>
     <gpxdata:speed>3.925</gpxdata:speed>
    </extensions>
   </trkpt>
   <trkpt lat="47.2192446" lon="38.9266719">
    <ele>10</ele>
    <time>2026-07-26T05:13:56Z</time>
    <extensions>
     <gpxdata:hr>174</gpxdata:hr>
     <gpxdata:distance>2782.00</gpxdata:distance>
     <gpxdata:cadence>79</gpxdata:cadence>
     <gpxdata:speed>3.928</gpxdata:speed>
    </extensions>
   </trkpt>
   <trkpt lat="47.2192603" lon="38.9267170">
    <ele>10</ele>
    <time>2026-07-26T05:13:57Z</time>
    <extensions>
     <gpxdata:hr>175</gpxdata:hr>
     <gpxdata:distance>2785.50</gpxdata:distance>
     <gpxdata:cadence>79</gpxdata:cadence>
     <gpxdata:speed>3.925</gpxdata:speed>
    </extensions>
   </trkpt>
   <trkpt lat="47.2192692" lon="38.9267596">
    <ele>10</ele>
    <time>2026-07-26T05:13:58Z</time>
    <extensions>
     <gpxdata:hr>176</gpxdata:hr>
     <gpxdata:distance>2789.00</gpxdata:distance>
     <gpxdata:cadence>79</gpxdata:cadence>
     <gpxdata:speed>3.925</gpxdata:speed>
    </extensions>
   </trkpt>
   <trkpt lat="47.2192782" lon="38.9268022">
    <ele>10</ele>
    <time>2026-07-26T05:13:59Z</time>
    <extensions>
     <gpxdata:hr>177</gpxdata:hr>
     <gpxdata:distance>2792.00</gpxdata:distance>
     <gpxdata:cadence>78</gpxdata:cadence>
     <gpxdata:speed>3.919</gpxdata:speed>
    </extensions>
   </trkpt>
   <trkpt lat="47.2192698" lon="38.9268371">
    <ele>10</ele>
    <time>2026-07-26T05:14:00Z</time>
    <extensions>
     <gpxdata:hr>178</gpxdata:hr>
     <gpxdata:distance>2795.00</gpxdata:distance>
     <gpxdata:cadence>78</gpxdata:cadence>
     <gpxdata:speed>3.917</gpxdata:speed>
    </extensions>
   </trkpt>
   <trkpt lat="47.2192614" lon="38.9268721">
    <ele>10</ele>
    <time>2026-07-26T05:14:01Z</time>
    <extensions>
     <gpxdata:hr>178</gpxdata:hr>
     <gpxdata:distance>2798.50</gpxdata:distance>
     <gpxdata:cadence>78</gpxdata:cadence>
     <gpxdata:speed>3.900</gpxdata:speed>
    </extensions>
   </trkpt>
   <trkpt lat="47.2192361" lon="38.9268918">
    <ele>10</ele>
    <time>2026-07-26T05:14:02Z</time>
    <extensions>
     <gpxdata:hr>179</gpxdata:hr>
     <gpxdata:distance>2802.00</gpxdata:distance>
     <gpxdata:cadence>78</gpxdata:cadence>
     <gpxdata:speed>3.886</gpxdata:speed>
    </extensions>
   </trkpt>
   <trkpt lat="47.2192108" lon="38.9269115">
    <ele>10</ele>
    <time>2026-07-26T05:14:03Z</time>
    <extensions>
     <gpxdata:hr>182</gpxdata:hr>
     <gpxdata:distance>2806.00</gpxdata:distance>
     <gpxdata:cadence>78</gpxdata:cadence>
     <gpxdata:speed>3.869</gpxdata:speed>
    </extensions>
   </trkpt>
   <trkpt lat="47.2191769" lon="38.9269175">
    <ele>10</ele>
    <time>2026-07-26T05:14:04Z</time>
    <extensions>
     <gpxdata:hr>184</gpxdata:hr>
     <gpxdata:distance>2810.00</gpxdata:distance>
     <gpxdata:cadence>78</gpxdata:cadence>
     <gpxdata:speed>3.853</gpxdata:speed>
    </extensions>
   </trkpt>
   <trkpt lat="47.2191430" lon="38.9269235">
    <ele>10</ele>
    <time>2026-07-26T05:14:05Z</time>
    <extensions>
     <gpxdata:hr>185</gpxdata:hr>
     <gpxdata:distance>2814.00</gpxdata:distance>
     <gpxdata:cadence>79</gpxdata:cadence>
     <gpxdata:speed>3.844</gpxdata:speed>
    </extensions>
   </trkpt>
   <trkpt lat="47.2191074" lon="38.9269215">
    <ele>10</ele>
    <time>2026-07-26T05:14:06Z</time>
    <extensions>
     <gpxdata:hr>186</gpxdata:hr>
     <gpxdata:distance>2818.00</gpxdata:distance>
     <gpxdata:cadence>79</gpxdata:cadence>
     <gpxdata:speed>3.836</gpxdata:speed>
    </extensions>
   </trkpt>
   <trkpt lat="47.2190719" lon="38.9269196">
    <ele>10</ele>
    <time>2026-07-26T05:14:07Z</time>
    <extensions>
     <gpxdata:hr>186</gpxdata:hr>
     <gpxdata:distance>2821.50</gpxdata:distance>
     <gpxdata:cadence>79</gpxdata:cadence>
     <gpxdata:speed>3.833</gpxdata:speed>
    </extensions>
   </trkpt>
   <trkpt lat="47.2190373" lon="38.9269140">
    <ele>10</ele>
    <time>2026-07-26T05:14:08Z</time>
    <extensions>
     <gpxdata:hr>186</gpxdata:hr>
     <gpxdata:distance>2825.00</gpxdata:distance>
     <gpxdata:cadence>80</gpxdata:cadence>
     <gpxdata:speed>3.833</gpxdata:speed>
    </extensions>
   </trkpt>
   <trkpt lat="47.2190028" lon="38.9269084">
    <ele>10</ele>
    <time>2026-07-26T05:14:09Z</time>
    <extensions>
     <gpxdata:hr>186</gpxdata:hr>
     <gpxdata:distance>2828.50</gpxdata:distance>
     <gpxdata:cadence>79</gpxdata:cadence>
     <gpxdata:speed>3.831</gpxdata:speed>
    </extensions>
   </trkpt>
   <trkpt lat="47.2189693" lon="38.9269005">
    <ele>10</ele>
    <time>2026-07-26T05:14:10Z</time>
    <extensions>
     <gpxdata:hr>186</gpxdata:hr>
     <gpxdata:distance>2832.00</gpxdata:distance>
     <gpxdata:cadence>79</gpxdata:cadence>
     <gpxdata:speed>3.828</gpxdata:speed>
    </extensions>
   </trkpt>
   <trkpt lat="47.2189359" lon="38.9268927">
    <ele>10</ele>
    <time>2026-07-26T05:14:11Z</time>
    <extensions>
     <gpxdata:hr>186</gpxdata:hr>
     <gpxdata:distance>2836.00</gpxdata:distance>
     <gpxdata:cadence>79</gpxdata:cadence>
     <gpxdata:speed>3.822</gpxdata:speed>
    </extensions>
   </trkpt>
   <trkpt lat="47.2189027" lon="38.9268846">
    <ele>10</ele>
    <time>2026-07-26T05:14:12Z</time>
    <extensions>
     <gpxdata:hr>186</gpxdata:hr>
     <gpxdata:distance>2840.00</gpxdata:distance>
     <gpxdata:cadence>80</gpxdata:cadence>
     <gpxdata:speed>3.817</gpxdata:speed>
    </extensions>
   </trkpt>
   <trkpt lat="47.2188696" lon="38.9268765">
    <ele>10</ele>
    <time>2026-07-26T05:14:13Z</time>
    <extensions>
     <gpxdata:hr>186</gpxdata:hr>
     <gpxdata:distance>2843.50</gpxdata:distance>
     <gpxdata:cadence>80</gpxdata:cadence>
     <gpxdata:speed>3.811</gpxdata:speed>
    </extensions>
   </trkpt>
   <trkpt lat="47.2188372" lon="38.9268701">
    <ele>10</ele>
    <time>2026-07-26T05:14:14Z</time>
    <extensions>
     <gpxdata:hr>186</gpxdata:hr>
     <gpxdata:distance>2847.00</gpxdata:distance>
     <gpxdata:cadence>80</gpxdata:cadence>
     <gpxdata:speed>3.808</gpxdata:speed>
    </extensions>
   </trkpt>
   <trkpt lat="47.2188049" lon="38.9268637">
    <ele>10</ele>
    <time>2026-07-26T05:14:15Z</time>
    <extensions>
     <gpxdata:hr>185</gpxdata:hr>
     <gpxdata:distance>2850.50</gpxdata:distance>
     <gpxdata:cadence>80</gpxdata:cadence>
     <gpxdata:speed>3.803</gpxdata:speed>
    </extensions>
   </trkpt>
   <trkpt lat="47.2187746" lon="38.9268578">
    <ele>10</ele>
    <time>2026-07-26T05:14:16Z</time>
    <extensions>
     <gpxdata:hr>185</gpxdata:hr>
     <gpxdata:distance>2854.00</gpxdata:distance>
     <gpxdata:cadence>80</gpxdata:cadence>
     <gpxdata:speed>3.800</gpxdata:speed>
    </extensions>
   </trkpt>
   <trkpt lat="47.2187443" lon="38.9268519">
    <ele>10</ele>
    <time>2026-07-26T05:14:17Z</time>
    <extensions>
     <gpxdata:hr>186</gpxdata:hr>
     <gpxdata:distance>2857.00</gpxdata:distance>
     <gpxdata:cadence>80</gpxdata:cadence>
     <gpxdata:speed>3.794</gpxdata:speed>
    </extensions>
   </trkpt>
   <trkpt lat="47.2187162" lon="38.9268418">
    <ele>10</ele>
    <time>2026-07-26T05:14:18Z</time>
    <extensions>
     <gpxdata:hr>186</gpxdata:hr>
     <gpxdata:distance>2860.00</gpxdata:distance>
     <gpxdata:cadence>80</gpxdata:cadence>
     <gpxdata:speed>3.792</gpxdata:speed>
    </extensions>
   </trkpt>
   <trkpt lat="47.2186882" lon="38.9268318">
    <ele>10</ele>
    <time>2026-07-26T05:14:19Z</time>
    <extensions>
     <gpxdata:hr>186</gpxdata:hr>
     <gpxdata:distance>2863.00</gpxdata:distance>
     <gpxdata:cadence>80</gpxdata:cadence>
     <gpxdata:speed>3.783</gpxdata:speed>
    </extensions>
   </trkpt>
   <trkpt lat="47.2186621" lon="38.9268182">
    <ele>11</ele>
    <time>2026-07-26T05:14:20Z</time>
    <extensions>
     <gpxdata:hr>186</gpxdata:hr>
     <gpxdata:distance>2866.00</gpxdata:distance>
     <gpxdata:cadence>80</gpxdata:cadence>
     <gpxdata:speed>3.775</gpxdata:speed>
    </extensions>
   </trkpt>
   <trkpt lat="47.2186360" lon="38.9268047">
    <ele>11</ele>
    <time>2026-07-26T05:14:21Z</time>
    <extensions>
     <gpxdata:hr>185</gpxdata:hr>
     <gpxdata:distance>2869.00</gpxdata:distance>
     <gpxdata:cadence>80</gpxdata:cadence>
     <gpxdata:speed>3.761</gpxdata:speed>
    </extensions>
   </trkpt>
   <trkpt lat="47.2186097" lon="38.9267893">
    <ele>11</ele>
    <time>2026-07-26T05:14:22Z</time>
    <extensions>
     <gpxdata:hr>185</gpxdata:hr>
     <gpxdata:distance>2872.00</gpxdata:distance>
     <gpxdata:cadence>80</gpxdata:cadence>
     <gpxdata:speed>3.747</gpxdata:speed>
    </extensions>
   </trkpt>
   <trkpt lat="47.2185834" lon="38.9267740">
    <ele>11</ele>
    <time>2026-07-26T05:14:23Z</time>
    <extensions>
     <gpxdata:hr>184</gpxdata:hr>
     <gpxdata:distance>2875.50</gpxdata:distance>
     <gpxdata:cadence>80</gpxdata:cadence>
     <gpxdata:speed>3.731</gpxdata:speed>
    </extensions>
   </trkpt>
   <trkpt lat="47.2185569" lon="38.9267538">
    <ele>11</ele>
    <time>2026-07-26T05:14:24Z</time>
    <extensions>
     <gpxdata:hr>184</gpxdata:hr>
     <gpxdata:distance>2879.00</gpxdata:distance>
     <gpxdata:cadence>81</gpxdata:cadence>
     <gpxdata:speed>3.717</gpxdata:speed>
    </extensions>
   </trkpt>
   <trkpt lat="47.2185305" lon="38.9267337">
    <ele>11</ele>
    <time>2026-07-26T05:14:25Z</time>
    <extensions>
     <gpxdata:hr>183</gpxdata:hr>
     <gpxdata:distance>2882.50</gpxdata:distance>
     <gpxdata:cadence>81</gpxdata:cadence>
     <gpxdata:speed>3.675</gpxdata:speed>
    </extensions>
   </trkpt>
   <trkpt lat="47.2185022" lon="38.9267101">
    <ele>11</ele>
    <time>2026-07-26T05:14:26Z</time>
    <extensions>
     <gpxdata:hr>184</gpxdata:hr>
     <gpxdata:distance>2886.00</gpxdata:distance>
     <gpxdata:cadence>81</gpxdata:cadence>
     <gpxdata:speed>3.636</gpxdata:speed>
    </extensions>
   </trkpt>
   <trkpt lat="47.2184739" lon="38.9266865">
    <ele>11</ele>
    <time>2026-07-26T05:14:27Z</time>
    <extensions>
     <gpxdata:hr>184</gpxdata:hr>
     <gpxdata:distance>2890.00</gpxdata:distance>
     <gpxdata:cadence>81</gpxdata:cadence>
     <gpxdata:speed>3.614</gpxdata:speed>
    </extensions>
   </trkpt>
   <trkpt lat="47.2184453" lon="38.9266628">
    <ele>11</ele>
    <time>2026-07-26T05:14:28Z</time>
    <extensions>
     <gpxdata:hr>184</gpxdata:hr>
     <gpxdata:distance>2894.00</gpxdata:distance>
     <gpxdata:cadence>82</gpxdata:cadence>
     <gpxdata:speed>3.592</gpxdata:speed>
    </extensions>
   </trkpt>
   <trkpt lat="47.2184167" lon="38.9266391">
    <ele>11</ele>
    <time>2026-07-26T05:14:29Z</time>
    <extensions>
     <gpxdata:hr>185</gpxdata:hr>
     <gpxdata:distance>2897.00</gpxdata:distance>
     <gpxdata:cadence>82</gpxdata:cadence>
     <gpxdata:speed>3.556</gpxdata:speed>
    </extensions>
   </trkpt>
   <trkpt lat="47.2183898" lon="38.9266130">
    <ele>12</ele>
    <time>2026-07-26T05:14:30Z</time>
    <extensions>
     <gpxdata:hr>185</gpxdata:hr>
     <gpxdata:distance>2900.00</gpxdata:distance>
     <gpxdata:cadence>82</gpxdata:cadence>
     <gpxdata:speed>3.522</gpxdata:speed>
    </extensions>
   </trkpt>
   <trkpt lat="47.2183630" lon="38.9265870">
    <ele>12</ele>
    <time>2026-07-26T05:14:31Z</time>
    <extensions>
     <gpxdata:hr>186</gpxdata:hr>
     <gpxdata:distance>2904.00</gpxdata:distance>
     <gpxdata:cadence>82</gpxdata:cadence>
     <gpxdata:speed>3.517</gpxdata:speed>
    </extensions>
   </trkpt>
   <trkpt lat="47.2183365" lon="38.9265624">
    <ele>12</ele>
    <time>2026-07-26T05:14:32Z</time>
    <extensions>
     <gpxdata:hr>186</gpxdata:hr>
     <gpxdata:distance>2908.00</gpxdata:distance>
     <gpxdata:cadence>82</gpxdata:cadence>
     <gpxdata:speed>3.511</gpxdata:speed>
    </extensions>
   </trkpt>
   <trkpt lat="47.2183100" lon="38.9265378">
    <ele>12</ele>
    <time>2026-07-26T05:14:33Z</time>
    <extensions>
     <gpxdata:hr>186</gpxdata:hr>
     <gpxdata:distance>2911.50</gpxdata:distance>
     <gpxdata:cadence>81</gpxdata:cadence>
     <gpxdata:speed>3.511</gpxdata:speed>
    </extensions>
   </trkpt>
   <trkpt lat="47.2182816" lon="38.9265156">
    <ele>12</ele>
    <time>2026-07-26T05:14:34Z</time>
    <extensions>
     <gpxdata:hr>187</gpxdata:hr>
     <gpxdata:distance>2915.00</gpxdata:distance>
     <gpxdata:cadence>81</gpxdata:cadence>
     <gpxdata:speed>3.514</gpxdata:speed>
    </extensions>
   </trkpt>
   <trkpt lat="47.2182532" lon="38.9264935">
    <ele>12</ele>
    <time>2026-07-26T05:14:35Z</time>
    <extensions>
     <gpxdata:hr>187</gpxdata:hr>
     <gpxdata:distance>2918.50</gpxdata:distance>
     <gpxdata:cadence>81</gpxdata:cadence>
     <gpxdata:speed>3.514</gpxdata:speed>
    </extensions>
   </trkpt>
   <trkpt lat="47.2182236" lon="38.9264718">
    <ele>12</ele>
    <time>2026-07-26T05:14:36Z</time>
    <extensions>
     <gpxdata:hr>187</gpxdata:hr>
     <gpxdata:distance>2922.00</gpxdata:distance>
     <gpxdata:cadence>81</gpxdata:cadence>
     <gpxdata:speed>3.514</gpxdata:speed>
    </extensions>
   </trkpt>
   <trkpt lat="47.2181940" lon="38.9264501">
    <ele>12</ele>
    <time>2026-07-26T05:14:37Z</time>
    <extensions>
     <gpxdata:hr>187</gpxdata:hr>
     <gpxdata:distance>2926.00</gpxdata:distance>
     <gpxdata:cadence>80</gpxdata:cadence>
     <gpxdata:speed>3.511</gpxdata:speed>
    </extensions>
   </trkpt>
   <trkpt lat="47.2181612" lon="38.9264359">
    <ele>12</ele>
    <time>2026-07-26T05:14:38Z</time>
    <extensions>
     <gpxdata:hr>187</gpxdata:hr>
     <gpxdata:distance>2930.00</gpxdata:distance>
     <gpxdata:cadence>80</gpxdata:cadence>
     <gpxdata:speed>3.511</gpxdata:speed>
    </extensions>
   </trkpt>
   <trkpt lat="47.2181284" lon="38.9264218">
    <ele>12</ele>
    <time>2026-07-26T05:14:39Z</time>
    <extensions>
     <gpxdata:hr>187</gpxdata:hr>
     <gpxdata:distance>2934.00</gpxdata:distance>
     <gpxdata:cadence>80</gpxdata:cadence>
     <gpxdata:speed>3.511</gpxdata:speed>
    </extensions>
   </trkpt>
   <trkpt lat="47.2180949" lon="38.9264193">
    <ele>13</ele>
    <time>2026-07-26T05:14:40Z</time>
    <extensions>
     <gpxdata:hr>187</gpxdata:hr>
     <gpxdata:distance>2938.00</gpxdata:distance>
     <gpxdata:cadence>80</gpxdata:cadence>
     <gpxdata:speed>3.514</gpxdata:speed>
    </extensions>
   </trkpt>
   <trkpt lat="47.2180614" lon="38.9264169">
    <ele>13</ele>
    <time>2026-07-26T05:14:41Z</time>
    <extensions>
     <gpxdata:hr>187</gpxdata:hr>
     <gpxdata:distance>2941.50</gpxdata:distance>
     <gpxdata:cadence>80</gpxdata:cadence>
     <gpxdata:speed>3.517</gpxdata:speed>
    </extensions>
   </trkpt>
   <trkpt lat="47.2180313" lon="38.9264224">
    <ele>13</ele>
    <time>2026-07-26T05:14:42Z</time>
    <extensions>
     <gpxdata:hr>187</gpxdata:hr>
     <gpxdata:distance>2945.00</gpxdata:distance>
     <gpxdata:cadence>80</gpxdata:cadence>
     <gpxdata:speed>3.519</gpxdata:speed>
    </extensions>
   </trkpt>
   <trkpt lat="47.2180012" lon="38.9264280">
    <ele>13</ele>
    <time>2026-07-26T05:14:43Z</time>
    <extensions>
     <gpxdata:hr>186</gpxdata:hr>
     <gpxdata:distance>2948.00</gpxdata:distance>
     <gpxdata:cadence>79</gpxdata:cadence>
     <gpxdata:speed>3.522</gpxdata:speed>
    </extensions>
   </trkpt>
   <trkpt lat="47.2179786" lon="38.9264442">
    <ele>13</ele>
    <time>2026-07-26T05:14:44Z</time>
    <extensions>
     <gpxdata:hr>186</gpxdata:hr>
     <gpxdata:distance>2951.00</gpxdata:distance>
     <gpxdata:cadence>79</gpxdata:cadence>
     <gpxdata:speed>3.528</gpxdata:speed>
    </extensions>
   </trkpt>
   <trkpt lat="47.2179561" lon="38.9264604">
    <ele>13</ele>
    <time>2026-07-26T05:14:45Z</time>
    <extensions>
     <gpxdata:hr>186</gpxdata:hr>
     <gpxdata:distance>2953.50</gpxdata:distance>
     <gpxdata:cadence>79</gpxdata:cadence>
     <gpxdata:speed>3.528</gpxdata:speed>
    </extensions>
   </trkpt>
   <trkpt lat="47.2179470" lon="38.9264937">
    <ele>13</ele>
    <time>2026-07-26T05:14:46Z</time>
    <extensions>
     <gpxdata:hr>186</gpxdata:hr>
     <gpxdata:distance>2956.00</gpxdata:distance>
     <gpxdata:cadence>78</gpxdata:cadence>
     <gpxdata:speed>3.531</gpxdata:speed>
    </extensions>
   </trkpt>
   <trkpt lat="47.2179380" lon="38.9265270">
    <ele>13</ele>
    <time>2026-07-26T05:14:47Z</time>
    <extensions>
     <gpxdata:hr>186</gpxdata:hr>
     <gpxdata:distance>2960.00</gpxdata:distance>
     <gpxdata:cadence>78</gpxdata:cadence>
     <gpxdata:speed>3.522</gpxdata:speed>
    </extensions>
   </trkpt>
   <trkpt lat="47.2179419" lon="38.9265744">
    <ele>13</ele>
    <time>2026-07-26T05:14:48Z</time>
    <extensions>
     <gpxdata:hr>186</gpxdata:hr>
     <gpxdata:distance>2964.00</gpxdata:distance>
     <gpxdata:cadence>78</gpxdata:cadence>
     <gpxdata:speed>3.514</gpxdata:speed>
    </extensions>
   </trkpt>
   <trkpt lat="47.2179459" lon="38.9266218">
    <ele>13</ele>
    <time>2026-07-26T05:14:49Z</time>
    <extensions>
     <gpxdata:hr>186</gpxdata:hr>
     <gpxdata:distance>2968.50</gpxdata:distance>
     <gpxdata:cadence>77</gpxdata:cadence>
     <gpxdata:speed>3.506</gpxdata:speed>
    </extensions>
   </trkpt>
   <trkpt lat="47.2179544" lon="38.9266744">
    <ele>13</ele>
    <time>2026-07-26T05:14:50Z</time>
    <extensions>
     <gpxdata:hr>187</gpxdata:hr>
     <gpxdata:distance>2973.00</gpxdata:distance>
     <gpxdata:cadence>77</gpxdata:cadence>
     <gpxdata:speed>3.497</gpxdata:speed>
    </extensions>
   </trkpt>
   <trkpt lat="47.2179630" lon="38.9267270">
    <ele>13</ele>
    <time>2026-07-26T05:14:51Z</time>
    <extensions>
     <gpxdata:hr>188</gpxdata:hr>
     <gpxdata:distance>2976.50</gpxdata:distance>
     <gpxdata:cadence>77</gpxdata:cadence>
     <gpxdata:speed>3.497</gpxdata:speed>
    </extensions>
   </trkpt>
   <trkpt lat="47.2179738" lon="38.9267770">
    <ele>13</ele>
    <time>2026-07-26T05:14:52Z</time>
    <extensions>
     <gpxdata:hr>188</gpxdata:hr>
     <gpxdata:distance>2980.00</gpxdata:distance>
     <gpxdata:cadence>77</gpxdata:cadence>
     <gpxdata:speed>3.497</gpxdata:speed>
    </extensions>
   </trkpt>
   <trkpt lat="47.2179847" lon="38.9268271">
    <ele>13</ele>
    <time>2026-07-26T05:14:53Z</time>
    <extensions>
     <gpxdata:hr>188</gpxdata:hr>
     <gpxdata:distance>2983.50</gpxdata:distance>
     <gpxdata:cadence>77</gpxdata:cadence>
     <gpxdata:speed>3.508</gpxdata:speed>
    </extensions>
   </trkpt>
   <trkpt lat="47.2179983" lon="38.9268743">
    <ele>13</ele>
    <time>2026-07-26T05:14:54Z</time>
    <extensions>
     <gpxdata:hr>187</gpxdata:hr>
     <gpxdata:distance>2987.00</gpxdata:distance>
     <gpxdata:cadence>78</gpxdata:cadence>
     <gpxdata:speed>3.522</gpxdata:speed>
    </extensions>
   </trkpt>
   <trkpt lat="47.2180119" lon="38.9269215">
    <ele>14</ele>
    <time>2026-07-26T05:14:55Z</time>
    <extensions>
     <gpxdata:hr>187</gpxdata:hr>
     <gpxdata:distance>2991.00</gpxdata:distance>
     <gpxdata:cadence>78</gpxdata:cadence>
     <gpxdata:speed>3.533</gpxdata:speed>
    </extensions>
   </trkpt>
   <trkpt lat="47.2180285" lon="38.9269640">
    <ele>13</ele>
    <time>2026-07-26T05:14:56Z</time>
    <extensions>
     <gpxdata:hr>186</gpxdata:hr>
     <gpxdata:distance>2995.00</gpxdata:distance>
     <gpxdata:cadence>78</gpxdata:cadence>
     <gpxdata:speed>3.544</gpxdata:speed>
    </extensions>
   </trkpt>
   <trkpt lat="47.2180451" lon="38.9270065">
    <ele>13</ele>
    <time>2026-07-26T05:14:57Z</time>
    <extensions>
     <gpxdata:hr>186</gpxdata:hr>
     <gpxdata:distance>2998.50</gpxdata:distance>
     <gpxdata:cadence>77</gpxdata:cadence>
     <gpxdata:speed>3.550</gpxdata:speed>
    </extensions>
   </trkpt>
   <trkpt lat="47.2180653" lon="38.9270444">
    <ele>13</ele>
    <time>2026-07-26T05:14:58Z</time>
    <extensions>
     <gpxdata:hr>186</gpxdata:hr>
     <gpxdata:distance>3002.00</gpxdata:distance>
     <gpxdata:cadence>77</gpxdata:cadence>
     <gpxdata:speed>3.558</gpxdata:speed>
    </extensions>
   </trkpt>
   <trkpt lat="47.2180855" lon="38.9270824">
    <ele>13</ele>
    <time>2026-07-26T05:14:59Z</time>
    <extensions>
     <gpxdata:hr>186</gpxdata:hr>
     <gpxdata:distance>3005.50</gpxdata:distance>
     <gpxdata:cadence>77</gpxdata:cadence>
     <gpxdata:speed>3.561</gpxdata:speed>
    </extensions>
   </trkpt>
   <trkpt lat="47.2181068" lon="38.9271177">
    <ele>13</ele>
    <time>2026-07-26T05:15:00Z</time>
    <extensions>
     <gpxdata:hr>186</gpxdata:hr>
     <gpxdata:distance>3009.00</gpxdata:distance>
     <gpxdata:cadence>78</gpxdata:cadence>
     <gpxdata:speed>3.567</gpxdata:speed>
    </extensions>
   </trkpt>
   <trkpt lat="47.2181282" lon="38.9271531">
    <ele>13</ele>
    <time>2026-07-26T05:15:01Z</time>
    <extensions>
     <gpxdata:hr>186</gpxdata:hr>
     <gpxdata:distance>3012.50</gpxdata:distance>
     <gpxdata:cadence>78</gpxdata:cadence>
     <gpxdata:speed>3.569</gpxdata:speed>
    </extensions>
   </trkpt>
   <trkpt lat="47.2181503" lon="38.9271874">
    <ele>13</ele>
    <time>2026-07-26T05:15:02Z</time>
    <extensions>
     <gpxdata:hr>186</gpxdata:hr>
     <gpxdata:distance>3016.00</gpxdata:distance>
     <gpxdata:cadence>78</gpxdata:cadence>
     <gpxdata:speed>3.572</gpxdata:speed>
    </extensions>
   </trkpt>
   <trkpt lat="47.2181725" lon="38.9272218">
    <ele>13</ele>
    <time>2026-07-26T05:15:03Z</time>
    <extensions>
     <gpxdata:hr>186</gpxdata:hr>
     <gpxdata:distance>3020.00</gpxdata:distance>
     <gpxdata:cadence>77</gpxdata:cadence>
     <gpxdata:speed>3.572</gpxdata:speed>
    </extensions>
   </trkpt>
   <trkpt lat="47.2181956" lon="38.9272579">
    <ele>13</ele>
    <time>2026-07-26T05:15:04Z</time>
    <extensions>
     <gpxdata:hr>186</gpxdata:hr>
     <gpxdata:distance>3024.00</gpxdata:distance>
     <gpxdata:cadence>77</gpxdata:cadence>
     <gpxdata:speed>3.575</gpxdata:speed>
    </extensions>
   </trkpt>
   <trkpt lat="47.2182188" lon="38.9272941">
    <ele>13</ele>
    <time>2026-07-26T05:15:05Z</time>
    <extensions>
     <gpxdata:hr>186</gpxdata:hr>
     <gpxdata:distance>3028.00</gpxdata:distance>
     <gpxdata:cadence>77</gpxdata:cadence>
     <gpxdata:speed>3.575</gpxdata:speed>
    </extensions>
   </trkpt>
   <trkpt lat="47.2182408" lon="38.9273331">
    <ele>12</ele>
    <time>2026-07-26T05:15:06Z</time>
    <extensions>
     <gpxdata:hr>185</gpxdata:hr>
     <gpxdata:distance>3032.00</gpxdata:distance>
     <gpxdata:cadence>77</gpxdata:cadence>
     <gpxdata:speed>3.578</gpxdata:speed>
    </extensions>
   </trkpt>
   <trkpt lat="47.2182628" lon="38.9273722">
    <ele>12</ele>
    <time>2026-07-26T05:15:07Z</time>
    <extensions>
     <gpxdata:hr>186</gpxdata:hr>
     <gpxdata:distance>3035.50</gpxdata:distance>
     <gpxdata:cadence>77</gpxdata:cadence>
     <gpxdata:speed>3.578</gpxdata:speed>
    </extensions>
   </trkpt>
   <trkpt lat="47.2182806" lon="38.9274136">
    <ele>12</ele>
    <time>2026-07-26T05:15:08Z</time>
    <extensions>
     <gpxdata:hr>185</gpxdata:hr>
     <gpxdata:distance>3039.00</gpxdata:distance>
     <gpxdata:cadence>77</gpxdata:cadence>
     <gpxdata:speed>3.581</gpxdata:speed>
    </extensions>
   </trkpt>
   <trkpt lat="47.2182984" lon="38.9274551">
    <ele>12</ele>
    <time>2026-07-26T05:15:09Z</time>
    <extensions>
     <gpxdata:hr>185</gpxdata:hr>
     <gpxdata:distance>3042.50</gpxdata:distance>
     <gpxdata:cadence>77</gpxdata:cadence>
     <gpxdata:speed>3.583</gpxdata:speed>
    </extensions>
   </trkpt>
   <trkpt lat="47.2183130" lon="38.9274962">
    <ele>12</ele>
    <time>2026-07-26T05:15:10Z</time>
    <extensions>
     <gpxdata:hr>186</gpxdata:hr>
     <gpxdata:distance>3046.00</gpxdata:distance>
     <gpxdata:cadence>78</gpxdata:cadence>
     <gpxdata:speed>3.586</gpxdata:speed>
    </extensions>
   </trkpt>
   <trkpt lat="47.2183276" lon="38.9275373">
    <ele>12</ele>
    <time>2026-07-26T05:15:11Z</time>
    <extensions>
     <gpxdata:hr>185</gpxdata:hr>
     <gpxdata:distance>3049.50</gpxdata:distance>
     <gpxdata:cadence>77</gpxdata:cadence>
     <gpxdata:speed>3.586</gpxdata:speed>
    </extensions>
   </trkpt>
   <trkpt lat="47.2183409" lon="38.9275766">
    <ele>12</ele>
    <time>2026-07-26T05:15:12Z</time>
    <extensions>
     <gpxdata:hr>186</gpxdata:hr>
     <gpxdata:distance>3053.00</gpxdata:distance>
     <gpxdata:cadence>77</gpxdata:cadence>
     <gpxdata:speed>3.589</gpxdata:speed>
    </extensions>
   </trkpt>
   <trkpt lat="47.2183543" lon="38.9276160">
    <ele>12</ele>
    <time>2026-07-26T05:15:13Z</time>
    <extensions>
     <gpxdata:hr>186</gpxdata:hr>
     <gpxdata:distance>3056.00</gpxdata:distance>
     <gpxdata:cadence>77</gpxdata:cadence>
     <gpxdata:speed>3.589</gpxdata:speed>
    </extensions>
   </trkpt>
   <trkpt lat="47.2183711" lon="38.9276558">
    <ele>12</ele>
    <time>2026-07-26T05:15:14Z</time>
    <extensions>
     <gpxdata:hr>185</gpxdata:hr>
     <gpxdata:distance>3059.00</gpxdata:distance>
     <gpxdata:cadence>78</gpxdata:cadence>
     <gpxdata:speed>3.589</gpxdata:speed>
    </extensions>
   </trkpt>
   <trkpt lat="47.2183880" lon="38.9276957">
    <ele>12</ele>
    <time>2026-07-26T05:15:15Z</time>
    <extensions>
     <gpxdata:hr>185</gpxdata:hr>
     <gpxdata:distance>3063.00</gpxdata:distance>
     <gpxdata:cadence>78</gpxdata:cadence>
     <gpxdata:speed>3.586</gpxdata:speed>
    </extensions>
   </trkpt>
   <trkpt lat="47.2184096" lon="38.9277323">
    <ele>12</ele>
    <time>2026-07-26T05:15:16Z</time>
    <extensions>
     <gpxdata:hr>185</gpxdata:hr>
     <gpxdata:distance>3067.00</gpxdata:distance>
     <gpxdata:cadence>78</gpxdata:cadence>
     <gpxdata:speed>3.583</gpxdata:speed>
    </extensions>
   </trkpt>
   <trkpt lat="47.2184312" lon="38.9277689">
    <ele>12</ele>
    <time>2026-07-26T05:15:17Z</time>
    <extensions>
     <gpxdata:hr>186</gpxdata:hr>
     <gpxdata:distance>3071.00</gpxdata:distance>
     <gpxdata:cadence>77</gpxdata:cadence>
     <gpxdata:speed>3.581</gpxdata:speed>
    </extensions>
   </trkpt>
   <trkpt lat="47.2184541" lon="38.9278063">
    <ele>12</ele>
    <time>2026-07-26T05:15:18Z</time>
    <extensions>
     <gpxdata:hr>186</gpxdata:hr>
     <gpxdata:distance>3075.00</gpxdata:distance>
     <gpxdata:cadence>77</gpxdata:cadence>
     <gpxdata:speed>3.581</gpxdata:speed>
    </extensions>
   </trkpt>
   <trkpt lat="47.2184771" lon="38.9278438">
    <ele>12</ele>
    <time>2026-07-26T05:15:19Z</time>
    <extensions>
     <gpxdata:hr>186</gpxdata:hr>
     <gpxdata:distance>3078.50</gpxdata:distance>
     <gpxdata:cadence>77</gpxdata:cadence>
     <gpxdata:speed>3.578</gpxdata:speed>
    </extensions>
   </trkpt>
   <trkpt lat="47.2184959" lon="38.9278830">
    <ele>12</ele>
    <time>2026-07-26T05:15:20Z</time>
    <extensions>
     <gpxdata:hr>186</gpxdata:hr>
     <gpxdata:distance>3082.00</gpxdata:distance>
     <gpxdata:cadence>78</gpxdata:cadence>
     <gpxdata:speed>3.578</gpxdata:speed>
    </extensions>
   </trkpt>
   <trkpt lat="47.2185148" lon="38.9279222">
    <ele>11</ele>
    <time>2026-07-26T05:15:21Z</time>
    <extensions>
     <gpxdata:hr>187</gpxdata:hr>
     <gpxdata:distance>3085.50</gpxdata:distance>
     <gpxdata:cadence>77</gpxdata:cadence>
     <gpxdata:speed>3.578</gpxdata:speed>
    </extensions>
   </trkpt>
   <trkpt lat="47.2185294" lon="38.9279606">
    <ele>11</ele>
    <time>2026-07-26T05:15:22Z</time>
    <extensions>
     <gpxdata:hr>187</gpxdata:hr>
     <gpxdata:distance>3089.00</gpxdata:distance>
     <gpxdata:cadence>77</gpxdata:cadence>
     <gpxdata:speed>3.581</gpxdata:speed>
    </extensions>
   </trkpt>
   <trkpt lat="47.2185441" lon="38.9279991">
    <ele>11</ele>
    <time>2026-07-26T05:15:23Z</time>
    <extensions>
     <gpxdata:hr>187</gpxdata:hr>
     <gpxdata:distance>3092.00</gpxdata:distance>
     <gpxdata:cadence>77</gpxdata:cadence>
     <gpxdata:speed>3.578</gpxdata:speed>
    </extensions>
   </trkpt>
   <trkpt lat="47.2185579" lon="38.9280387">
    <ele>11</ele>
    <time>2026-07-26T05:15:24Z</time>
    <extensions>
     <gpxdata:hr>186</gpxdata:hr>
     <gpxdata:distance>3095.00</gpxdata:distance>
     <gpxdata:cadence>77</gpxdata:cadence>
     <gpxdata:speed>3.578</gpxdata:speed>
    </extensions>
   </trkpt>
   <trkpt lat="47.2185718" lon="38.9280784">
    <ele>11</ele>
    <time>2026-07-26T05:15:25Z</time>
    <extensions>
     <gpxdata:hr>186</gpxdata:hr>
     <gpxdata:distance>3099.00</gpxdata:distance>
     <gpxdata:cadence>77</gpxdata:cadence>
     <gpxdata:speed>3.575</gpxdata:speed>
    </extensions>
   </trkpt>
   <trkpt lat="47.2185864" lon="38.9281200">
    <ele>11</ele>
    <time>2026-07-26T05:15:26Z</time>
    <extensions>
     <gpxdata:hr>185</gpxdata:hr>
     <gpxdata:distance>3103.00</gpxdata:distance>
     <gpxdata:cadence>77</gpxdata:cadence>
     <gpxdata:speed>3.575</gpxdata:speed>
    </extensions>
   </trkpt>
   <trkpt lat="47.2186011" lon="38.9281617">
    <ele>11</ele>
    <time>2026-07-26T05:15:27Z</time>
    <extensions>
     <gpxdata:hr>185</gpxdata:hr>
     <gpxdata:distance>3106.00</gpxdata:distance>
     <gpxdata:cadence>77</gpxdata:cadence>
     <gpxdata:speed>3.572</gpxdata:speed>
    </extensions>
   </trkpt>
   <trkpt lat="47.2186145" lon="38.9282028">
    <ele>11</ele>
    <time>2026-07-26T05:15:28Z</time>
    <extensions>
     <gpxdata:hr>184</gpxdata:hr>
     <gpxdata:distance>3109.00</gpxdata:distance>
     <gpxdata:cadence>77</gpxdata:cadence>
     <gpxdata:speed>3.572</gpxdata:speed>
    </extensions>
   </trkpt>
   <trkpt lat="47.2186280" lon="38.9282440">
    <ele>11</ele>
    <time>2026-07-26T05:15:29Z</time>
    <extensions>
     <gpxdata:hr>184</gpxdata:hr>
     <gpxdata:distance>3112.50</gpxdata:distance>
     <gpxdata:cadence>77</gpxdata:cadence>
     <gpxdata:speed>3.569</gpxdata:speed>
    </extensions>
   </trkpt>
   <trkpt lat="47.2186418" lon="38.9282837">
    <ele>11</ele>
    <time>2026-07-26T05:15:30Z</time>
    <extensions>
     <gpxdata:hr>183</gpxdata:hr>
     <gpxdata:distance>3116.00</gpxdata:distance>
     <gpxdata:cadence>77</gpxdata:cadence>
     <gpxdata:speed>3.569</gpxdata:speed>
    </extensions>
   </trkpt>
   <trkpt lat="47.2186557" lon="38.9283235">
    <ele>10</ele>
    <time>2026-07-26T05:15:31Z</time>
    <extensions>
     <gpxdata:hr>183</gpxdata:hr>
     <gpxdata:distance>3119.50</gpxdata:distance>
     <gpxdata:cadence>77</gpxdata:cadence>
     <gpxdata:speed>3.567</gpxdata:speed>
    </extensions>
   </trkpt>
   <trkpt lat="47.2186727" lon="38.9283624">
    <ele>10</ele>
    <time>2026-07-26T05:15:32Z</time>
    <extensions>
     <gpxdata:hr>182</gpxdata:hr>
     <gpxdata:distance>3123.00</gpxdata:distance>
     <gpxdata:cadence>77</gpxdata:cadence>
     <gpxdata:speed>3.567</gpxdata:speed>
    </extensions>
   </trkpt>
   <trkpt lat="47.2186898" lon="38.9284014">
    <ele>10</ele>
    <time>2026-07-26T05:15:33Z</time>
    <extensions>
     <gpxdata:hr>182</gpxdata:hr>
     <gpxdata:distance>3126.50</gpxdata:distance>
     <gpxdata:cadence>77</gpxdata:cadence>
     <gpxdata:speed>3.561</gpxdata:speed>
    </extensions>
   </trkpt>
   <trkpt lat="47.2187098" lon="38.9284383">
    <ele>10</ele>
    <time>2026-07-26T05:15:34Z</time>
    <extensions>
     <gpxdata:hr>181</gpxdata:hr>
     <gpxdata:distance>3130.00</gpxdata:distance>
     <gpxdata:cadence>77</gpxdata:cadence>
     <gpxdata:speed>3.556</gpxdata:speed>
    </extensions>
   </trkpt>
   <trkpt lat="47.2187299" lon="38.9284752">
    <ele>10</ele>
    <time>2026-07-26T05:15:35Z</time>
    <extensions>
     <gpxdata:hr>181</gpxdata:hr>
     <gpxdata:distance>3133.50</gpxdata:distance>
     <gpxdata:cadence>77</gpxdata:cadence>
     <gpxdata:speed>3.550</gpxdata:speed>
    </extensions>
   </trkpt>
   <trkpt lat="47.2187515" lon="38.9285108">
    <ele>10</ele>
    <time>2026-07-26T05:15:36Z</time>
    <extensions>
     <gpxdata:hr>180</gpxdata:hr>
     <gpxdata:distance>3137.00</gpxdata:distance>
     <gpxdata:cadence>77</gpxdata:cadence>
     <gpxdata:speed>3.544</gpxdata:speed>
    </extensions>
   </trkpt>
   <trkpt lat="47.2187732" lon="38.9285465">
    <ele>10</ele>
    <time>2026-07-26T05:15:37Z</time>
    <extensions>
     <gpxdata:hr>180</gpxdata:hr>
     <gpxdata:distance>3141.00</gpxdata:distance>
     <gpxdata:cadence>77</gpxdata:cadence>
     <gpxdata:speed>3.542</gpxdata:speed>
    </extensions>
   </trkpt>
   <trkpt lat="47.2187965" lon="38.9285714">
    <ele>10</ele>
    <time>2026-07-26T05:15:38Z</time>
    <extensions>
     <gpxdata:hr>179</gpxdata:hr>
     <gpxdata:distance>3145.00</gpxdata:distance>
     <gpxdata:cadence>77</gpxdata:cadence>
     <gpxdata:speed>3.539</gpxdata:speed>
    </extensions>
   </trkpt>
   <trkpt lat="47.2188199" lon="38.9285963">
    <ele>10</ele>
    <time>2026-07-26T05:15:39Z</time>
    <extensions>
     <gpxdata:hr>179</gpxdata:hr>
     <gpxdata:distance>3147.50</gpxdata:distance>
     <gpxdata:cadence>77</gpxdata:cadence>
     <gpxdata:speed>3.536</gpxdata:speed>
    </extensions>
   </trkpt>
   <trkpt lat="47.2188479" lon="38.9285985">
    <ele>10</ele>
    <time>2026-07-26T05:15:40Z</time>
    <extensions>
     <gpxdata:hr>178</gpxdata:hr>
     <gpxdata:distance>3150.00</gpxdata:distance>
     <gpxdata:cadence>77</gpxdata:cadence>
     <gpxdata:speed>3.536</gpxdata:speed>
    </extensions>
   </trkpt>
   <trkpt lat="47.2188759" lon="38.9286007">
    <ele>10</ele>
    <time>2026-07-26T05:15:41Z</time>
    <extensions>
     <gpxdata:hr>178</gpxdata:hr>
     <gpxdata:distance>3154.00</gpxdata:distance>
     <gpxdata:cadence>77</gpxdata:cadence>
     <gpxdata:speed>3.533</gpxdata:speed>
    </extensions>
   </trkpt>
   <trkpt lat="47.2189094" lon="38.9285896">
    <ele>10</ele>
    <time>2026-07-26T05:15:42Z</time>
    <extensions>
     <gpxdata:hr>177</gpxdata:hr>
     <gpxdata:distance>3158.00</gpxdata:distance>
     <gpxdata:cadence>77</gpxdata:cadence>
     <gpxdata:speed>3.533</gpxdata:speed>
    </extensions>
   </trkpt>
   <trkpt lat="47.2189430" lon="38.9285785">
    <ele>10</ele>
    <time>2026-07-26T05:15:43Z</time>
    <extensions>
     <gpxdata:hr>178</gpxdata:hr>
     <gpxdata:distance>3162.50</gpxdata:distance>
     <gpxdata:cadence>77</gpxdata:cadence>
     <gpxdata:speed>3.531</gpxdata:speed>
    </extensions>
   </trkpt>
   <trkpt lat="47.2189787" lon="38.9285556">
    <ele>10</ele>
    <time>2026-07-26T05:15:44Z</time>
    <extensions>
     <gpxdata:hr>178</gpxdata:hr>
     <gpxdata:distance>3167.00</gpxdata:distance>
     <gpxdata:cadence>77</gpxdata:cadence>
     <gpxdata:speed>3.528</gpxdata:speed>
    </extensions>
   </trkpt>
   <trkpt lat="47.2190145" lon="38.9285327">
    <ele>10</ele>
    <time>2026-07-26T05:15:45Z</time>
    <extensions>
     <gpxdata:hr>178</gpxdata:hr>
     <gpxdata:distance>3171.50</gpxdata:distance>
     <gpxdata:cadence>77</gpxdata:cadence>
     <gpxdata:speed>3.533</gpxdata:speed>
    </extensions>
   </trkpt>
   <trkpt lat="47.2190499" lon="38.9285044">
    <ele>9</ele>
    <time>2026-07-26T05:15:46Z</time>
    <extensions>
     <gpxdata:hr>177</gpxdata:hr>
     <gpxdata:distance>3176.00</gpxdata:distance>
     <gpxdata:cadence>77</gpxdata:cadence>
     <gpxdata:speed>3.539</gpxdata:speed>
    </extensions>
   </trkpt>
   <trkpt lat="47.2190853" lon="38.9284762">
    <ele>9</ele>
    <time>2026-07-26T05:15:47Z</time>
    <extensions>
     <gpxdata:hr>177</gpxdata:hr>
     <gpxdata:distance>3180.00</gpxdata:distance>
     <gpxdata:cadence>78</gpxdata:cadence>
     <gpxdata:speed>3.561</gpxdata:speed>
    </extensions>
   </trkpt>
   <trkpt lat="47.2191184" lon="38.9284498">
    <ele>9</ele>
    <time>2026-07-26T05:15:48Z</time>
    <extensions>
     <gpxdata:hr>176</gpxdata:hr>
     <gpxdata:distance>3184.00</gpxdata:distance>
     <gpxdata:cadence>78</gpxdata:cadence>
     <gpxdata:speed>3.586</gpxdata:speed>
    </extensions>
   </trkpt>
   <trkpt lat="47.2191515" lon="38.9284234">
    <ele>9</ele>
    <time>2026-07-26T05:15:49Z</time>
    <extensions>
     <gpxdata:hr>176</gpxdata:hr>
     <gpxdata:distance>3187.50</gpxdata:distance>
     <gpxdata:cadence>78</gpxdata:cadence>
     <gpxdata:speed>3.619</gpxdata:speed>
    </extensions>
   </trkpt>
   <trkpt lat="47.2191808" lon="38.9284027">
    <ele>9</ele>
    <time>2026-07-26T05:15:50Z</time>
    <extensions>
     <gpxdata:hr>175</gpxdata:hr>
     <gpxdata:distance>3191.00</gpxdata:distance>
     <gpxdata:cadence>78</gpxdata:cadence>
     <gpxdata:speed>3.653</gpxdata:speed>
    </extensions>
   </trkpt>
   <trkpt lat="47.2192101" lon="38.9283820">
    <ele>9</ele>
    <time>2026-07-26T05:15:51Z</time>
    <extensions>
     <gpxdata:hr>175</gpxdata:hr>
     <gpxdata:distance>3194.50</gpxdata:distance>
     <gpxdata:cadence>78</gpxdata:cadence>
     <gpxdata:speed>3.672</gpxdata:speed>
    </extensions>
   </trkpt>
   <trkpt lat="47.2192393" lon="38.9283632">
    <ele>9</ele>
    <time>2026-07-26T05:15:52Z</time>
    <extensions>
     <gpxdata:hr>174</gpxdata:hr>
     <gpxdata:distance>3198.00</gpxdata:distance>
     <gpxdata:cadence>78</gpxdata:cadence>
     <gpxdata:speed>3.694</gpxdata:speed>
    </extensions>
   </trkpt>
   <trkpt lat="47.2192685" lon="38.9283445">
    <ele>9</ele>
    <time>2026-07-26T05:15:53Z</time>
    <extensions>
     <gpxdata:hr>174</gpxdata:hr>
     <gpxdata:distance>3202.00</gpxdata:distance>
     <gpxdata:cadence>78</gpxdata:cadence>
     <gpxdata:speed>3.703</gpxdata:speed>
    </extensions>
   </trkpt>
   <trkpt lat="47.2192990" lon="38.9283243">
    <ele>9</ele>
    <time>2026-07-26T05:15:54Z</time>
    <extensions>
     <gpxdata:hr>173</gpxdata:hr>
     <gpxdata:distance>3206.00</gpxdata:distance>
     <gpxdata:cadence>79</gpxdata:cadence>
     <gpxdata:speed>3.714</gpxdata:speed>
    </extensions>
   </trkpt>
   <trkpt lat="47.2193295" lon="38.9283042">
    <ele>9</ele>
    <time>2026-07-26T05:15:55Z</time>
    <extensions>
     <gpxdata:hr>173</gpxdata:hr>
     <gpxdata:distance>3210.00</gpxdata:distance>
     <gpxdata:cadence>78</gpxdata:cadence>
     <gpxdata:speed>3.717</gpxdata:speed>
    </extensions>
   </trkpt>
   <trkpt lat="47.2193601" lon="38.9282839">
    <ele>9</ele>
    <time>2026-07-26T05:15:56Z</time>
    <extensions>
     <gpxdata:hr>172</gpxdata:hr>
     <gpxdata:distance>3214.00</gpxdata:distance>
     <gpxdata:cadence>78</gpxdata:cadence>
     <gpxdata:speed>3.722</gpxdata:speed>
    </extensions>
   </trkpt>
   <trkpt lat="47.2193907" lon="38.9282636">
    <ele>9</ele>
    <time>2026-07-26T05:15:57Z</time>
    <extensions>
     <gpxdata:hr>172</gpxdata:hr>
     <gpxdata:distance>3217.50</gpxdata:distance>
     <gpxdata:cadence>78</gpxdata:cadence>
     <gpxdata:speed>3.725</gpxdata:speed>
    </extensions>
   </trkpt>
   <trkpt lat="47.2194195" lon="38.9282440">
    <ele>9</ele>
    <time>2026-07-26T05:15:58Z</time>
    <extensions>
     <gpxdata:hr>171</gpxdata:hr>
     <gpxdata:distance>3221.00</gpxdata:distance>
     <gpxdata:cadence>79</gpxdata:cadence>
     <gpxdata:speed>3.728</gpxdata:speed>
    </extensions>
   </trkpt>
   <trkpt lat="47.2194483" lon="38.9282245">
    <ele>9</ele>
    <time>2026-07-26T05:15:59Z</time>
    <extensions>
     <gpxdata:hr>171</gpxdata:hr>
     <gpxdata:distance>3224.00</gpxdata:distance>
     <gpxdata:cadence>79</gpxdata:cadence>
     <gpxdata:speed>3.733</gpxdata:speed>
    </extensions>
   </trkpt>
   <trkpt lat="47.2194772" lon="38.9282034">
    <ele>9</ele>
    <time>2026-07-26T05:16:00Z</time>
    <extensions>
     <gpxdata:hr>170</gpxdata:hr>
     <gpxdata:distance>3227.00</gpxdata:distance>
     <gpxdata:cadence>79</gpxdata:cadence>
     <gpxdata:speed>3.739</gpxdata:speed>
    </extensions>
   </trkpt>
   <trkpt lat="47.2195062" lon="38.9281823">
    <ele>9</ele>
    <time>2026-07-26T05:16:01Z</time>
    <extensions>
     <gpxdata:hr>170</gpxdata:hr>
     <gpxdata:distance>3231.00</gpxdata:distance>
     <gpxdata:cadence>79</gpxdata:cadence>
     <gpxdata:speed>3.742</gpxdata:speed>
    </extensions>
   </trkpt>
   <trkpt lat="47.2195381" lon="38.9281622">
    <ele>9</ele>
    <time>2026-07-26T05:16:02Z</time>
    <extensions>
     <gpxdata:hr>169</gpxdata:hr>
     <gpxdata:distance>3235.00</gpxdata:distance>
     <gpxdata:cadence>80</gpxdata:cadence>
     <gpxdata:speed>3.744</gpxdata:speed>
    </extensions>
   </trkpt>
   <trkpt lat="47.2195700" lon="38.9281422">
    <ele>9</ele>
    <time>2026-07-26T05:16:03Z</time>
    <extensions>
     <gpxdata:hr>169</gpxdata:hr>
     <gpxdata:distance>3239.50</gpxdata:distance>
     <gpxdata:cadence>80</gpxdata:cadence>
     <gpxdata:speed>3.744</gpxdata:speed>
    </extensions>
   </trkpt>
   <trkpt lat="47.2196026" lon="38.9281207">
    <ele>9</ele>
    <time>2026-07-26T05:16:04Z</time>
    <extensions>
     <gpxdata:hr>169</gpxdata:hr>
     <gpxdata:distance>3244.00</gpxdata:distance>
     <gpxdata:cadence>80</gpxdata:cadence>
     <gpxdata:speed>3.747</gpxdata:speed>
    </extensions>
   </trkpt>
   <trkpt lat="47.2196353" lon="38.9280992">
    <ele>9</ele>
    <time>2026-07-26T05:16:05Z</time>
    <extensions>
     <gpxdata:hr>168</gpxdata:hr>
     <gpxdata:distance>3247.50</gpxdata:distance>
     <gpxdata:cadence>80</gpxdata:cadence>
     <gpxdata:speed>3.750</gpxdata:speed>
    </extensions>
   </trkpt>
   <trkpt lat="47.2196667" lon="38.9280788">
    <ele>9</ele>
    <time>2026-07-26T05:16:06Z</time>
    <extensions>
     <gpxdata:hr>168</gpxdata:hr>
     <gpxdata:distance>3251.00</gpxdata:distance>
     <gpxdata:cadence>80</gpxdata:cadence>
     <gpxdata:speed>3.753</gpxdata:speed>
    </extensions>
   </trkpt>
   <trkpt lat="47.2196982" lon="38.9280584">
    <ele>9</ele>
    <time>2026-07-26T05:16:07Z</time>
    <extensions>
     <gpxdata:hr>168</gpxdata:hr>
     <gpxdata:distance>3254.50</gpxdata:distance>
     <gpxdata:cadence>80</gpxdata:cadence>
     <gpxdata:speed>3.758</gpxdata:speed>
    </extensions>
   </trkpt>
   <trkpt lat="47.2197282" lon="38.9280414">
    <ele>9</ele>
    <time>2026-07-26T05:16:08Z</time>
    <extensions>
     <gpxdata:hr>168</gpxdata:hr>
     <gpxdata:distance>3258.00</gpxdata:distance>
     <gpxdata:cadence>80</gpxdata:cadence>
     <gpxdata:speed>3.764</gpxdata:speed>
    </extensions>
   </trkpt>
   <trkpt lat="47.2197583" lon="38.9280244">
    <ele>9</ele>
    <time>2026-07-26T05:16:09Z</time>
    <extensions>
     <gpxdata:hr>169</gpxdata:hr>
     <gpxdata:distance>3261.50</gpxdata:distance>
     <gpxdata:cadence>80</gpxdata:cadence>
     <gpxdata:speed>3.767</gpxdata:speed>
    </extensions>
   </trkpt>
   <trkpt lat="47.2197882" lon="38.9280065">
    <ele>9</ele>
    <time>2026-07-26T05:16:10Z</time>
    <extensions>
     <gpxdata:hr>169</gpxdata:hr>
     <gpxdata:distance>3265.00</gpxdata:distance>
     <gpxdata:cadence>80</gpxdata:cadence>
     <gpxdata:speed>3.769</gpxdata:speed>
    </extensions>
   </trkpt>
   <trkpt lat="47.2198182" lon="38.9279886">
    <ele>8</ele>
    <time>2026-07-26T05:16:11Z</time>
    <extensions>
     <gpxdata:hr>170</gpxdata:hr>
     <gpxdata:distance>3269.00</gpxdata:distance>
     <gpxdata:cadence>80</gpxdata:cadence>
     <gpxdata:speed>3.769</gpxdata:speed>
    </extensions>
   </trkpt>
   <trkpt lat="47.2198492" lon="38.9279705">
    <ele>8</ele>
    <time>2026-07-26T05:16:12Z</time>
    <extensions>
     <gpxdata:hr>170</gpxdata:hr>
     <gpxdata:distance>3273.00</gpxdata:distance>
     <gpxdata:cadence>80</gpxdata:cadence>
     <gpxdata:speed>3.769</gpxdata:speed>
    </extensions>
   </trkpt>
   <trkpt lat="47.2198803" lon="38.9279525">
    <ele>8</ele>
    <time>2026-07-26T05:16:13Z</time>
    <extensions>
     <gpxdata:hr>170</gpxdata:hr>
     <gpxdata:distance>3276.50</gpxdata:distance>
     <gpxdata:cadence>79</gpxdata:cadence>
     <gpxdata:speed>3.769</gpxdata:speed>
    </extensions>
   </trkpt>
   <trkpt lat="47.2199114" lon="38.9279335">
    <ele>8</ele>
    <time>2026-07-26T05:16:14Z</time>
    <extensions>
     <gpxdata:hr>170</gpxdata:hr>
     <gpxdata:distance>3280.00</gpxdata:distance>
     <gpxdata:cadence>79</gpxdata:cadence>
     <gpxdata:speed>3.769</gpxdata:speed>
    </extensions>
   </trkpt>
   <trkpt lat="47.2199425" lon="38.9279145">
    <ele>8</ele>
    <time>2026-07-26T05:16:15Z</time>
    <extensions>
     <gpxdata:hr>170</gpxdata:hr>
     <gpxdata:distance>3284.00</gpxdata:distance>
     <gpxdata:cadence>79</gpxdata:cadence>
     <gpxdata:speed>3.769</gpxdata:speed>
    </extensions>
   </trkpt>
   <trkpt lat="47.2199733" lon="38.9278951">
    <ele>8</ele>
    <time>2026-07-26T05:16:16Z</time>
    <extensions>
     <gpxdata:hr>170</gpxdata:hr>
     <gpxdata:distance>3288.00</gpxdata:distance>
     <gpxdata:cadence>79</gpxdata:cadence>
     <gpxdata:speed>3.769</gpxdata:speed>
    </extensions>
   </trkpt>
   <trkpt lat="47.2200041" lon="38.9278758">
    <ele>8</ele>
    <time>2026-07-26T05:16:17Z</time>
    <extensions>
     <gpxdata:hr>170</gpxdata:hr>
     <gpxdata:distance>3291.50</gpxdata:distance>
     <gpxdata:cadence>79</gpxdata:cadence>
     <gpxdata:speed>3.767</gpxdata:speed>
    </extensions>
   </trkpt>
   <trkpt lat="47.2200337" lon="38.9278564">
    <ele>8</ele>
    <time>2026-07-26T05:16:18Z</time>
    <extensions>
     <gpxdata:hr>169</gpxdata:hr>
     <gpxdata:distance>3295.00</gpxdata:distance>
     <gpxdata:cadence>79</gpxdata:cadence>
     <gpxdata:speed>3.767</gpxdata:speed>
    </extensions>
   </trkpt>
   <trkpt lat="47.2200633" lon="38.9278370">
    <ele>8</ele>
    <time>2026-07-26T05:16:19Z</time>
    <extensions>
     <gpxdata:hr>169</gpxdata:hr>
     <gpxdata:distance>3298.50</gpxdata:distance>
     <gpxdata:cadence>79</gpxdata:cadence>
     <gpxdata:speed>3.767</gpxdata:speed>
    </extensions>
   </trkpt>
   <trkpt lat="47.2200934" lon="38.9278204">
    <ele>8</ele>
    <time>2026-07-26T05:16:20Z</time>
    <extensions>
     <gpxdata:hr>170</gpxdata:hr>
     <gpxdata:distance>3302.00</gpxdata:distance>
     <gpxdata:cadence>79</gpxdata:cadence>
     <gpxdata:speed>3.767</gpxdata:speed>
    </extensions>
   </trkpt>
   <trkpt lat="47.2201236" lon="38.9278039">
    <ele>8</ele>
    <time>2026-07-26T05:16:21Z</time>
    <extensions>
     <gpxdata:hr>170</gpxdata:hr>
     <gpxdata:distance>3305.50</gpxdata:distance>
     <gpxdata:cadence>79</gpxdata:cadence>
     <gpxdata:speed>3.764</gpxdata:speed>
    </extensions>
   </trkpt>
   <trkpt lat="47.2201552" lon="38.9277846">
    <ele>8</ele>
    <time>2026-07-26T05:16:22Z</time>
    <extensions>
     <gpxdata:hr>170</gpxdata:hr>
     <gpxdata:distance>3309.00</gpxdata:distance>
     <gpxdata:cadence>80</gpxdata:cadence>
     <gpxdata:speed>3.764</gpxdata:speed>
    </extensions>
   </trkpt>
   <trkpt lat="47.2201868" lon="38.9277653">
    <ele>8</ele>
    <time>2026-07-26T05:16:23Z</time>
    <extensions>
     <gpxdata:hr>170</gpxdata:hr>
     <gpxdata:distance>3313.00</gpxdata:distance>
     <gpxdata:cadence>80</gpxdata:cadence>
     <gpxdata:speed>3.761</gpxdata:speed>
    </extensions>
   </trkpt>
   <trkpt lat="47.2202183" lon="38.9277456">
    <ele>8</ele>
    <time>2026-07-26T05:16:24Z</time>
    <extensions>
     <gpxdata:hr>170</gpxdata:hr>
     <gpxdata:distance>3317.00</gpxdata:distance>
     <gpxdata:cadence>80</gpxdata:cadence>
     <gpxdata:speed>3.758</gpxdata:speed>
    </extensions>
   </trkpt>
   <trkpt lat="47.2202498" lon="38.9277259">
    <ele>8</ele>
    <time>2026-07-26T05:16:25Z</time>
    <extensions>
     <gpxdata:hr>170</gpxdata:hr>
     <gpxdata:distance>3321.00</gpxdata:distance>
     <gpxdata:cadence>80</gpxdata:cadence>
     <gpxdata:speed>3.758</gpxdata:speed>
    </extensions>
   </trkpt>
   <trkpt lat="47.2202800" lon="38.9277072">
    <ele>8</ele>
    <time>2026-07-26T05:16:26Z</time>
    <extensions>
     <gpxdata:hr>170</gpxdata:hr>
     <gpxdata:distance>3325.00</gpxdata:distance>
     <gpxdata:cadence>80</gpxdata:cadence>
     <gpxdata:speed>3.761</gpxdata:speed>
    </extensions>
   </trkpt>
   <trkpt lat="47.2203102" lon="38.9276885">
    <ele>8</ele>
    <time>2026-07-26T05:16:27Z</time>
    <extensions>
     <gpxdata:hr>170</gpxdata:hr>
     <gpxdata:distance>3328.00</gpxdata:distance>
     <gpxdata:cadence>80</gpxdata:cadence>
     <gpxdata:speed>3.761</gpxdata:speed>
    </extensions>
   </trkpt>
   <trkpt lat="47.2203397" lon="38.9276702">
    <ele>8</ele>
    <time>2026-07-26T05:16:28Z</time>
    <extensions>
     <gpxdata:hr>171</gpxdata:hr>
     <gpxdata:distance>3331.00</gpxdata:distance>
     <gpxdata:cadence>80</gpxdata:cadence>
     <gpxdata:speed>3.761</gpxdata:speed>
    </extensions>
   </trkpt>
   <trkpt lat="47.2203692" lon="38.9276519">
    <ele>8</ele>
    <time>2026-07-26T05:16:29Z</time>
    <extensions>
     <gpxdata:hr>171</gpxdata:hr>
     <gpxdata:distance>3335.00</gpxdata:distance>
     <gpxdata:cadence>80</gpxdata:cadence>
     <gpxdata:speed>3.758</gpxdata:speed>
    </extensions>
   </trkpt>
   <trkpt lat="47.2203977" lon="38.9276322">
    <ele>8</ele>
    <time>2026-07-26T05:16:30Z</time>
    <extensions>
     <gpxdata:hr>171</gpxdata:hr>
     <gpxdata:distance>3339.00</gpxdata:distance>
     <gpxdata:cadence>80</gpxdata:cadence>
     <gpxdata:speed>3.758</gpxdata:speed>
    </extensions>
   </trkpt>
   <trkpt lat="47.2204262" lon="38.9276126">
    <ele>8</ele>
    <time>2026-07-26T05:16:31Z</time>
    <extensions>
     <gpxdata:hr>171</gpxdata:hr>
     <gpxdata:distance>3342.50</gpxdata:distance>
     <gpxdata:cadence>80</gpxdata:cadence>
     <gpxdata:speed>3.753</gpxdata:speed>
    </extensions>
   </trkpt>
   <trkpt lat="47.2204563" lon="38.9275885">
    <ele>8</ele>
    <time>2026-07-26T05:16:32Z</time>
    <extensions>
     <gpxdata:hr>171</gpxdata:hr>
     <gpxdata:distance>3346.00</gpxdata:distance>
     <gpxdata:cadence>80</gpxdata:cadence>
     <gpxdata:speed>3.750</gpxdata:speed>
    </extensions>
   </trkpt>
   <trkpt lat="47.2204865" lon="38.9275644">
    <ele>8</ele>
    <time>2026-07-26T05:16:33Z</time>
    <extensions>
     <gpxdata:hr>171</gpxdata:hr>
     <gpxdata:distance>3350.50</gpxdata:distance>
     <gpxdata:cadence>80</gpxdata:cadence>
     <gpxdata:speed>3.744</gpxdata:speed>
    </extensions>
   </trkpt>
   <trkpt lat="47.2205162" lon="38.9275335">
    <ele>8</ele>
    <time>2026-07-26T05:16:34Z</time>
    <extensions>
     <gpxdata:hr>171</gpxdata:hr>
     <gpxdata:distance>3355.00</gpxdata:distance>
     <gpxdata:cadence>80</gpxdata:cadence>
     <gpxdata:speed>3.742</gpxdata:speed>
    </extensions>
   </trkpt>
   <trkpt lat="47.2205459" lon="38.9275026">
    <ele>8</ele>
    <time>2026-07-26T05:16:35Z</time>
    <extensions>
     <gpxdata:hr>171</gpxdata:hr>
     <gpxdata:distance>3359.00</gpxdata:distance>
     <gpxdata:cadence>80</gpxdata:cadence>
     <gpxdata:speed>3.742</gpxdata:speed>
    </extensions>
   </trkpt>
   <trkpt lat="47.2205732" lon="38.9274678">
    <ele>8</ele>
    <time>2026-07-26T05:16:36Z</time>
    <extensions>
     <gpxdata:hr>171</gpxdata:hr>
     <gpxdata:distance>3363.00</gpxdata:distance>
     <gpxdata:cadence>80</gpxdata:cadence>
     <gpxdata:speed>3.742</gpxdata:speed>
    </extensions>
   </trkpt>
   <trkpt lat="47.2206005" lon="38.9274331">
    <ele>8</ele>
    <time>2026-07-26T05:16:37Z</time>
    <extensions>
     <gpxdata:hr>171</gpxdata:hr>
     <gpxdata:distance>3366.50</gpxdata:distance>
     <gpxdata:cadence>80</gpxdata:cadence>
     <gpxdata:speed>3.744</gpxdata:speed>
    </extensions>
   </trkpt>
   <trkpt lat="47.2206244" lon="38.9273953">
    <ele>8</ele>
    <time>2026-07-26T05:16:38Z</time>
    <extensions>
     <gpxdata:hr>171</gpxdata:hr>
     <gpxdata:distance>3370.00</gpxdata:distance>
     <gpxdata:cadence>80</gpxdata:cadence>
     <gpxdata:speed>3.747</gpxdata:speed>
    </extensions>
   </trkpt>
   <trkpt lat="47.2206483" lon="38.9273576">
    <ele>8</ele>
    <time>2026-07-26T05:16:39Z</time>
    <extensions>
     <gpxdata:hr>171</gpxdata:hr>
     <gpxdata:distance>3374.00</gpxdata:distance>
     <gpxdata:cadence>80</gpxdata:cadence>
     <gpxdata:speed>3.750</gpxdata:speed>
    </extensions>
   </trkpt>
   <trkpt lat="47.2206680" lon="38.9273185">
    <ele>8</ele>
    <time>2026-07-26T05:16:40Z</time>
    <extensions>
     <gpxdata:hr>170</gpxdata:hr>
     <gpxdata:distance>3378.00</gpxdata:distance>
     <gpxdata:cadence>80</gpxdata:cadence>
     <gpxdata:speed>3.756</gpxdata:speed>
    </extensions>
   </trkpt>
   <trkpt lat="47.2206877" lon="38.9272795">
    <ele>8</ele>
    <time>2026-07-26T05:16:41Z</time>
    <extensions>
     <gpxdata:hr>170</gpxdata:hr>
     <gpxdata:distance>3381.50</gpxdata:distance>
     <gpxdata:cadence>79</gpxdata:cadence>
     <gpxdata:speed>3.758</gpxdata:speed>
    </extensions>
   </trkpt>
   <trkpt lat="47.2207078" lon="38.9272393">
    <ele>8</ele>
    <time>2026-07-26T05:16:42Z</time>
    <extensions>
     <gpxdata:hr>170</gpxdata:hr>
     <gpxdata:distance>3385.00</gpxdata:distance>
     <gpxdata:cadence>79</gpxdata:cadence>
     <gpxdata:speed>3.761</gpxdata:speed>
    </extensions>
   </trkpt>
   <trkpt lat="47.2207280" lon="38.9271991">
    <ele>8</ele>
    <time>2026-07-26T05:16:43Z</time>
    <extensions>
     <gpxdata:hr>169</gpxdata:hr>
     <gpxdata:distance>3389.00</gpxdata:distance>
     <gpxdata:cadence>78</gpxdata:cadence>
     <gpxdata:speed>3.761</gpxdata:speed>
    </extensions>
   </trkpt>
   <trkpt lat="47.2207502" lon="38.9271595">
    <ele>8</ele>
    <time>2026-07-26T05:16:44Z</time>
    <extensions>
     <gpxdata:hr>169</gpxdata:hr>
     <gpxdata:distance>3393.00</gpxdata:distance>
     <gpxdata:cadence>78</gpxdata:cadence>
     <gpxdata:speed>3.761</gpxdata:speed>
    </extensions>
   </trkpt>
   <trkpt lat="47.2207724" lon="38.9271200">
    <ele>8</ele>
    <time>2026-07-26T05:16:45Z</time>
    <extensions>
     <gpxdata:hr>168</gpxdata:hr>
     <gpxdata:distance>3397.00</gpxdata:distance>
     <gpxdata:cadence>78</gpxdata:cadence>
     <gpxdata:speed>3.761</gpxdata:speed>
    </extensions>
   </trkpt>
   <trkpt lat="47.2207965" lon="38.9270819">
    <ele>8</ele>
    <time>2026-07-26T05:16:46Z</time>
    <extensions>
     <gpxdata:hr>168</gpxdata:hr>
     <gpxdata:distance>3401.00</gpxdata:distance>
     <gpxdata:cadence>78</gpxdata:cadence>
     <gpxdata:speed>3.761</gpxdata:speed>
    </extensions>
   </trkpt>
   <trkpt lat="47.2208207" lon="38.9270438">
    <ele>8</ele>
    <time>2026-07-26T05:16:47Z</time>
    <extensions>
     <gpxdata:hr>168</gpxdata:hr>
     <gpxdata:distance>3405.00</gpxdata:distance>
     <gpxdata:cadence>79</gpxdata:cadence>
     <gpxdata:speed>3.764</gpxdata:speed>
    </extensions>
   </trkpt>
   <trkpt lat="47.2208481" lon="38.9270073">
    <ele>8</ele>
    <time>2026-07-26T05:16:48Z</time>
    <extensions>
     <gpxdata:hr>168</gpxdata:hr>
     <gpxdata:distance>3409.00</gpxdata:distance>
     <gpxdata:cadence>79</gpxdata:cadence>
     <gpxdata:speed>3.767</gpxdata:speed>
    </extensions>
   </trkpt>
   <trkpt lat="47.2208755" lon="38.9269708">
    <ele>8</ele>
    <time>2026-07-26T05:16:49Z</time>
    <extensions>
     <gpxdata:hr>168</gpxdata:hr>
     <gpxdata:distance>3413.00</gpxdata:distance>
     <gpxdata:cadence>79</gpxdata:cadence>
     <gpxdata:speed>3.778</gpxdata:speed>
    </extensions>
   </trkpt>
   <trkpt lat="47.2209010" lon="38.9269334">
    <ele>8</ele>
    <time>2026-07-26T05:16:50Z</time>
    <extensions>
     <gpxdata:hr>168</gpxdata:hr>
     <gpxdata:distance>3417.00</gpxdata:distance>
     <gpxdata:cadence>80</gpxdata:cadence>
     <gpxdata:speed>3.792</gpxdata:speed>
    </extensions>
   </trkpt>
   <trkpt lat="47.2209265" lon="38.9268960">
    <ele>8</ele>
    <time>2026-07-26T05:16:51Z</time>
    <extensions>
     <gpxdata:hr>168</gpxdata:hr>
     <gpxdata:distance>3421.00</gpxdata:distance>
     <gpxdata:cadence>79</gpxdata:cadence>
     <gpxdata:speed>3.808</gpxdata:speed>
    </extensions>
   </trkpt>
   <trkpt lat="47.2209489" lon="38.9268594">
    <ele>8</ele>
    <time>2026-07-26T05:16:52Z</time>
    <extensions>
     <gpxdata:hr>168</gpxdata:hr>
     <gpxdata:distance>3425.00</gpxdata:distance>
     <gpxdata:cadence>79</gpxdata:cadence>
     <gpxdata:speed>3.825</gpxdata:speed>
    </extensions>
   </trkpt>
   <trkpt lat="47.2209714" lon="38.9268228">
    <ele>8</ele>
    <time>2026-07-26T05:16:53Z</time>
    <extensions>
     <gpxdata:hr>168</gpxdata:hr>
     <gpxdata:distance>3428.00</gpxdata:distance>
     <gpxdata:cadence>79</gpxdata:cadence>
     <gpxdata:speed>3.831</gpxdata:speed>
    </extensions>
   </trkpt>
   <trkpt lat="47.2209862" lon="38.9267805">
    <ele>8</ele>
    <time>2026-07-26T05:16:54Z</time>
    <extensions>
     <gpxdata:hr>168</gpxdata:hr>
     <gpxdata:distance>3431.00</gpxdata:distance>
     <gpxdata:cadence>79</gpxdata:cadence>
     <gpxdata:speed>3.839</gpxdata:speed>
    </extensions>
   </trkpt>
   <trkpt lat="47.2210011" lon="38.9267383">
    <ele>8</ele>
    <time>2026-07-26T05:16:55Z</time>
    <extensions>
     <gpxdata:hr>167</gpxdata:hr>
     <gpxdata:distance>3435.00</gpxdata:distance>
     <gpxdata:cadence>78</gpxdata:cadence>
     <gpxdata:speed>3.833</gpxdata:speed>
    </extensions>
   </trkpt>
   <trkpt lat="47.2209990" lon="38.9266927">
    <ele>8</ele>
    <time>2026-07-26T05:16:56Z</time>
    <extensions>
     <gpxdata:hr>167</gpxdata:hr>
     <gpxdata:distance>3439.00</gpxdata:distance>
     <gpxdata:cadence>78</gpxdata:cadence>
     <gpxdata:speed>3.831</gpxdata:speed>
    </extensions>
   </trkpt>
   <trkpt lat="47.2209970" lon="38.9266472">
    <ele>8</ele>
    <time>2026-07-26T05:16:57Z</time>
    <extensions>
     <gpxdata:hr>166</gpxdata:hr>
     <gpxdata:distance>3442.50</gpxdata:distance>
     <gpxdata:cadence>78</gpxdata:cadence>
     <gpxdata:speed>3.828</gpxdata:speed>
    </extensions>
   </trkpt>
   <trkpt lat="47.2209772" lon="38.9266097">
    <ele>8</ele>
    <time>2026-07-26T05:16:58Z</time>
    <extensions>
     <gpxdata:hr>166</gpxdata:hr>
     <gpxdata:distance>3446.00</gpxdata:distance>
     <gpxdata:cadence>78</gpxdata:cadence>
     <gpxdata:speed>3.828</gpxdata:speed>
    </extensions>
   </trkpt>
   <trkpt lat="47.2209574" lon="38.9265723">
    <ele>8</ele>
    <time>2026-07-26T05:16:59Z</time>
    <extensions>
     <gpxdata:hr>166</gpxdata:hr>
     <gpxdata:distance>3450.00</gpxdata:distance>
     <gpxdata:cadence>78</gpxdata:cadence>
     <gpxdata:speed>3.825</gpxdata:speed>
    </extensions>
   </trkpt>
   <trkpt lat="47.2209320" lon="38.9265405">
    <ele>8</ele>
    <time>2026-07-26T05:17:00Z</time>
    <extensions>
     <gpxdata:hr>165</gpxdata:hr>
     <gpxdata:distance>3454.00</gpxdata:distance>
     <gpxdata:cadence>78</gpxdata:cadence>
     <gpxdata:speed>3.822</gpxdata:speed>
    </extensions>
   </trkpt>
   <trkpt lat="47.2209067" lon="38.9265087">
    <ele>8</ele>
    <time>2026-07-26T05:17:01Z</time>
    <extensions>
     <gpxdata:hr>165</gpxdata:hr>
     <gpxdata:distance>3457.00</gpxdata:distance>
     <gpxdata:cadence>78</gpxdata:cadence>
     <gpxdata:speed>3.819</gpxdata:speed>
    </extensions>
   </trkpt>
   <trkpt lat="47.2208796" lon="38.9264802">
    <ele>8</ele>
    <time>2026-07-26T05:17:02Z</time>
    <extensions>
     <gpxdata:hr>165</gpxdata:hr>
     <gpxdata:distance>3460.00</gpxdata:distance>
     <gpxdata:cadence>78</gpxdata:cadence>
     <gpxdata:speed>3.819</gpxdata:speed>
    </extensions>
   </trkpt>
   <trkpt lat="47.2208526" lon="38.9264517">
    <ele>8</ele>
    <time>2026-07-26T05:17:03Z</time>
    <extensions>
     <gpxdata:hr>165</gpxdata:hr>
     <gpxdata:distance>3463.50</gpxdata:distance>
     <gpxdata:cadence>78</gpxdata:cadence>
     <gpxdata:speed>3.817</gpxdata:speed>
    </extensions>
   </trkpt>
   <trkpt lat="47.2208263" lon="38.9264202">
    <ele>8</ele>
    <time>2026-07-26T05:17:04Z</time>
    <extensions>
     <gpxdata:hr>166</gpxdata:hr>
     <gpxdata:distance>3467.00</gpxdata:distance>
     <gpxdata:cadence>78</gpxdata:cadence>
     <gpxdata:speed>3.814</gpxdata:speed>
    </extensions>
   </trkpt>
   <trkpt lat="47.2208000" lon="38.9263888">
    <ele>8</ele>
    <time>2026-07-26T05:17:05Z</time>
    <extensions>
     <gpxdata:hr>166</gpxdata:hr>
     <gpxdata:distance>3471.00</gpxdata:distance>
     <gpxdata:cadence>78</gpxdata:cadence>
     <gpxdata:speed>3.808</gpxdata:speed>
    </extensions>
   </trkpt>
   <trkpt lat="47.2207763" lon="38.9263563">
    <ele>8</ele>
    <time>2026-07-26T05:17:06Z</time>
    <extensions>
     <gpxdata:hr>166</gpxdata:hr>
     <gpxdata:distance>3475.00</gpxdata:distance>
     <gpxdata:cadence>79</gpxdata:cadence>
     <gpxdata:speed>3.806</gpxdata:speed>
    </extensions>
   </trkpt>
   <trkpt lat="47.2207526" lon="38.9263239">
    <ele>8</ele>
    <time>2026-07-26T05:17:07Z</time>
    <extensions>
     <gpxdata:hr>166</gpxdata:hr>
     <gpxdata:distance>3478.50</gpxdata:distance>
     <gpxdata:cadence>79</gpxdata:cadence>
     <gpxdata:speed>3.803</gpxdata:speed>
    </extensions>
   </trkpt>
   <trkpt lat="47.2207293" lon="38.9262919">
    <ele>8</ele>
    <time>2026-07-26T05:17:08Z</time>
    <extensions>
     <gpxdata:hr>167</gpxdata:hr>
     <gpxdata:distance>3482.00</gpxdata:distance>
     <gpxdata:cadence>79</gpxdata:cadence>
     <gpxdata:speed>3.800</gpxdata:speed>
    </extensions>
   </trkpt>
   <trkpt lat="47.2207061" lon="38.9262599">
    <ele>8</ele>
    <time>2026-07-26T05:17:09Z</time>
    <extensions>
     <gpxdata:hr>167</gpxdata:hr>
     <gpxdata:distance>3485.50</gpxdata:distance>
     <gpxdata:cadence>79</gpxdata:cadence>
     <gpxdata:speed>3.789</gpxdata:speed>
    </extensions>
   </trkpt>
   <trkpt lat="47.2206830" lon="38.9262287">
    <ele>8</ele>
    <time>2026-07-26T05:17:10Z</time>
    <extensions>
     <gpxdata:hr>166</gpxdata:hr>
     <gpxdata:distance>3489.00</gpxdata:distance>
     <gpxdata:cadence>79</gpxdata:cadence>
     <gpxdata:speed>3.781</gpxdata:speed>
    </extensions>
   </trkpt>
   <trkpt lat="47.2206600" lon="38.9261975">
    <ele>8</ele>
    <time>2026-07-26T05:17:11Z</time>
    <extensions>
     <gpxdata:hr>166</gpxdata:hr>
     <gpxdata:distance>3492.50</gpxdata:distance>
     <gpxdata:cadence>79</gpxdata:cadence>
     <gpxdata:speed>3.769</gpxdata:speed>
    </extensions>
   </trkpt>
   <trkpt lat="47.2206355" lon="38.9261667">
    <ele>8</ele>
    <time>2026-07-26T05:17:12Z</time>
    <extensions>
     <gpxdata:hr>166</gpxdata:hr>
     <gpxdata:distance>3496.00</gpxdata:distance>
     <gpxdata:cadence>79</gpxdata:cadence>
     <gpxdata:speed>3.758</gpxdata:speed>
    </extensions>
   </trkpt>
   <trkpt lat="47.2206111" lon="38.9261360">
    <ele>8</ele>
    <time>2026-07-26T05:17:13Z</time>
    <extensions>
     <gpxdata:hr>166</gpxdata:hr>
     <gpxdata:distance>3500.00</gpxdata:distance>
     <gpxdata:cadence>79</gpxdata:cadence>
     <gpxdata:speed>3.742</gpxdata:speed>
    </extensions>
   </trkpt>
   <trkpt lat="47.2205854" lon="38.9261057">
    <ele>8</ele>
    <time>2026-07-26T05:17:14Z</time>
    <extensions>
     <gpxdata:hr>165</gpxdata:hr>
     <gpxdata:distance>3504.00</gpxdata:distance>
     <gpxdata:cadence>80</gpxdata:cadence>
     <gpxdata:speed>3.725</gpxdata:speed>
    </extensions>
   </trkpt>
   <trkpt lat="47.2205598" lon="38.9260754">
    <ele>8</ele>
    <time>2026-07-26T05:17:15Z</time>
    <extensions>
     <gpxdata:hr>165</gpxdata:hr>
     <gpxdata:distance>3507.00</gpxdata:distance>
     <gpxdata:cadence>80</gpxdata:cadence>
     <gpxdata:speed>3.714</gpxdata:speed>
    </extensions>
   </trkpt>
   <trkpt lat="47.2205365" lon="38.9260434">
    <ele>8</ele>
    <time>2026-07-26T05:17:16Z</time>
    <extensions>
     <gpxdata:hr>166</gpxdata:hr>
     <gpxdata:distance>3510.00</gpxdata:distance>
     <gpxdata:cadence>80</gpxdata:cadence>
     <gpxdata:speed>3.703</gpxdata:speed>
    </extensions>
   </trkpt>
   <trkpt lat="47.2205132" lon="38.9260115">
    <ele>8</ele>
    <time>2026-07-26T05:17:17Z</time>
    <extensions>
     <gpxdata:hr>166</gpxdata:hr>
     <gpxdata:distance>3513.50</gpxdata:distance>
     <gpxdata:cadence>80</gpxdata:cadence>
     <gpxdata:speed>3.692</gpxdata:speed>
    </extensions>
   </trkpt>
   <trkpt lat="47.2204921" lon="38.9259753">
    <ele>8</ele>
    <time>2026-07-26T05:17:18Z</time>
    <extensions>
     <gpxdata:hr>166</gpxdata:hr>
     <gpxdata:distance>3517.00</gpxdata:distance>
     <gpxdata:cadence>80</gpxdata:cadence>
     <gpxdata:speed>3.681</gpxdata:speed>
    </extensions>
   </trkpt>
   <trkpt lat="47.2204711" lon="38.9259391">
    <ele>8</ele>
    <time>2026-07-26T05:17:19Z</time>
    <extensions>
     <gpxdata:hr>166</gpxdata:hr>
     <gpxdata:distance>3521.00</gpxdata:distance>
     <gpxdata:cadence>80</gpxdata:cadence>
     <gpxdata:speed>3.661</gpxdata:speed>
    </extensions>
   </trkpt>
   <trkpt lat="47.2204513" lon="38.9259009">
    <ele>8</ele>
    <time>2026-07-26T05:17:20Z</time>
    <extensions>
     <gpxdata:hr>166</gpxdata:hr>
     <gpxdata:distance>3525.00</gpxdata:distance>
     <gpxdata:cadence>81</gpxdata:cadence>
     <gpxdata:speed>3.642</gpxdata:speed>
    </extensions>
   </trkpt>
   <trkpt lat="47.2204316" lon="38.9258627">
    <ele>8</ele>
    <time>2026-07-26T05:17:21Z</time>
    <extensions>
     <gpxdata:hr>166</gpxdata:hr>
     <gpxdata:distance>3528.50</gpxdata:distance>
     <gpxdata:cadence>81</gpxdata:cadence>
     <gpxdata:speed>3.633</gpxdata:speed>
    </extensions>
   </trkpt>
   <trkpt lat="47.2204118" lon="38.9258238">
    <ele>8</ele>
    <time>2026-07-26T05:17:22Z</time>
    <extensions>
     <gpxdata:hr>167</gpxdata:hr>
     <gpxdata:distance>3532.00</gpxdata:distance>
     <gpxdata:cadence>81</gpxdata:cadence>
     <gpxdata:speed>3.625</gpxdata:speed>
    </extensions>
   </trkpt>
   <trkpt lat="47.2203920" lon="38.9257849">
    <ele>8</ele>
    <time>2026-07-26T05:17:23Z</time>
    <extensions>
     <gpxdata:hr>166</gpxdata:hr>
     <gpxdata:distance>3535.50</gpxdata:distance>
     <gpxdata:cadence>81</gpxdata:cadence>
     <gpxdata:speed>3.622</gpxdata:speed>
    </extensions>
   </trkpt>
   <trkpt lat="47.2203742" lon="38.9257454">
    <ele>8</ele>
    <time>2026-07-26T05:17:24Z</time>
    <extensions>
     <gpxdata:hr>167</gpxdata:hr>
     <gpxdata:distance>3539.00</gpxdata:distance>
     <gpxdata:cadence>81</gpxdata:cadence>
     <gpxdata:speed>3.619</gpxdata:speed>
    </extensions>
   </trkpt>
   <trkpt lat="47.2203565" lon="38.9257059">
    <ele>9</ele>
    <time>2026-07-26T05:17:25Z</time>
    <extensions>
     <gpxdata:hr>167</gpxdata:hr>
     <gpxdata:distance>3542.50</gpxdata:distance>
     <gpxdata:cadence>81</gpxdata:cadence>
     <gpxdata:speed>3.619</gpxdata:speed>
    </extensions>
   </trkpt>
   <trkpt lat="47.2203416" lon="38.9256695">
    <ele>9</ele>
    <time>2026-07-26T05:17:26Z</time>
    <extensions>
     <gpxdata:hr>167</gpxdata:hr>
     <gpxdata:distance>3546.00</gpxdata:distance>
     <gpxdata:cadence>81</gpxdata:cadence>
     <gpxdata:speed>3.619</gpxdata:speed>
    </extensions>
   </trkpt>
   <trkpt lat="47.2203267" lon="38.9256331">
    <ele>9</ele>
    <time>2026-07-26T05:17:27Z</time>
    <extensions>
     <gpxdata:hr>167</gpxdata:hr>
     <gpxdata:distance>3549.00</gpxdata:distance>
     <gpxdata:cadence>81</gpxdata:cadence>
     <gpxdata:speed>3.619</gpxdata:speed>
    </extensions>
   </trkpt>
   <trkpt lat="47.2203136" lon="38.9255940">
    <ele>9</ele>
    <time>2026-07-26T05:17:28Z</time>
    <extensions>
     <gpxdata:hr>167</gpxdata:hr>
     <gpxdata:distance>3552.00</gpxdata:distance>
     <gpxdata:cadence>81</gpxdata:cadence>
     <gpxdata:speed>3.619</gpxdata:speed>
    </extensions>
   </trkpt>
   <trkpt lat="47.2203006" lon="38.9255550">
    <ele>9</ele>
    <time>2026-07-26T05:17:29Z</time>
    <extensions>
     <gpxdata:hr>167</gpxdata:hr>
     <gpxdata:distance>3555.50</gpxdata:distance>
     <gpxdata:cadence>80</gpxdata:cadence>
     <gpxdata:speed>3.617</gpxdata:speed>
    </extensions>
   </trkpt>
   <trkpt lat="47.2202885" lon="38.9255130">
    <ele>9</ele>
    <time>2026-07-26T05:17:30Z</time>
    <extensions>
     <gpxdata:hr>167</gpxdata:hr>
     <gpxdata:distance>3559.00</gpxdata:distance>
     <gpxdata:cadence>80</gpxdata:cadence>
     <gpxdata:speed>3.617</gpxdata:speed>
    </extensions>
   </trkpt>
   <trkpt lat="47.2202765" lon="38.9254711">
    <ele>9</ele>
    <time>2026-07-26T05:17:31Z</time>
    <extensions>
     <gpxdata:hr>167</gpxdata:hr>
     <gpxdata:distance>3562.50</gpxdata:distance>
     <gpxdata:cadence>80</gpxdata:cadence>
     <gpxdata:speed>3.614</gpxdata:speed>
    </extensions>
   </trkpt>
   <trkpt lat="47.2202663" lon="38.9254300">
    <ele>9</ele>
    <time>2026-07-26T05:17:32Z</time>
    <extensions>
     <gpxdata:hr>167</gpxdata:hr>
     <gpxdata:distance>3566.00</gpxdata:distance>
     <gpxdata:cadence>80</gpxdata:cadence>
     <gpxdata:speed>3.614</gpxdata:speed>
    </extensions>
   </trkpt>
   <trkpt lat="47.2202561" lon="38.9253889">
    <ele>9</ele>
    <time>2026-07-26T05:17:33Z</time>
    <extensions>
     <gpxdata:hr>167</gpxdata:hr>
     <gpxdata:distance>3569.00</gpxdata:distance>
     <gpxdata:cadence>79</gpxdata:cadence>
     <gpxdata:speed>3.611</gpxdata:speed>
    </extensions>
   </trkpt>
   <trkpt lat="47.2202465" lon="38.9253484">
    <ele>9</ele>
    <time>2026-07-26T05:17:34Z</time>
    <extensions>
     <gpxdata:hr>167</gpxdata:hr>
     <gpxdata:distance>3572.00</gpxdata:distance>
     <gpxdata:cadence>79</gpxdata:cadence>
     <gpxdata:speed>3.608</gpxdata:speed>
    </extensions>
   </trkpt>
   <trkpt lat="47.2202370" lon="38.9253079">
    <ele>9</ele>
    <time>2026-07-26T05:17:35Z</time>
    <extensions>
     <gpxdata:hr>167</gpxdata:hr>
     <gpxdata:distance>3575.50</gpxdata:distance>
     <gpxdata:cadence>79</gpxdata:cadence>
     <gpxdata:speed>3.603</gpxdata:speed>
    </extensions>
   </trkpt>
   <trkpt lat="47.2202300" lon="38.9252681">
    <ele>9</ele>
    <time>2026-07-26T05:17:36Z</time>
    <extensions>
     <gpxdata:hr>167</gpxdata:hr>
     <gpxdata:distance>3579.00</gpxdata:distance>
     <gpxdata:cadence>79</gpxdata:cadence>
     <gpxdata:speed>3.597</gpxdata:speed>
    </extensions>
   </trkpt>
   <trkpt lat="47.2202231" lon="38.9252283">
    <ele>9</ele>
    <time>2026-07-26T05:17:37Z</time>
    <extensions>
     <gpxdata:hr>167</gpxdata:hr>
     <gpxdata:distance>3581.50</gpxdata:distance>
     <gpxdata:cadence>79</gpxdata:cadence>
     <gpxdata:speed>3.589</gpxdata:speed>
    </extensions>
   </trkpt>
   <trkpt lat="47.2202267" lon="38.9251891">
    <ele>9</ele>
    <time>2026-07-26T05:17:38Z</time>
    <extensions>
     <gpxdata:hr>167</gpxdata:hr>
     <gpxdata:distance>3584.00</gpxdata:distance>
     <gpxdata:cadence>79</gpxdata:cadence>
     <gpxdata:speed>3.581</gpxdata:speed>
    </extensions>
   </trkpt>
   <trkpt lat="47.2202304" lon="38.9251500">
    <ele>9</ele>
    <time>2026-07-26T05:17:39Z</time>
    <extensions>
     <gpxdata:hr>167</gpxdata:hr>
     <gpxdata:distance>3587.50</gpxdata:distance>
     <gpxdata:cadence>79</gpxdata:cadence>
     <gpxdata:speed>3.569</gpxdata:speed>
    </extensions>
   </trkpt>
   <trkpt lat="47.2202447" lon="38.9251165">
    <ele>10</ele>
    <time>2026-07-26T05:17:40Z</time>
    <extensions>
     <gpxdata:hr>168</gpxdata:hr>
     <gpxdata:distance>3591.00</gpxdata:distance>
     <gpxdata:cadence>79</gpxdata:cadence>
     <gpxdata:speed>3.558</gpxdata:speed>
    </extensions>
   </trkpt>
   <trkpt lat="47.2202590" lon="38.9250831">
    <ele>10</ele>
    <time>2026-07-26T05:17:41Z</time>
    <extensions>
     <gpxdata:hr>168</gpxdata:hr>
     <gpxdata:distance>3594.00</gpxdata:distance>
     <gpxdata:cadence>79</gpxdata:cadence>
     <gpxdata:speed>3.542</gpxdata:speed>
    </extensions>
   </trkpt>
   <trkpt lat="47.2202813" lon="38.9250540">
    <ele>10</ele>
    <time>2026-07-26T05:17:42Z</time>
    <extensions>
     <gpxdata:hr>168</gpxdata:hr>
     <gpxdata:distance>3597.00</gpxdata:distance>
     <gpxdata:cadence>79</gpxdata:cadence>
     <gpxdata:speed>3.525</gpxdata:speed>
    </extensions>
   </trkpt>
   <trkpt lat="47.2203037" lon="38.9250249">
    <ele>10</ele>
    <time>2026-07-26T05:17:43Z</time>
    <extensions>
     <gpxdata:hr>168</gpxdata:hr>
     <gpxdata:distance>3601.00</gpxdata:distance>
     <gpxdata:cadence>79</gpxdata:cadence>
     <gpxdata:speed>3.500</gpxdata:speed>
    </extensions>
   </trkpt>
   <trkpt lat="47.2203303" lon="38.9249963">
    <ele>10</ele>
    <time>2026-07-26T05:17:44Z</time>
    <extensions>
     <gpxdata:hr>168</gpxdata:hr>
     <gpxdata:distance>3605.00</gpxdata:distance>
     <gpxdata:cadence>79</gpxdata:cadence>
     <gpxdata:speed>3.478</gpxdata:speed>
    </extensions>
   </trkpt>
   <trkpt lat="47.2203569" lon="38.9249678">
    <ele>10</ele>
    <time>2026-07-26T05:17:45Z</time>
    <extensions>
     <gpxdata:hr>168</gpxdata:hr>
     <gpxdata:distance>3609.00</gpxdata:distance>
     <gpxdata:cadence>79</gpxdata:cadence>
     <gpxdata:speed>3.464</gpxdata:speed>
    </extensions>
   </trkpt>
   <trkpt lat="47.2203848" lon="38.9249384">
    <ele>10</ele>
    <time>2026-07-26T05:17:46Z</time>
    <extensions>
     <gpxdata:hr>168</gpxdata:hr>
     <gpxdata:distance>3613.00</gpxdata:distance>
     <gpxdata:cadence>79</gpxdata:cadence>
     <gpxdata:speed>3.450</gpxdata:speed>
    </extensions>
   </trkpt>
   <trkpt lat="47.2204127" lon="38.9249090">
    <ele>10</ele>
    <time>2026-07-26T05:17:47Z</time>
    <extensions>
     <gpxdata:hr>168</gpxdata:hr>
     <gpxdata:distance>3616.50</gpxdata:distance>
     <gpxdata:cadence>79</gpxdata:cadence>
     <gpxdata:speed>3.444</gpxdata:speed>
    </extensions>
   </trkpt>
   <trkpt lat="47.2204396" lon="38.9248794">
    <ele>10</ele>
    <time>2026-07-26T05:17:48Z</time>
    <extensions>
     <gpxdata:hr>168</gpxdata:hr>
     <gpxdata:distance>3620.00</gpxdata:distance>
     <gpxdata:cadence>79</gpxdata:cadence>
     <gpxdata:speed>3.439</gpxdata:speed>
    </extensions>
   </trkpt>
   <trkpt lat="47.2204665" lon="38.9248499">
    <ele>10</ele>
    <time>2026-07-26T05:17:49Z</time>
    <extensions>
     <gpxdata:hr>169</gpxdata:hr>
     <gpxdata:distance>3623.50</gpxdata:distance>
     <gpxdata:cadence>79</gpxdata:cadence>
     <gpxdata:speed>3.436</gpxdata:speed>
    </extensions>
   </trkpt>
   <trkpt lat="47.2204910" lon="38.9248241">
    <ele>10</ele>
    <time>2026-07-26T05:17:50Z</time>
    <extensions>
     <gpxdata:hr>168</gpxdata:hr>
     <gpxdata:distance>3627.00</gpxdata:distance>
     <gpxdata:cadence>79</gpxdata:cadence>
     <gpxdata:speed>3.436</gpxdata:speed>
    </extensions>
   </trkpt>
   <trkpt lat="47.2205155" lon="38.9247983">
    <ele>10</ele>
    <time>2026-07-26T05:17:51Z</time>
    <extensions>
     <gpxdata:hr>168</gpxdata:hr>
     <gpxdata:distance>3630.00</gpxdata:distance>
     <gpxdata:cadence>78</gpxdata:cadence>
     <gpxdata:speed>3.431</gpxdata:speed>
    </extensions>
   </trkpt>
   <trkpt lat="47.2205403" lon="38.9247762">
    <ele>10</ele>
    <time>2026-07-26T05:17:52Z</time>
    <extensions>
     <gpxdata:hr>168</gpxdata:hr>
     <gpxdata:distance>3633.00</gpxdata:distance>
     <gpxdata:cadence>78</gpxdata:cadence>
     <gpxdata:speed>3.425</gpxdata:speed>
    </extensions>
   </trkpt>
   <trkpt lat="47.2205652" lon="38.9247541">
    <ele>10</ele>
    <time>2026-07-26T05:17:53Z</time>
    <extensions>
     <gpxdata:hr>168</gpxdata:hr>
     <gpxdata:distance>3636.00</gpxdata:distance>
     <gpxdata:cadence>78</gpxdata:cadence>
     <gpxdata:speed>3.419</gpxdata:speed>
    </extensions>
   </trkpt>
   <trkpt lat="47.2205900" lon="38.9247359">
    <ele>10</ele>
    <time>2026-07-26T05:17:54Z</time>
    <extensions>
     <gpxdata:hr>168</gpxdata:hr>
     <gpxdata:distance>3639.00</gpxdata:distance>
     <gpxdata:cadence>78</gpxdata:cadence>
     <gpxdata:speed>3.414</gpxdata:speed>
    </extensions>
   </trkpt>
   <trkpt lat="47.2206149" lon="38.9247178">
    <ele>10</ele>
    <time>2026-07-26T05:17:55Z</time>
    <extensions>
     <gpxdata:hr>167</gpxdata:hr>
     <gpxdata:distance>3642.00</gpxdata:distance>
     <gpxdata:cadence>78</gpxdata:cadence>
     <gpxdata:speed>3.408</gpxdata:speed>
    </extensions>
   </trkpt>
   <trkpt lat="47.2206428" lon="38.9247134">
    <ele>9</ele>
    <time>2026-07-26T05:17:56Z</time>
    <extensions>
     <gpxdata:hr>167</gpxdata:hr>
     <gpxdata:distance>3645.00</gpxdata:distance>
     <gpxdata:cadence>78</gpxdata:cadence>
     <gpxdata:speed>3.403</gpxdata:speed>
    </extensions>
   </trkpt>
   <trkpt lat="47.2206708" lon="38.9247090">
    <ele>9</ele>
    <time>2026-07-26T05:17:57Z</time>
    <extensions>
     <gpxdata:hr>167</gpxdata:hr>
     <gpxdata:distance>3648.00</gpxdata:distance>
     <gpxdata:cadence>77</gpxdata:cadence>
     <gpxdata:speed>3.397</gpxdata:speed>
    </extensions>
   </trkpt>
   <trkpt lat="47.2206934" lon="38.9247276">
    <ele>9</ele>
    <time>2026-07-26T05:17:58Z</time>
    <extensions>
     <gpxdata:hr>167</gpxdata:hr>
     <gpxdata:distance>3651.00</gpxdata:distance>
     <gpxdata:cadence>77</gpxdata:cadence>
     <gpxdata:speed>3.394</gpxdata:speed>
    </extensions>
   </trkpt>
   <trkpt lat="47.2207161" lon="38.9247462">
    <ele>9</ele>
    <time>2026-07-26T05:17:59Z</time>
    <extensions>
     <gpxdata:hr>167</gpxdata:hr>
     <gpxdata:distance>3654.50</gpxdata:distance>
     <gpxdata:cadence>77</gpxdata:cadence>
     <gpxdata:speed>3.389</gpxdata:speed>
    </extensions>
   </trkpt>
   <trkpt lat="47.2207321" lon="38.9247810">
    <ele>9</ele>
    <time>2026-07-26T05:18:00Z</time>
    <extensions>
     <gpxdata:hr>167</gpxdata:hr>
     <gpxdata:distance>3658.00</gpxdata:distance>
     <gpxdata:cadence>77</gpxdata:cadence>
     <gpxdata:speed>3.386</gpxdata:speed>
    </extensions>
   </trkpt>
   <trkpt lat="47.2207482" lon="38.9248158">
    <ele>9</ele>
    <time>2026-07-26T05:18:01Z</time>
    <extensions>
     <gpxdata:hr>167</gpxdata:hr>
     <gpxdata:distance>3661.00</gpxdata:distance>
     <gpxdata:cadence>77</gpxdata:cadence>
     <gpxdata:speed>3.383</gpxdata:speed>
    </extensions>
   </trkpt>
   <trkpt lat="47.2207642" lon="38.9248553">
    <ele>9</ele>
    <time>2026-07-26T05:18:02Z</time>
    <extensions>
     <gpxdata:hr>167</gpxdata:hr>
     <gpxdata:distance>3664.00</gpxdata:distance>
     <gpxdata:cadence>77</gpxdata:cadence>
     <gpxdata:speed>3.381</gpxdata:speed>
    </extensions>
   </trkpt>
   <trkpt lat="47.2207802" lon="38.9248948">
    <ele>9</ele>
    <time>2026-07-26T05:18:03Z</time>
    <extensions>
     <gpxdata:hr>167</gpxdata:hr>
     <gpxdata:distance>3667.50</gpxdata:distance>
     <gpxdata:cadence>77</gpxdata:cadence>
     <gpxdata:speed>3.381</gpxdata:speed>
    </extensions>
   </trkpt>
   <trkpt lat="47.2207972" lon="38.9249350">
    <ele>9</ele>
    <time>2026-07-26T05:18:04Z</time>
    <extensions>
     <gpxdata:hr>167</gpxdata:hr>
     <gpxdata:distance>3671.00</gpxdata:distance>
     <gpxdata:cadence>78</gpxdata:cadence>
     <gpxdata:speed>3.381</gpxdata:speed>
    </extensions>
   </trkpt>
   <trkpt lat="47.2208142" lon="38.9249752">
    <ele>9</ele>
    <time>2026-07-26T05:18:05Z</time>
    <extensions>
     <gpxdata:hr>167</gpxdata:hr>
     <gpxdata:distance>3674.50</gpxdata:distance>
     <gpxdata:cadence>78</gpxdata:cadence>
     <gpxdata:speed>3.381</gpxdata:speed>
    </extensions>
   </trkpt>
   <trkpt lat="47.2208309" lon="38.9250163">
    <ele>9</ele>
    <time>2026-07-26T05:18:06Z</time>
    <extensions>
     <gpxdata:hr>168</gpxdata:hr>
     <gpxdata:distance>3678.00</gpxdata:distance>
     <gpxdata:cadence>78</gpxdata:cadence>
     <gpxdata:speed>3.381</gpxdata:speed>
    </extensions>
   </trkpt>
   <trkpt lat="47.2208476" lon="38.9250574">
    <ele>9</ele>
    <time>2026-07-26T05:18:07Z</time>
    <extensions>
     <gpxdata:hr>168</gpxdata:hr>
     <gpxdata:distance>3682.00</gpxdata:distance>
     <gpxdata:cadence>78</gpxdata:cadence>
     <gpxdata:speed>3.381</gpxdata:speed>
    </extensions>
   </trkpt>
   <trkpt lat="47.2208644" lon="38.9250984">
    <ele>9</ele>
    <time>2026-07-26T05:18:08Z</time>
    <extensions>
     <gpxdata:hr>168</gpxdata:hr>
     <gpxdata:distance>3686.00</gpxdata:distance>
     <gpxdata:cadence>78</gpxdata:cadence>
     <gpxdata:speed>3.381</gpxdata:speed>
    </extensions>
   </trkpt>
   <trkpt lat="47.2208813" lon="38.9251394">
    <ele>9</ele>
    <time>2026-07-26T05:18:09Z</time>
    <extensions>
     <gpxdata:hr>168</gpxdata:hr>
     <gpxdata:distance>3689.00</gpxdata:distance>
     <gpxdata:cadence>78</gpxdata:cadence>
     <gpxdata:speed>3.383</gpxdata:speed>
    </extensions>
   </trkpt>
   <trkpt lat="47.2208980" lon="38.9251803">
    <ele>9</ele>
    <time>2026-07-26T05:18:10Z</time>
    <extensions>
     <gpxdata:hr>168</gpxdata:hr>
     <gpxdata:distance>3692.00</gpxdata:distance>
     <gpxdata:cadence>78</gpxdata:cadence>
     <gpxdata:speed>3.389</gpxdata:speed>
    </extensions>
   </trkpt>
   <trkpt lat="47.2209147" lon="38.9252213">
    <ele>9</ele>
    <time>2026-07-26T05:18:11Z</time>
    <extensions>
     <gpxdata:hr>168</gpxdata:hr>
     <gpxdata:distance>3696.00</gpxdata:distance>
     <gpxdata:cadence>78</gpxdata:cadence>
     <gpxdata:speed>3.394</gpxdata:speed>
    </extensions>
   </trkpt>
   <trkpt lat="47.2209301" lon="38.9252621">
    <ele>9</ele>
    <time>2026-07-26T05:18:12Z</time>
    <extensions>
     <gpxdata:hr>168</gpxdata:hr>
     <gpxdata:distance>3700.00</gpxdata:distance>
     <gpxdata:cadence>78</gpxdata:cadence>
     <gpxdata:speed>3.403</gpxdata:speed>
    </extensions>
   </trkpt>
   <trkpt lat="47.2209456" lon="38.9253029">
    <ele>9</ele>
    <time>2026-07-26T05:18:13Z</time>
    <extensions>
     <gpxdata:hr>168</gpxdata:hr>
     <gpxdata:distance>3703.00</gpxdata:distance>
     <gpxdata:cadence>78</gpxdata:cadence>
     <gpxdata:speed>3.406</gpxdata:speed>
    </extensions>
   </trkpt>
   <trkpt lat="47.2209589" lon="38.9253410">
    <ele>9</ele>
    <time>2026-07-26T05:18:14Z</time>
    <extensions>
     <gpxdata:hr>167</gpxdata:hr>
     <gpxdata:distance>3706.00</gpxdata:distance>
     <gpxdata:cadence>78</gpxdata:cadence>
     <gpxdata:speed>3.411</gpxdata:speed>
    </extensions>
   </trkpt>
   <trkpt lat="47.2209723" lon="38.9253791">
    <ele>9</ele>
    <time>2026-07-26T05:18:15Z</time>
    <extensions>
     <gpxdata:hr>167</gpxdata:hr>
     <gpxdata:distance>3709.00</gpxdata:distance>
     <gpxdata:cadence>78</gpxdata:cadence>
     <gpxdata:speed>3.414</gpxdata:speed>
    </extensions>
   </trkpt>
   <trkpt lat="47.2209848" lon="38.9254160">
    <ele>8</ele>
    <time>2026-07-26T05:18:16Z</time>
    <extensions>
     <gpxdata:hr>167</gpxdata:hr>
     <gpxdata:distance>3712.00</gpxdata:distance>
     <gpxdata:cadence>78</gpxdata:cadence>
     <gpxdata:speed>3.417</gpxdata:speed>
    </extensions>
   </trkpt>
   <trkpt lat="47.2209973" lon="38.9254529">
    <ele>8</ele>
    <time>2026-07-26T05:18:17Z</time>
    <extensions>
     <gpxdata:hr>167</gpxdata:hr>
     <gpxdata:distance>3715.50</gpxdata:distance>
     <gpxdata:cadence>78</gpxdata:cadence>
     <gpxdata:speed>3.417</gpxdata:speed>
    </extensions>
   </trkpt>
   <trkpt lat="47.2210101" lon="38.9254914">
    <ele>8</ele>
    <time>2026-07-26T05:18:18Z</time>
    <extensions>
     <gpxdata:hr>166</gpxdata:hr>
     <gpxdata:distance>3719.00</gpxdata:distance>
     <gpxdata:cadence>78</gpxdata:cadence>
     <gpxdata:speed>3.419</gpxdata:speed>
    </extensions>
   </trkpt>
   <trkpt lat="47.2210230" lon="38.9255300">
    <ele>8</ele>
    <time>2026-07-26T05:18:19Z</time>
    <extensions>
     <gpxdata:hr>167</gpxdata:hr>
     <gpxdata:distance>3722.50</gpxdata:distance>
     <gpxdata:cadence>78</gpxdata:cadence>
     <gpxdata:speed>3.419</gpxdata:speed>
    </extensions>
   </trkpt>
   <trkpt lat="47.2210378" lon="38.9255714">
    <ele>8</ele>
    <time>2026-07-26T05:18:20Z</time>
    <extensions>
     <gpxdata:hr>166</gpxdata:hr>
     <gpxdata:distance>3726.00</gpxdata:distance>
     <gpxdata:cadence>78</gpxdata:cadence>
     <gpxdata:speed>3.419</gpxdata:speed>
    </extensions>
   </trkpt>
   <trkpt lat="47.2210527" lon="38.9256129">
    <ele>8</ele>
    <time>2026-07-26T05:18:21Z</time>
    <extensions>
     <gpxdata:hr>165</gpxdata:hr>
     <gpxdata:distance>3730.00</gpxdata:distance>
     <gpxdata:cadence>78</gpxdata:cadence>
     <gpxdata:speed>3.419</gpxdata:speed>
    </extensions>
   </trkpt>
   <trkpt lat="47.2210689" lon="38.9256545">
    <ele>8</ele>
    <time>2026-07-26T05:18:22Z</time>
    <extensions>
     <gpxdata:hr>165</gpxdata:hr>
     <gpxdata:distance>3734.00</gpxdata:distance>
     <gpxdata:cadence>78</gpxdata:cadence>
     <gpxdata:speed>3.419</gpxdata:speed>
    </extensions>
   </trkpt>
   <trkpt lat="47.2210852" lon="38.9256961">
    <ele>8</ele>
    <time>2026-07-26T05:18:23Z</time>
    <extensions>
     <gpxdata:hr>165</gpxdata:hr>
     <gpxdata:distance>3737.00</gpxdata:distance>
     <gpxdata:cadence>78</gpxdata:cadence>
     <gpxdata:speed>3.422</gpxdata:speed>
    </extensions>
   </trkpt>
   <trkpt lat="47.2211019" lon="38.9257352">
    <ele>8</ele>
    <time>2026-07-26T05:18:24Z</time>
    <extensions>
     <gpxdata:hr>165</gpxdata:hr>
     <gpxdata:distance>3740.00</gpxdata:distance>
     <gpxdata:cadence>78</gpxdata:cadence>
     <gpxdata:speed>3.425</gpxdata:speed>
    </extensions>
   </trkpt>
   <trkpt lat="47.2211187" lon="38.9257743">
    <ele>8</ele>
    <time>2026-07-26T05:18:25Z</time>
    <extensions>
     <gpxdata:hr>165</gpxdata:hr>
     <gpxdata:distance>3744.00</gpxdata:distance>
     <gpxdata:cadence>78</gpxdata:cadence>
     <gpxdata:speed>3.428</gpxdata:speed>
    </extensions>
   </trkpt>
   <trkpt lat="47.2211353" lon="38.9258121">
    <ele>8</ele>
    <time>2026-07-26T05:18:26Z</time>
    <extensions>
     <gpxdata:hr>164</gpxdata:hr>
     <gpxdata:distance>3748.00</gpxdata:distance>
     <gpxdata:cadence>78</gpxdata:cadence>
     <gpxdata:speed>3.431</gpxdata:speed>
    </extensions>
   </trkpt>
   <trkpt lat="47.2211520" lon="38.9258500">
    <ele>8</ele>
    <time>2026-07-26T05:18:27Z</time>
    <extensions>
     <gpxdata:hr>164</gpxdata:hr>
     <gpxdata:distance>3751.00</gpxdata:distance>
     <gpxdata:cadence>78</gpxdata:cadence>
     <gpxdata:speed>3.433</gpxdata:speed>
    </extensions>
   </trkpt>
   <trkpt lat="47.2211649" lon="38.9258872">
    <ele>8</ele>
    <time>2026-07-26T05:18:28Z</time>
    <extensions>
     <gpxdata:hr>163</gpxdata:hr>
     <gpxdata:distance>3754.00</gpxdata:distance>
     <gpxdata:cadence>78</gpxdata:cadence>
     <gpxdata:speed>3.436</gpxdata:speed>
    </extensions>
   </trkpt>
   <trkpt lat="47.2211778" lon="38.9259245">
    <ele>8</ele>
    <time>2026-07-26T05:18:29Z</time>
    <extensions>
     <gpxdata:hr>163</gpxdata:hr>
     <gpxdata:distance>3757.00</gpxdata:distance>
     <gpxdata:cadence>78</gpxdata:cadence>
     <gpxdata:speed>3.436</gpxdata:speed>
    </extensions>
   </trkpt>
   <trkpt lat="47.2211882" lon="38.9259681">
    <ele>8</ele>
    <time>2026-07-26T05:18:30Z</time>
    <extensions>
     <gpxdata:hr>162</gpxdata:hr>
     <gpxdata:distance>3760.00</gpxdata:distance>
     <gpxdata:cadence>78</gpxdata:cadence>
     <gpxdata:speed>3.439</gpxdata:speed>
    </extensions>
   </trkpt>
   <trkpt lat="47.2211986" lon="38.9260117">
    <ele>8</ele>
    <time>2026-07-26T05:18:31Z</time>
    <extensions>
     <gpxdata:hr>162</gpxdata:hr>
     <gpxdata:distance>3764.00</gpxdata:distance>
     <gpxdata:cadence>78</gpxdata:cadence>
     <gpxdata:speed>3.439</gpxdata:speed>
    </extensions>
   </trkpt>
   <trkpt lat="47.2212097" lon="38.9260567">
    <ele>8</ele>
    <time>2026-07-26T05:18:32Z</time>
    <extensions>
     <gpxdata:hr>161</gpxdata:hr>
     <gpxdata:distance>3768.00</gpxdata:distance>
     <gpxdata:cadence>78</gpxdata:cadence>
     <gpxdata:speed>3.442</gpxdata:speed>
    </extensions>
   </trkpt>
   <trkpt lat="47.2212208" lon="38.9261018">
    <ele>8</ele>
    <time>2026-07-26T05:18:33Z</time>
    <extensions>
     <gpxdata:hr>161</gpxdata:hr>
     <gpxdata:distance>3771.50</gpxdata:distance>
     <gpxdata:cadence>78</gpxdata:cadence>
     <gpxdata:speed>3.442</gpxdata:speed>
    </extensions>
   </trkpt>
   <trkpt lat="47.2212292" lon="38.9261451">
    <ele>8</ele>
    <time>2026-07-26T05:18:34Z</time>
    <extensions>
     <gpxdata:hr>161</gpxdata:hr>
     <gpxdata:distance>3775.00</gpxdata:distance>
     <gpxdata:cadence>78</gpxdata:cadence>
     <gpxdata:speed>3.444</gpxdata:speed>
    </extensions>
   </trkpt>
   <trkpt lat="47.2212377" lon="38.9261885">
    <ele>8</ele>
    <time>2026-07-26T05:18:35Z</time>
    <extensions>
     <gpxdata:hr>160</gpxdata:hr>
     <gpxdata:distance>3778.00</gpxdata:distance>
     <gpxdata:cadence>78</gpxdata:cadence>
     <gpxdata:speed>3.444</gpxdata:speed>
    </extensions>
   </trkpt>
   <trkpt lat="47.2212382" lon="38.9262311">
    <ele>7</ele>
    <time>2026-07-26T05:18:36Z</time>
    <extensions>
     <gpxdata:hr>160</gpxdata:hr>
     <gpxdata:distance>3781.00</gpxdata:distance>
     <gpxdata:cadence>78</gpxdata:cadence>
     <gpxdata:speed>3.447</gpxdata:speed>
    </extensions>
   </trkpt>
   <trkpt lat="47.2212387" lon="38.9262737">
    <ele>7</ele>
    <time>2026-07-26T05:18:37Z</time>
    <extensions>
     <gpxdata:hr>159</gpxdata:hr>
     <gpxdata:distance>3784.50</gpxdata:distance>
     <gpxdata:cadence>78</gpxdata:cadence>
     <gpxdata:speed>3.447</gpxdata:speed>
    </extensions>
   </trkpt>
   <trkpt lat="47.2212291" lon="38.9263164">
    <ele>7</ele>
    <time>2026-07-26T05:18:38Z</time>
    <extensions>
     <gpxdata:hr>159</gpxdata:hr>
     <gpxdata:distance>3788.00</gpxdata:distance>
     <gpxdata:cadence>78</gpxdata:cadence>
     <gpxdata:speed>3.447</gpxdata:speed>
    </extensions>
   </trkpt>
   <trkpt lat="47.2212195" lon="38.9263591">
    <ele>7</ele>
    <time>2026-07-26T05:18:39Z</time>
    <extensions>
     <gpxdata:hr>159</gpxdata:hr>
     <gpxdata:distance>3792.00</gpxdata:distance>
     <gpxdata:cadence>78</gpxdata:cadence>
     <gpxdata:speed>3.444</gpxdata:speed>
    </extensions>
   </trkpt>
   <trkpt lat="47.2212021" lon="38.9264011">
    <ele>7</ele>
    <time>2026-07-26T05:18:40Z</time>
    <extensions>
     <gpxdata:hr>159</gpxdata:hr>
     <gpxdata:distance>3796.00</gpxdata:distance>
     <gpxdata:cadence>78</gpxdata:cadence>
     <gpxdata:speed>3.444</gpxdata:speed>
    </extensions>
   </trkpt>
   <trkpt lat="47.2211848" lon="38.9264431">
    <ele>7</ele>
    <time>2026-07-26T05:18:41Z</time>
    <extensions>
     <gpxdata:hr>159</gpxdata:hr>
     <gpxdata:distance>3799.50</gpxdata:distance>
     <gpxdata:cadence>78</gpxdata:cadence>
     <gpxdata:speed>3.444</gpxdata:speed>
    </extensions>
   </trkpt>
   <trkpt lat="47.2211633" lon="38.9264824">
    <ele>7</ele>
    <time>2026-07-26T05:18:42Z</time>
    <extensions>
     <gpxdata:hr>159</gpxdata:hr>
     <gpxdata:distance>3803.00</gpxdata:distance>
     <gpxdata:cadence>78</gpxdata:cadence>
     <gpxdata:speed>3.444</gpxdata:speed>
    </extensions>
   </trkpt>
   <trkpt lat="47.2211419" lon="38.9265218">
    <ele>7</ele>
    <time>2026-07-26T05:18:43Z</time>
    <extensions>
     <gpxdata:hr>159</gpxdata:hr>
     <gpxdata:distance>3807.00</gpxdata:distance>
     <gpxdata:cadence>78</gpxdata:cadence>
     <gpxdata:speed>3.447</gpxdata:speed>
    </extensions>
   </trkpt>
   <trkpt lat="47.2211200" lon="38.9265596">
    <ele>7</ele>
    <time>2026-07-26T05:18:44Z</time>
    <extensions>
     <gpxdata:hr>160</gpxdata:hr>
     <gpxdata:distance>3811.00</gpxdata:distance>
     <gpxdata:cadence>78</gpxdata:cadence>
     <gpxdata:speed>3.453</gpxdata:speed>
    </extensions>
   </trkpt>
   <trkpt lat="47.2210981" lon="38.9265975">
    <ele>7</ele>
    <time>2026-07-26T05:18:45Z</time>
    <extensions>
     <gpxdata:hr>159</gpxdata:hr>
     <gpxdata:distance>3814.50</gpxdata:distance>
     <gpxdata:cadence>78</gpxdata:cadence>
     <gpxdata:speed>3.469</gpxdata:speed>
    </extensions>
   </trkpt>
   <trkpt lat="47.2210751" lon="38.9266327">
    <ele>7</ele>
    <time>2026-07-26T05:18:46Z</time>
    <extensions>
     <gpxdata:hr>159</gpxdata:hr>
     <gpxdata:distance>3818.00</gpxdata:distance>
     <gpxdata:cadence>79</gpxdata:cadence>
     <gpxdata:speed>3.486</gpxdata:speed>
    </extensions>
   </trkpt>
   <trkpt lat="47.2210522" lon="38.9266679">
    <ele>7</ele>
    <time>2026-07-26T05:18:47Z</time>
    <extensions>
     <gpxdata:hr>159</gpxdata:hr>
     <gpxdata:distance>3821.50</gpxdata:distance>
     <gpxdata:cadence>79</gpxdata:cadence>
     <gpxdata:speed>3.492</gpxdata:speed>
    </extensions>
   </trkpt>
   <trkpt lat="47.2210286" lon="38.9267028">
    <ele>7</ele>
    <time>2026-07-26T05:18:48Z</time>
    <extensions>
     <gpxdata:hr>159</gpxdata:hr>
     <gpxdata:distance>3825.00</gpxdata:distance>
     <gpxdata:cadence>79</gpxdata:cadence>
     <gpxdata:speed>3.500</gpxdata:speed>
    </extensions>
   </trkpt>
   <trkpt lat="47.2210051" lon="38.9267377">
    <ele>7</ele>
    <time>2026-07-26T05:18:49Z</time>
    <extensions>
     <gpxdata:hr>159</gpxdata:hr>
     <gpxdata:distance>3829.00</gpxdata:distance>
     <gpxdata:cadence>79</gpxdata:cadence>
     <gpxdata:speed>3.503</gpxdata:speed>
    </extensions>
   </trkpt>
   <trkpt lat="47.2209807" lon="38.9267721">
    <ele>7</ele>
    <time>2026-07-26T05:18:50Z</time>
    <extensions>
     <gpxdata:hr>159</gpxdata:hr>
     <gpxdata:distance>3833.00</gpxdata:distance>
     <gpxdata:cadence>79</gpxdata:cadence>
     <gpxdata:speed>3.508</gpxdata:speed>
    </extensions>
   </trkpt>
   <trkpt lat="47.2209563" lon="38.9268066">
    <ele>7</ele>
    <time>2026-07-26T05:18:51Z</time>
    <extensions>
     <gpxdata:hr>159</gpxdata:hr>
     <gpxdata:distance>3837.00</gpxdata:distance>
     <gpxdata:cadence>79</gpxdata:cadence>
     <gpxdata:speed>3.511</gpxdata:speed>
    </extensions>
   </trkpt>
   <trkpt lat="47.2209333" lon="38.9268391">
    <ele>7</ele>
    <time>2026-07-26T05:18:52Z</time>
    <extensions>
     <gpxdata:hr>158</gpxdata:hr>
     <gpxdata:distance>3841.00</gpxdata:distance>
     <gpxdata:cadence>79</gpxdata:cadence>
     <gpxdata:speed>3.517</gpxdata:speed>
    </extensions>
   </trkpt>
   <trkpt lat="47.2209103" lon="38.9268717">
    <ele>7</ele>
    <time>2026-07-26T05:18:53Z</time>
    <extensions>
     <gpxdata:hr>158</gpxdata:hr>
     <gpxdata:distance>3844.00</gpxdata:distance>
     <gpxdata:cadence>79</gpxdata:cadence>
     <gpxdata:speed>3.519</gpxdata:speed>
    </extensions>
   </trkpt>
   <trkpt lat="47.2208896" lon="38.9269044">
    <ele>7</ele>
    <time>2026-07-26T05:18:54Z</time>
    <extensions>
     <gpxdata:hr>157</gpxdata:hr>
     <gpxdata:distance>3847.00</gpxdata:distance>
     <gpxdata:cadence>79</gpxdata:cadence>
     <gpxdata:speed>3.522</gpxdata:speed>
    </extensions>
   </trkpt>
   <trkpt lat="47.2208689" lon="38.9269372">
    <ele>7</ele>
    <time>2026-07-26T05:18:55Z</time>
    <extensions>
     <gpxdata:hr>157</gpxdata:hr>
     <gpxdata:distance>3850.00</gpxdata:distance>
     <gpxdata:cadence>79</gpxdata:cadence>
     <gpxdata:speed>3.528</gpxdata:speed>
    </extensions>
   </trkpt>
   <trkpt lat="47.2208474" lon="38.9269729">
    <ele>7</ele>
    <time>2026-07-26T05:18:56Z</time>
    <extensions>
     <gpxdata:hr>156</gpxdata:hr>
     <gpxdata:distance>3853.00</gpxdata:distance>
     <gpxdata:cadence>79</gpxdata:cadence>
     <gpxdata:speed>3.536</gpxdata:speed>
    </extensions>
   </trkpt>
   <trkpt lat="47.2208260" lon="38.9270087">
    <ele>7</ele>
    <time>2026-07-26T05:18:57Z</time>
    <extensions>
     <gpxdata:hr>156</gpxdata:hr>
     <gpxdata:distance>3857.50</gpxdata:distance>
     <gpxdata:cadence>79</gpxdata:cadence>
     <gpxdata:speed>3.539</gpxdata:speed>
    </extensions>
   </trkpt>
   <trkpt lat="47.2208040" lon="38.9270443">
    <ele>7</ele>
    <time>2026-07-26T05:18:58Z</time>
    <extensions>
     <gpxdata:hr>155</gpxdata:hr>
     <gpxdata:distance>3862.00</gpxdata:distance>
     <gpxdata:cadence>80</gpxdata:cadence>
     <gpxdata:speed>3.544</gpxdata:speed>
    </extensions>
   </trkpt>
   <trkpt lat="47.2207820" lon="38.9270800">
    <ele>7</ele>
    <time>2026-07-26T05:18:59Z</time>
    <extensions>
     <gpxdata:hr>155</gpxdata:hr>
     <gpxdata:distance>3865.00</gpxdata:distance>
     <gpxdata:cadence>80</gpxdata:cadence>
     <gpxdata:speed>3.544</gpxdata:speed>
    </extensions>
   </trkpt>
   <trkpt lat="47.2207615" lon="38.9271148">
    <ele>7</ele>
    <time>2026-07-26T05:19:00Z</time>
    <extensions>
     <gpxdata:hr>155</gpxdata:hr>
     <gpxdata:distance>3868.00</gpxdata:distance>
     <gpxdata:cadence>81</gpxdata:cadence>
     <gpxdata:speed>3.547</gpxdata:speed>
    </extensions>
   </trkpt>
   <trkpt lat="47.2207410" lon="38.9271496">
    <ele>7</ele>
    <time>2026-07-26T05:19:01Z</time>
    <extensions>
     <gpxdata:hr>155</gpxdata:hr>
     <gpxdata:distance>3871.50</gpxdata:distance>
     <gpxdata:cadence>81</gpxdata:cadence>
     <gpxdata:speed>3.553</gpxdata:speed>
    </extensions>
   </trkpt>
   <trkpt lat="47.2207232" lon="38.9271892">
    <ele>7</ele>
    <time>2026-07-26T05:19:02Z</time>
    <extensions>
     <gpxdata:hr>156</gpxdata:hr>
     <gpxdata:distance>3875.00</gpxdata:distance>
     <gpxdata:cadence>81</gpxdata:cadence>
     <gpxdata:speed>3.558</gpxdata:speed>
    </extensions>
   </trkpt>
   <trkpt lat="47.2207055" lon="38.9272288">
    <ele>7</ele>
    <time>2026-07-26T05:19:03Z</time>
    <extensions>
     <gpxdata:hr>156</gpxdata:hr>
     <gpxdata:distance>3879.00</gpxdata:distance>
     <gpxdata:cadence>82</gpxdata:cadence>
     <gpxdata:speed>3.561</gpxdata:speed>
    </extensions>
   </trkpt>
   <trkpt lat="47.2206916" lon="38.9272713">
    <ele>7</ele>
    <time>2026-07-26T05:19:04Z</time>
    <extensions>
     <gpxdata:hr>155</gpxdata:hr>
     <gpxdata:distance>3883.00</gpxdata:distance>
     <gpxdata:cadence>82</gpxdata:cadence>
     <gpxdata:speed>3.564</gpxdata:speed>
    </extensions>
   </trkpt>
   <trkpt lat="47.2206778" lon="38.9273139">
    <ele>8</ele>
    <time>2026-07-26T05:19:05Z</time>
    <extensions>
     <gpxdata:hr>155</gpxdata:hr>
     <gpxdata:distance>3886.50</gpxdata:distance>
     <gpxdata:cadence>82</gpxdata:cadence>
     <gpxdata:speed>3.564</gpxdata:speed>
    </extensions>
   </trkpt>
   <trkpt lat="47.2206675" lon="38.9273595">
    <ele>8</ele>
    <time>2026-07-26T05:19:06Z</time>
    <extensions>
     <gpxdata:hr>155</gpxdata:hr>
     <gpxdata:distance>3890.00</gpxdata:distance>
     <gpxdata:cadence>82</gpxdata:cadence>
     <gpxdata:speed>3.567</gpxdata:speed>
    </extensions>
   </trkpt>
   <trkpt lat="47.2206572" lon="38.9274052">
    <ele>8</ele>
    <time>2026-07-26T05:19:07Z</time>
    <extensions>
     <gpxdata:hr>155</gpxdata:hr>
     <gpxdata:distance>3893.50</gpxdata:distance>
     <gpxdata:cadence>81</gpxdata:cadence>
     <gpxdata:speed>3.567</gpxdata:speed>
    </extensions>
   </trkpt>
   <trkpt lat="47.2206517" lon="38.9274533">
    <ele>8</ele>
    <time>2026-07-26T05:19:08Z</time>
    <extensions>
     <gpxdata:hr>155</gpxdata:hr>
     <gpxdata:distance>3897.00</gpxdata:distance>
     <gpxdata:cadence>81</gpxdata:cadence>
     <gpxdata:speed>3.569</gpxdata:speed>
    </extensions>
   </trkpt>
   <trkpt lat="47.2206463" lon="38.9275014">
    <ele>8</ele>
    <time>2026-07-26T05:19:09Z</time>
    <extensions>
     <gpxdata:hr>155</gpxdata:hr>
     <gpxdata:distance>3901.00</gpxdata:distance>
     <gpxdata:cadence>81</gpxdata:cadence>
     <gpxdata:speed>3.569</gpxdata:speed>
    </extensions>
   </trkpt>
   <trkpt lat="47.2206494" lon="38.9275513">
    <ele>8</ele>
    <time>2026-07-26T05:19:10Z</time>
    <extensions>
     <gpxdata:hr>155</gpxdata:hr>
     <gpxdata:distance>3905.00</gpxdata:distance>
     <gpxdata:cadence>81</gpxdata:cadence>
     <gpxdata:speed>3.572</gpxdata:speed>
    </extensions>
   </trkpt>
   <trkpt lat="47.2206525" lon="38.9276012">
    <ele>8</ele>
    <time>2026-07-26T05:19:11Z</time>
    <extensions>
     <gpxdata:hr>156</gpxdata:hr>
     <gpxdata:distance>3909.00</gpxdata:distance>
     <gpxdata:cadence>80</gpxdata:cadence>
     <gpxdata:speed>3.575</gpxdata:speed>
    </extensions>
   </trkpt>
   <trkpt lat="47.2206661" lon="38.9276471">
    <ele>8</ele>
    <time>2026-07-26T05:19:12Z</time>
    <extensions>
     <gpxdata:hr>156</gpxdata:hr>
     <gpxdata:distance>3913.00</gpxdata:distance>
     <gpxdata:cadence>80</gpxdata:cadence>
     <gpxdata:speed>3.578</gpxdata:speed>
    </extensions>
   </trkpt>
   <trkpt lat="47.2206797" lon="38.9276930">
    <ele>8</ele>
    <time>2026-07-26T05:19:13Z</time>
    <extensions>
     <gpxdata:hr>156</gpxdata:hr>
     <gpxdata:distance>3916.50</gpxdata:distance>
     <gpxdata:cadence>80</gpxdata:cadence>
     <gpxdata:speed>3.581</gpxdata:speed>
    </extensions>
   </trkpt>
   <trkpt lat="47.2207021" lon="38.9277308">
    <ele>8</ele>
    <time>2026-07-26T05:19:14Z</time>
    <extensions>
     <gpxdata:hr>156</gpxdata:hr>
     <gpxdata:distance>3920.00</gpxdata:distance>
     <gpxdata:cadence>80</gpxdata:cadence>
     <gpxdata:speed>3.583</gpxdata:speed>
    </extensions>
   </trkpt>
   <trkpt lat="47.2207245" lon="38.9277686">
    <ele>8</ele>
    <time>2026-07-26T05:19:15Z</time>
    <extensions>
     <gpxdata:hr>155</gpxdata:hr>
     <gpxdata:distance>3924.00</gpxdata:distance>
     <gpxdata:cadence>80</gpxdata:cadence>
     <gpxdata:speed>3.583</gpxdata:speed>
    </extensions>
   </trkpt>
   <trkpt lat="47.2207509" lon="38.9277992">
    <ele>7</ele>
    <time>2026-07-26T05:19:16Z</time>
    <extensions>
     <gpxdata:hr>156</gpxdata:hr>
     <gpxdata:distance>3928.00</gpxdata:distance>
     <gpxdata:cadence>80</gpxdata:cadence>
     <gpxdata:speed>3.586</gpxdata:speed>
    </extensions>
   </trkpt>
   <trkpt lat="47.2207774" lon="38.9278298">
    <ele>7</ele>
    <time>2026-07-26T05:19:17Z</time>
    <extensions>
     <gpxdata:hr>156</gpxdata:hr>
     <gpxdata:distance>3931.50</gpxdata:distance>
     <gpxdata:cadence>80</gpxdata:cadence>
     <gpxdata:speed>3.586</gpxdata:speed>
    </extensions>
   </trkpt>
   <trkpt lat="47.2208068" lon="38.9278564">
    <ele>7</ele>
    <time>2026-07-26T05:19:18Z</time>
    <extensions>
     <gpxdata:hr>156</gpxdata:hr>
     <gpxdata:distance>3935.00</gpxdata:distance>
     <gpxdata:cadence>80</gpxdata:cadence>
     <gpxdata:speed>3.589</gpxdata:speed>
    </extensions>
   </trkpt>
   <trkpt lat="47.2208362" lon="38.9278830">
    <ele>7</ele>
    <time>2026-07-26T05:19:19Z</time>
    <extensions>
     <gpxdata:hr>156</gpxdata:hr>
     <gpxdata:distance>3939.00</gpxdata:distance>
     <gpxdata:cadence>80</gpxdata:cadence>
     <gpxdata:speed>3.592</gpxdata:speed>
    </extensions>
   </trkpt>
   <trkpt lat="47.2208657" lon="38.9279086">
    <ele>7</ele>
    <time>2026-07-26T05:19:20Z</time>
    <extensions>
     <gpxdata:hr>156</gpxdata:hr>
     <gpxdata:distance>3943.00</gpxdata:distance>
     <gpxdata:cadence>81</gpxdata:cadence>
     <gpxdata:speed>3.597</gpxdata:speed>
    </extensions>
   </trkpt>
   <trkpt lat="47.2208953" lon="38.9279342">
    <ele>7</ele>
    <time>2026-07-26T05:19:21Z</time>
    <extensions>
     <gpxdata:hr>156</gpxdata:hr>
     <gpxdata:distance>3946.50</gpxdata:distance>
     <gpxdata:cadence>80</gpxdata:cadence>
     <gpxdata:speed>3.600</gpxdata:speed>
    </extensions>
   </trkpt>
   <trkpt lat="47.2209216" lon="38.9279578">
    <ele>7</ele>
    <time>2026-07-26T05:19:22Z</time>
    <extensions>
     <gpxdata:hr>156</gpxdata:hr>
     <gpxdata:distance>3950.00</gpxdata:distance>
     <gpxdata:cadence>80</gpxdata:cadence>
     <gpxdata:speed>3.606</gpxdata:speed>
    </extensions>
   </trkpt>
   <trkpt lat="47.2209480" lon="38.9279814">
    <ele>7</ele>
    <time>2026-07-26T05:19:23Z</time>
    <extensions>
     <gpxdata:hr>156</gpxdata:hr>
     <gpxdata:distance>3953.00</gpxdata:distance>
     <gpxdata:cadence>80</gpxdata:cadence>
     <gpxdata:speed>3.608</gpxdata:speed>
    </extensions>
   </trkpt>
   <trkpt lat="47.2209698" lon="38.9280064">
    <ele>7</ele>
    <time>2026-07-26T05:19:24Z</time>
    <extensions>
     <gpxdata:hr>156</gpxdata:hr>
     <gpxdata:distance>3956.00</gpxdata:distance>
     <gpxdata:cadence>80</gpxdata:cadence>
     <gpxdata:speed>3.611</gpxdata:speed>
    </extensions>
   </trkpt>
   <trkpt lat="47.2209916" lon="38.9280314">
    <ele>7</ele>
    <time>2026-07-26T05:19:25Z</time>
    <extensions>
     <gpxdata:hr>156</gpxdata:hr>
     <gpxdata:distance>3959.00</gpxdata:distance>
     <gpxdata:cadence>79</gpxdata:cadence>
     <gpxdata:speed>3.611</gpxdata:speed>
    </extensions>
   </trkpt>
   <trkpt lat="47.2210098" lon="38.9280647">
    <ele>7</ele>
    <time>2026-07-26T05:19:26Z</time>
    <extensions>
     <gpxdata:hr>156</gpxdata:hr>
     <gpxdata:distance>3962.00</gpxdata:distance>
     <gpxdata:cadence>79</gpxdata:cadence>
     <gpxdata:speed>3.611</gpxdata:speed>
    </extensions>
   </trkpt>
   <trkpt lat="47.2210281" lon="38.9280980">
    <ele>7</ele>
    <time>2026-07-26T05:19:27Z</time>
    <extensions>
     <gpxdata:hr>156</gpxdata:hr>
     <gpxdata:distance>3966.00</gpxdata:distance>
     <gpxdata:cadence>79</gpxdata:cadence>
     <gpxdata:speed>3.608</gpxdata:speed>
    </extensions>
   </trkpt>
   <trkpt lat="47.2210476" lon="38.9281358">
    <ele>7</ele>
    <time>2026-07-26T05:19:28Z</time>
    <extensions>
     <gpxdata:hr>156</gpxdata:hr>
     <gpxdata:distance>3970.00</gpxdata:distance>
     <gpxdata:cadence>79</gpxdata:cadence>
     <gpxdata:speed>3.606</gpxdata:speed>
    </extensions>
   </trkpt>
   <trkpt lat="47.2210671" lon="38.9281737">
    <ele>7</ele>
    <time>2026-07-26T05:19:29Z</time>
    <extensions>
     <gpxdata:hr>156</gpxdata:hr>
     <gpxdata:distance>3974.00</gpxdata:distance>
     <gpxdata:cadence>79</gpxdata:cadence>
     <gpxdata:speed>3.603</gpxdata:speed>
    </extensions>
   </trkpt>
   <trkpt lat="47.2210877" lon="38.9282098">
    <ele>7</ele>
    <time>2026-07-26T05:19:30Z</time>
    <extensions>
     <gpxdata:hr>156</gpxdata:hr>
     <gpxdata:distance>3978.00</gpxdata:distance>
     <gpxdata:cadence>79</gpxdata:cadence>
     <gpxdata:speed>3.600</gpxdata:speed>
    </extensions>
   </trkpt>
   <trkpt lat="47.2211083" lon="38.9282460">
    <ele>6</ele>
    <time>2026-07-26T05:19:31Z</time>
    <extensions>
     <gpxdata:hr>155</gpxdata:hr>
     <gpxdata:distance>3981.00</gpxdata:distance>
     <gpxdata:cadence>79</gpxdata:cadence>
     <gpxdata:speed>3.597</gpxdata:speed>
    </extensions>
   </trkpt>
   <trkpt lat="47.2211292" lon="38.9282762">
    <ele>6</ele>
    <time>2026-07-26T05:19:32Z</time>
    <extensions>
     <gpxdata:hr>155</gpxdata:hr>
     <gpxdata:distance>3984.00</gpxdata:distance>
     <gpxdata:cadence>79</gpxdata:cadence>
     <gpxdata:speed>3.597</gpxdata:speed>
    </extensions>
   </trkpt>
   <trkpt lat="47.2211502" lon="38.9283065">
    <ele>6</ele>
    <time>2026-07-26T05:19:33Z</time>
    <extensions>
     <gpxdata:hr>155</gpxdata:hr>
     <gpxdata:distance>3986.50</gpxdata:distance>
     <gpxdata:cadence>79</gpxdata:cadence>
     <gpxdata:speed>3.597</gpxdata:speed>
    </extensions>
   </trkpt>
   <trkpt lat="47.2211726" lon="38.9283336">
    <ele>6</ele>
    <time>2026-07-26T05:19:34Z</time>
    <extensions>
     <gpxdata:hr>155</gpxdata:hr>
     <gpxdata:distance>3989.00</gpxdata:distance>
     <gpxdata:cadence>79</gpxdata:cadence>
     <gpxdata:speed>3.597</gpxdata:speed>
    </extensions>
   </trkpt>
   <trkpt lat="47.2211951" lon="38.9283608">
    <ele>6</ele>
    <time>2026-07-26T05:19:35Z</time>
    <extensions>
     <gpxdata:hr>155</gpxdata:hr>
     <gpxdata:distance>3993.00</gpxdata:distance>
     <gpxdata:cadence>79</gpxdata:cadence>
     <gpxdata:speed>3.589</gpxdata:speed>
    </extensions>
   </trkpt>
   <trkpt lat="47.2212228" lon="38.9283841">
    <ele>6</ele>
    <time>2026-07-26T05:19:36Z</time>
    <extensions>
     <gpxdata:hr>155</gpxdata:hr>
     <gpxdata:distance>3997.00</gpxdata:distance>
     <gpxdata:cadence>79</gpxdata:cadence>
     <gpxdata:speed>3.583</gpxdata:speed>
    </extensions>
   </trkpt>
   <trkpt lat="47.2212505" lon="38.9284075">
    <ele>6</ele>
    <time>2026-07-26T05:19:37Z</time>
    <extensions>
     <gpxdata:hr>155</gpxdata:hr>
     <gpxdata:distance>4000.50</gpxdata:distance>
     <gpxdata:cadence>79</gpxdata:cadence>
     <gpxdata:speed>3.578</gpxdata:speed>
    </extensions>
   </trkpt>
   <trkpt lat="47.2212807" lon="38.9284250">
    <ele>6</ele>
    <time>2026-07-26T05:19:38Z</time>
    <extensions>
     <gpxdata:hr>155</gpxdata:hr>
     <gpxdata:distance>4004.00</gpxdata:distance>
     <gpxdata:cadence>79</gpxdata:cadence>
     <gpxdata:speed>3.572</gpxdata:speed>
    </extensions>
   </trkpt>
   <trkpt lat="47.2213109" lon="38.9284426">
    <ele>6</ele>
    <time>2026-07-26T05:19:39Z</time>
    <extensions>
     <gpxdata:hr>155</gpxdata:hr>
     <gpxdata:distance>4008.00</gpxdata:distance>
     <gpxdata:cadence>78</gpxdata:cadence>
     <gpxdata:speed>3.564</gpxdata:speed>
    </extensions>
   </trkpt>
   <trkpt lat="47.2213419" lon="38.9284540">
    <ele>6</ele>
    <time>2026-07-26T05:19:40Z</time>
    <extensions>
     <gpxdata:hr>155</gpxdata:hr>
     <gpxdata:distance>4012.00</gpxdata:distance>
     <gpxdata:cadence>78</gpxdata:cadence>
     <gpxdata:speed>3.556</gpxdata:speed>
    </extensions>
   </trkpt>
   <trkpt lat="47.2213729" lon="38.9284654">
    <ele>6</ele>
    <time>2026-07-26T05:19:41Z</time>
    <extensions>
     <gpxdata:hr>156</gpxdata:hr>
     <gpxdata:distance>4015.00</gpxdata:distance>
     <gpxdata:cadence>78</gpxdata:cadence>
     <gpxdata:speed>3.553</gpxdata:speed>
    </extensions>
   </trkpt>
   <trkpt lat="47.2214028" lon="38.9284727">
    <ele>6</ele>
    <time>2026-07-26T05:19:42Z</time>
    <extensions>
     <gpxdata:hr>155</gpxdata:hr>
     <gpxdata:distance>4018.00</gpxdata:distance>
     <gpxdata:cadence>78</gpxdata:cadence>
     <gpxdata:speed>3.550</gpxdata:speed>
    </extensions>
   </trkpt>
   <trkpt lat="47.2214327" lon="38.9284801">
    <ele>6</ele>
    <time>2026-07-26T05:19:43Z</time>
    <extensions>
     <gpxdata:hr>155</gpxdata:hr>
     <gpxdata:distance>4021.00</gpxdata:distance>
     <gpxdata:cadence>78</gpxdata:cadence>
     <gpxdata:speed>3.550</gpxdata:speed>
    </extensions>
   </trkpt>
   <trkpt lat="47.2214621" lon="38.9284890">
    <ele>6</ele>
    <time>2026-07-26T05:19:44Z</time>
    <extensions>
     <gpxdata:hr>155</gpxdata:hr>
     <gpxdata:distance>4024.00</gpxdata:distance>
     <gpxdata:cadence>79</gpxdata:cadence>
     <gpxdata:speed>3.550</gpxdata:speed>
    </extensions>
   </trkpt>
   <trkpt lat="47.2214915" lon="38.9284980">
    <ele>6</ele>
    <time>2026-07-26T05:19:45Z</time>
    <extensions>
     <gpxdata:hr>155</gpxdata:hr>
     <gpxdata:distance>4027.50</gpxdata:distance>
     <gpxdata:cadence>79</gpxdata:cadence>
     <gpxdata:speed>3.547</gpxdata:speed>
    </extensions>
   </trkpt>
   <trkpt lat="47.2215216" lon="38.9285044">
    <ele>6</ele>
    <time>2026-07-26T05:19:46Z</time>
    <extensions>
     <gpxdata:hr>155</gpxdata:hr>
     <gpxdata:distance>4031.00</gpxdata:distance>
     <gpxdata:cadence>79</gpxdata:cadence>
     <gpxdata:speed>3.544</gpxdata:speed>
    </extensions>
   </trkpt>
   <trkpt lat="47.2215518" lon="38.9285109">
    <ele>6</ele>
    <time>2026-07-26T05:19:47Z</time>
    <extensions>
     <gpxdata:hr>155</gpxdata:hr>
     <gpxdata:distance>4034.50</gpxdata:distance>
     <gpxdata:cadence>79</gpxdata:cadence>
     <gpxdata:speed>3.539</gpxdata:speed>
    </extensions>
   </trkpt>
   <trkpt lat="47.2215845" lon="38.9285053">
    <ele>6</ele>
    <time>2026-07-26T05:19:48Z</time>
    <extensions>
     <gpxdata:hr>155</gpxdata:hr>
     <gpxdata:distance>4038.00</gpxdata:distance>
     <gpxdata:cadence>79</gpxdata:cadence>
     <gpxdata:speed>3.536</gpxdata:speed>
    </extensions>
   </trkpt>
   <trkpt lat="47.2216173" lon="38.9284998">
    <ele>6</ele>
    <time>2026-07-26T05:19:49Z</time>
    <extensions>
     <gpxdata:hr>155</gpxdata:hr>
     <gpxdata:distance>4042.00</gpxdata:distance>
     <gpxdata:cadence>79</gpxdata:cadence>
     <gpxdata:speed>3.533</gpxdata:speed>
    </extensions>
   </trkpt>
   <trkpt lat="47.2216499" lon="38.9284813">
    <ele>6</ele>
    <time>2026-07-26T05:19:50Z</time>
    <extensions>
     <gpxdata:hr>155</gpxdata:hr>
     <gpxdata:distance>4046.00</gpxdata:distance>
     <gpxdata:cadence>79</gpxdata:cadence>
     <gpxdata:speed>3.531</gpxdata:speed>
    </extensions>
   </trkpt>
   <trkpt lat="47.2216825" lon="38.9284628">
    <ele>6</ele>
    <time>2026-07-26T05:19:51Z</time>
    <extensions>
     <gpxdata:hr>155</gpxdata:hr>
     <gpxdata:distance>4050.00</gpxdata:distance>
     <gpxdata:cadence>79</gpxdata:cadence>
     <gpxdata:speed>3.528</gpxdata:speed>
    </extensions>
   </trkpt>
   <trkpt lat="47.2217122" lon="38.9284358">
    <ele>6</ele>
    <time>2026-07-26T05:19:52Z</time>
    <extensions>
     <gpxdata:hr>155</gpxdata:hr>
     <gpxdata:distance>4054.00</gpxdata:distance>
     <gpxdata:cadence>79</gpxdata:cadence>
     <gpxdata:speed>3.528</gpxdata:speed>
    </extensions>
   </trkpt>
   <trkpt lat="47.2217419" lon="38.9284089">
    <ele>6</ele>
    <time>2026-07-26T05:19:53Z</time>
    <extensions>
     <gpxdata:hr>155</gpxdata:hr>
     <gpxdata:distance>4058.00</gpxdata:distance>
     <gpxdata:cadence>78</gpxdata:cadence>
     <gpxdata:speed>3.525</gpxdata:speed>
    </extensions>
   </trkpt>
   <trkpt lat="47.2217691" lon="38.9283798">
    <ele>6</ele>
    <time>2026-07-26T05:19:54Z</time>
    <extensions>
     <gpxdata:hr>155</gpxdata:hr>
     <gpxdata:distance>4062.00</gpxdata:distance>
     <gpxdata:cadence>78</gpxdata:cadence>
     <gpxdata:speed>3.525</gpxdata:speed>
    </extensions>
   </trkpt>
   <trkpt lat="47.2217964" lon="38.9283508">
    <ele>6</ele>
    <time>2026-07-26T05:19:55Z</time>
    <extensions>
     <gpxdata:hr>156</gpxdata:hr>
     <gpxdata:distance>4065.00</gpxdata:distance>
     <gpxdata:cadence>78</gpxdata:cadence>
     <gpxdata:speed>3.528</gpxdata:speed>
    </extensions>
   </trkpt>
   <trkpt lat="47.2218217" lon="38.9283272">
    <ele>6</ele>
    <time>2026-07-26T05:19:56Z</time>
    <extensions>
     <gpxdata:hr>155</gpxdata:hr>
     <gpxdata:distance>4068.00</gpxdata:distance>
     <gpxdata:cadence>78</gpxdata:cadence>
     <gpxdata:speed>3.533</gpxdata:speed>
    </extensions>
   </trkpt>
   <trkpt lat="47.2218470" lon="38.9283037">
    <ele>6</ele>
    <time>2026-07-26T05:19:57Z</time>
    <extensions>
     <gpxdata:hr>156</gpxdata:hr>
     <gpxdata:distance>4071.00</gpxdata:distance>
     <gpxdata:cadence>78</gpxdata:cadence>
     <gpxdata:speed>3.542</gpxdata:speed>
    </extensions>
   </trkpt>
   <trkpt lat="47.2218719" lon="38.9282908">
    <ele>6</ele>
    <time>2026-07-26T05:19:58Z</time>
    <extensions>
     <gpxdata:hr>156</gpxdata:hr>
     <gpxdata:distance>4074.00</gpxdata:distance>
     <gpxdata:cadence>78</gpxdata:cadence>
     <gpxdata:speed>3.550</gpxdata:speed>
    </extensions>
   </trkpt>
   <trkpt lat="47.2218969" lon="38.9282779">
    <ele>6</ele>
    <time>2026-07-26T05:19:59Z</time>
    <extensions>
     <gpxdata:hr>156</gpxdata:hr>
     <gpxdata:distance>4077.50</gpxdata:distance>
     <gpxdata:cadence>78</gpxdata:cadence>
     <gpxdata:speed>3.553</gpxdata:speed>
    </extensions>
   </trkpt>
   <trkpt lat="47.2219261" lon="38.9282750">
    <ele>6</ele>
    <time>2026-07-26T05:20:00Z</time>
    <extensions>
     <gpxdata:hr>157</gpxdata:hr>
     <gpxdata:distance>4081.00</gpxdata:distance>
     <gpxdata:cadence>78</gpxdata:cadence>
     <gpxdata:speed>3.556</gpxdata:speed>
    </extensions>
   </trkpt>
   <trkpt lat="47.2219554" lon="38.9282722">
    <ele>6</ele>
    <time>2026-07-26T05:20:01Z</time>
    <extensions>
     <gpxdata:hr>157</gpxdata:hr>
     <gpxdata:distance>4085.00</gpxdata:distance>
     <gpxdata:cadence>78</gpxdata:cadence>
     <gpxdata:speed>3.553</gpxdata:speed>
    </extensions>
   </trkpt>
   <trkpt lat="47.2219880" lon="38.9282733">
    <ele>6</ele>
    <time>2026-07-26T05:20:02Z</time>
    <extensions>
     <gpxdata:hr>158</gpxdata:hr>
     <gpxdata:distance>4089.00</gpxdata:distance>
     <gpxdata:cadence>78</gpxdata:cadence>
     <gpxdata:speed>3.553</gpxdata:speed>
    </extensions>
   </trkpt>
   <trkpt lat="47.2220207" lon="38.9282745">
    <ele>6</ele>
    <time>2026-07-26T05:20:03Z</time>
    <extensions>
     <gpxdata:hr>158</gpxdata:hr>
     <gpxdata:distance>4092.50</gpxdata:distance>
     <gpxdata:cadence>78</gpxdata:cadence>
     <gpxdata:speed>3.550</gpxdata:speed>
    </extensions>
   </trkpt>
   <trkpt lat="47.2220519" lon="38.9282752">
    <ele>6</ele>
    <time>2026-07-26T05:20:04Z</time>
    <extensions>
     <gpxdata:hr>158</gpxdata:hr>
     <gpxdata:distance>4096.00</gpxdata:distance>
     <gpxdata:cadence>78</gpxdata:cadence>
     <gpxdata:speed>3.550</gpxdata:speed>
    </extensions>
   </trkpt>
   <trkpt lat="47.2220831" lon="38.9282759">
    <ele>6</ele>
    <time>2026-07-26T05:20:05Z</time>
    <extensions>
     <gpxdata:hr>158</gpxdata:hr>
     <gpxdata:distance>4099.00</gpxdata:distance>
     <gpxdata:cadence>78</gpxdata:cadence>
     <gpxdata:speed>3.547</gpxdata:speed>
    </extensions>
   </trkpt>
   <trkpt lat="47.2221070" lon="38.9282626">
    <ele>6</ele>
    <time>2026-07-26T05:20:06Z</time>
    <extensions>
     <gpxdata:hr>158</gpxdata:hr>
     <gpxdata:distance>4102.00</gpxdata:distance>
     <gpxdata:cadence>78</gpxdata:cadence>
     <gpxdata:speed>3.547</gpxdata:speed>
    </extensions>
   </trkpt>
   <trkpt lat="47.2221310" lon="38.9282494">
    <ele>6</ele>
    <time>2026-07-26T05:20:07Z</time>
    <extensions>
     <gpxdata:hr>158</gpxdata:hr>
     <gpxdata:distance>4104.50</gpxdata:distance>
     <gpxdata:cadence>78</gpxdata:cadence>
     <gpxdata:speed>3.544</gpxdata:speed>
    </extensions>
   </trkpt>
   <trkpt lat="47.2221459" lon="38.9282198">
    <ele>6</ele>
    <time>2026-07-26T05:20:08Z</time>
    <extensions>
     <gpxdata:hr>158</gpxdata:hr>
     <gpxdata:distance>4107.00</gpxdata:distance>
     <gpxdata:cadence>78</gpxdata:cadence>
     <gpxdata:speed>3.542</gpxdata:speed>
    </extensions>
   </trkpt>
   <trkpt lat="47.2221609" lon="38.9281902">
    <ele>6</ele>
    <time>2026-07-26T05:20:09Z</time>
    <extensions>
     <gpxdata:hr>157</gpxdata:hr>
     <gpxdata:distance>4110.50</gpxdata:distance>
     <gpxdata:cadence>78</gpxdata:cadence>
     <gpxdata:speed>3.531</gpxdata:speed>
    </extensions>
   </trkpt>
   <trkpt lat="47.2221672" lon="38.9281495">
    <ele>6</ele>
    <time>2026-07-26T05:20:10Z</time>
    <extensions>
     <gpxdata:hr>157</gpxdata:hr>
     <gpxdata:distance>4114.00</gpxdata:distance>
     <gpxdata:cadence>78</gpxdata:cadence>
     <gpxdata:speed>3.519</gpxdata:speed>
    </extensions>
   </trkpt>
   <trkpt lat="47.2221735" lon="38.9281088">
    <ele>6</ele>
    <time>2026-07-26T05:20:11Z</time>
    <extensions>
     <gpxdata:hr>158</gpxdata:hr>
     <gpxdata:distance>4117.50</gpxdata:distance>
     <gpxdata:cadence>78</gpxdata:cadence>
     <gpxdata:speed>3.508</gpxdata:speed>
    </extensions>
   </trkpt>
   <trkpt lat="47.2221731" lon="38.9280615">
    <ele>6</ele>
    <time>2026-07-26T05:20:12Z</time>
    <extensions>
     <gpxdata:hr>157</gpxdata:hr>
     <gpxdata:distance>4121.00</gpxdata:distance>
     <gpxdata:cadence>78</gpxdata:cadence>
     <gpxdata:speed>3.500</gpxdata:speed>
    </extensions>
   </trkpt>
   <trkpt lat="47.2221728" lon="38.9280143">
    <ele>6</ele>
    <time>2026-07-26T05:20:13Z</time>
    <extensions>
     <gpxdata:hr>157</gpxdata:hr>
     <gpxdata:distance>4124.50</gpxdata:distance>
     <gpxdata:cadence>77</gpxdata:cadence>
     <gpxdata:speed>3.489</gpxdata:speed>
    </extensions>
   </trkpt>
   <trkpt lat="47.2221690" lon="38.9279654">
    <ele>6</ele>
    <time>2026-07-26T05:20:14Z</time>
    <extensions>
     <gpxdata:hr>157</gpxdata:hr>
     <gpxdata:distance>4128.00</gpxdata:distance>
     <gpxdata:cadence>77</gpxdata:cadence>
     <gpxdata:speed>3.481</gpxdata:speed>
    </extensions>
   </trkpt>
   <trkpt lat="47.2221653" lon="38.9279166">
    <ele>6</ele>
    <time>2026-07-26T05:20:15Z</time>
    <extensions>
     <gpxdata:hr>157</gpxdata:hr>
     <gpxdata:distance>4131.50</gpxdata:distance>
     <gpxdata:cadence>77</gpxdata:cadence>
     <gpxdata:speed>3.475</gpxdata:speed>
    </extensions>
   </trkpt>
   <trkpt lat="47.2221603" lon="38.9278686">
    <ele>6</ele>
    <time>2026-07-26T05:20:16Z</time>
    <extensions>
     <gpxdata:hr>157</gpxdata:hr>
     <gpxdata:distance>4135.00</gpxdata:distance>
     <gpxdata:cadence>77</gpxdata:cadence>
     <gpxdata:speed>3.472</gpxdata:speed>
    </extensions>
   </trkpt>
   <trkpt lat="47.2221553" lon="38.9278207">
    <ele>6</ele>
    <time>2026-07-26T05:20:17Z</time>
    <extensions>
     <gpxdata:hr>157</gpxdata:hr>
     <gpxdata:distance>4138.50</gpxdata:distance>
     <gpxdata:cadence>77</gpxdata:cadence>
     <gpxdata:speed>3.472</gpxdata:speed>
    </extensions>
   </trkpt>
   <trkpt lat="47.2221493" lon="38.9277766">
    <ele>6</ele>
    <time>2026-07-26T05:20:18Z</time>
    <extensions>
     <gpxdata:hr>156</gpxdata:hr>
     <gpxdata:distance>4142.00</gpxdata:distance>
     <gpxdata:cadence>78</gpxdata:cadence>
     <gpxdata:speed>3.475</gpxdata:speed>
    </extensions>
   </trkpt>
   <trkpt lat="47.2221434" lon="38.9277326">
    <ele>6</ele>
    <time>2026-07-26T05:20:19Z</time>
    <extensions>
     <gpxdata:hr>156</gpxdata:hr>
     <gpxdata:distance>4145.00</gpxdata:distance>
     <gpxdata:cadence>77</gpxdata:cadence>
     <gpxdata:speed>3.478</gpxdata:speed>
    </extensions>
   </trkpt>
   <trkpt lat="47.2221351" lon="38.9276900">
    <ele>6</ele>
    <time>2026-07-26T05:20:20Z</time>
    <extensions>
     <gpxdata:hr>156</gpxdata:hr>
     <gpxdata:distance>4148.00</gpxdata:distance>
     <gpxdata:cadence>77</gpxdata:cadence>
     <gpxdata:speed>3.481</gpxdata:speed>
    </extensions>
   </trkpt>
   <trkpt lat="47.2221268" lon="38.9276475">
    <ele>6</ele>
    <time>2026-07-26T05:20:21Z</time>
    <extensions>
     <gpxdata:hr>156</gpxdata:hr>
     <gpxdata:distance>4151.50</gpxdata:distance>
     <gpxdata:cadence>77</gpxdata:cadence>
     <gpxdata:speed>3.481</gpxdata:speed>
    </extensions>
   </trkpt>
   <trkpt lat="47.2221165" lon="38.9276074">
    <ele>6</ele>
    <time>2026-07-26T05:20:22Z</time>
    <extensions>
     <gpxdata:hr>156</gpxdata:hr>
     <gpxdata:distance>4155.00</gpxdata:distance>
     <gpxdata:cadence>77</gpxdata:cadence>
     <gpxdata:speed>3.481</gpxdata:speed>
    </extensions>
   </trkpt>
   <trkpt lat="47.2221063" lon="38.9275674">
    <ele>6</ele>
    <time>2026-07-26T05:20:23Z</time>
    <extensions>
     <gpxdata:hr>156</gpxdata:hr>
     <gpxdata:distance>4158.00</gpxdata:distance>
     <gpxdata:cadence>77</gpxdata:cadence>
     <gpxdata:speed>3.481</gpxdata:speed>
    </extensions>
   </trkpt>
   <trkpt lat="47.2220949" lon="38.9275263">
    <ele>6</ele>
    <time>2026-07-26T05:20:24Z</time>
    <extensions>
     <gpxdata:hr>156</gpxdata:hr>
     <gpxdata:distance>4161.00</gpxdata:distance>
     <gpxdata:cadence>78</gpxdata:cadence>
     <gpxdata:speed>3.481</gpxdata:speed>
    </extensions>
   </trkpt>
   <trkpt lat="47.2220835" lon="38.9274852">
    <ele>6</ele>
    <time>2026-07-26T05:20:25Z</time>
    <extensions>
     <gpxdata:hr>157</gpxdata:hr>
     <gpxdata:distance>4165.00</gpxdata:distance>
     <gpxdata:cadence>77</gpxdata:cadence>
     <gpxdata:speed>3.478</gpxdata:speed>
    </extensions>
   </trkpt>
   <trkpt lat="47.2220715" lon="38.9274437">
    <ele>6</ele>
    <time>2026-07-26T05:20:26Z</time>
    <extensions>
     <gpxdata:hr>157</gpxdata:hr>
     <gpxdata:distance>4169.00</gpxdata:distance>
     <gpxdata:cadence>77</gpxdata:cadence>
     <gpxdata:speed>3.478</gpxdata:speed>
    </extensions>
   </trkpt>
   <trkpt lat="47.2220596" lon="38.9274023">
    <ele>6</ele>
    <time>2026-07-26T05:20:27Z</time>
    <extensions>
     <gpxdata:hr>157</gpxdata:hr>
     <gpxdata:distance>4172.00</gpxdata:distance>
     <gpxdata:cadence>77</gpxdata:cadence>
     <gpxdata:speed>3.475</gpxdata:speed>
    </extensions>
   </trkpt>
   <trkpt lat="47.2220465" lon="38.9273595">
    <ele>6</ele>
    <time>2026-07-26T05:20:28Z</time>
    <extensions>
     <gpxdata:hr>157</gpxdata:hr>
     <gpxdata:distance>4175.00</gpxdata:distance>
     <gpxdata:cadence>77</gpxdata:cadence>
     <gpxdata:speed>3.475</gpxdata:speed>
    </extensions>
   </trkpt>
   <trkpt lat="47.2220335" lon="38.9273167">
    <ele>6</ele>
    <time>2026-07-26T05:20:29Z</time>
    <extensions>
     <gpxdata:hr>156</gpxdata:hr>
     <gpxdata:distance>4179.00</gpxdata:distance>
     <gpxdata:cadence>77</gpxdata:cadence>
     <gpxdata:speed>3.475</gpxdata:speed>
    </extensions>
   </trkpt>
   <trkpt lat="47.2220206" lon="38.9272733">
    <ele>6</ele>
    <time>2026-07-26T05:20:30Z</time>
    <extensions>
     <gpxdata:hr>156</gpxdata:hr>
     <gpxdata:distance>4183.00</gpxdata:distance>
     <gpxdata:cadence>78</gpxdata:cadence>
     <gpxdata:speed>3.475</gpxdata:speed>
    </extensions>
   </trkpt>
   <trkpt lat="47.2220077" lon="38.9272300">
    <ele>6</ele>
    <time>2026-07-26T05:20:31Z</time>
    <extensions>
     <gpxdata:hr>156</gpxdata:hr>
     <gpxdata:distance>4186.50</gpxdata:distance>
     <gpxdata:cadence>78</gpxdata:cadence>
     <gpxdata:speed>3.472</gpxdata:speed>
    </extensions>
   </trkpt>
   <trkpt lat="47.2219950" lon="38.9271853">
    <ele>6</ele>
    <time>2026-07-26T05:20:32Z</time>
    <extensions>
     <gpxdata:hr>156</gpxdata:hr>
     <gpxdata:distance>4190.00</gpxdata:distance>
     <gpxdata:cadence>78</gpxdata:cadence>
     <gpxdata:speed>3.472</gpxdata:speed>
    </extensions>
   </trkpt>
   <trkpt lat="47.2219823" lon="38.9271407">
    <ele>6</ele>
    <time>2026-07-26T05:20:33Z</time>
    <extensions>
     <gpxdata:hr>156</gpxdata:hr>
     <gpxdata:distance>4193.50</gpxdata:distance>
     <gpxdata:cadence>78</gpxdata:cadence>
     <gpxdata:speed>3.472</gpxdata:speed>
    </extensions>
   </trkpt>
   <trkpt lat="47.2219722" lon="38.9270984">
    <ele>6</ele>
    <time>2026-07-26T05:20:34Z</time>
    <extensions>
     <gpxdata:hr>155</gpxdata:hr>
     <gpxdata:distance>4197.00</gpxdata:distance>
     <gpxdata:cadence>78</gpxdata:cadence>
     <gpxdata:speed>3.472</gpxdata:speed>
    </extensions>
   </trkpt>
   <trkpt lat="47.2219621" lon="38.9270561">
    <ele>6</ele>
    <time>2026-07-26T05:20:35Z</time>
    <extensions>
     <gpxdata:hr>155</gpxdata:hr>
     <gpxdata:distance>4200.00</gpxdata:distance>
     <gpxdata:cadence>78</gpxdata:cadence>
     <gpxdata:speed>3.475</gpxdata:speed>
    </extensions>
   </trkpt>
   <trkpt lat="47.2219522" lon="38.9270143">
    <ele>6</ele>
    <time>2026-07-26T05:20:36Z</time>
    <extensions>
     <gpxdata:hr>155</gpxdata:hr>
     <gpxdata:distance>4203.00</gpxdata:distance>
     <gpxdata:cadence>79</gpxdata:cadence>
     <gpxdata:speed>3.481</gpxdata:speed>
    </extensions>
   </trkpt>
   <trkpt lat="47.2219424" lon="38.9269725">
    <ele>6</ele>
    <time>2026-07-26T05:20:37Z</time>
    <extensions>
     <gpxdata:hr>155</gpxdata:hr>
     <gpxdata:distance>4206.50</gpxdata:distance>
     <gpxdata:cadence>78</gpxdata:cadence>
     <gpxdata:speed>3.481</gpxdata:speed>
    </extensions>
   </trkpt>
   <trkpt lat="47.2219311" lon="38.9269302">
    <ele>6</ele>
    <time>2026-07-26T05:20:38Z</time>
    <extensions>
     <gpxdata:hr>156</gpxdata:hr>
     <gpxdata:distance>4210.00</gpxdata:distance>
     <gpxdata:cadence>78</gpxdata:cadence>
     <gpxdata:speed>3.483</gpxdata:speed>
    </extensions>
   </trkpt>
   <trkpt lat="47.2219198" lon="38.9268880">
    <ele>6</ele>
    <time>2026-07-26T05:20:39Z</time>
    <extensions>
     <gpxdata:hr>157</gpxdata:hr>
     <gpxdata:distance>4214.00</gpxdata:distance>
     <gpxdata:cadence>78</gpxdata:cadence>
     <gpxdata:speed>3.483</gpxdata:speed>
    </extensions>
   </trkpt>
   <trkpt lat="47.2219076" lon="38.9268444">
    <ele>6</ele>
    <time>2026-07-26T05:20:40Z</time>
    <extensions>
     <gpxdata:hr>157</gpxdata:hr>
     <gpxdata:distance>4218.00</gpxdata:distance>
     <gpxdata:cadence>79</gpxdata:cadence>
     <gpxdata:speed>3.483</gpxdata:speed>
    </extensions>
   </trkpt>
   <trkpt lat="47.2218954" lon="38.9268008">
    <ele>6</ele>
    <time>2026-07-26T05:20:41Z</time>
    <extensions>
     <gpxdata:hr>157</gpxdata:hr>
     <gpxdata:distance>4221.50</gpxdata:distance>
     <gpxdata:cadence>79</gpxdata:cadence>
     <gpxdata:speed>3.483</gpxdata:speed>
    </extensions>
   </trkpt>
   <trkpt lat="47.2218862" lon="38.9267560">
    <ele>6</ele>
    <time>2026-07-26T05:20:42Z</time>
    <extensions>
     <gpxdata:hr>157</gpxdata:hr>
     <gpxdata:distance>4225.00</gpxdata:distance>
     <gpxdata:cadence>79</gpxdata:cadence>
     <gpxdata:speed>3.483</gpxdata:speed>
    </extensions>
   </trkpt>
   <trkpt lat="47.2218771" lon="38.9267112">
    <ele>6</ele>
    <time>2026-07-26T05:20:43Z</time>
    <extensions>
     <gpxdata:hr>157</gpxdata:hr>
     <gpxdata:distance>4228.50</gpxdata:distance>
     <gpxdata:cadence>79</gpxdata:cadence>
     <gpxdata:speed>3.483</gpxdata:speed>
    </extensions>
   </trkpt>
   <trkpt lat="47.2218693" lon="38.9266670">
    <ele>6</ele>
    <time>2026-07-26T05:20:44Z</time>
    <extensions>
     <gpxdata:hr>157</gpxdata:hr>
     <gpxdata:distance>4232.00</gpxdata:distance>
     <gpxdata:cadence>80</gpxdata:cadence>
     <gpxdata:speed>3.486</gpxdata:speed>
    </extensions>
   </trkpt>
   <trkpt lat="47.2218616" lon="38.9266229">
    <ele>6</ele>
    <time>2026-07-26T05:20:45Z</time>
    <extensions>
     <gpxdata:hr>157</gpxdata:hr>
     <gpxdata:distance>4235.00</gpxdata:distance>
     <gpxdata:cadence>80</gpxdata:cadence>
     <gpxdata:speed>3.486</gpxdata:speed>
    </extensions>
   </trkpt>
   <trkpt lat="47.2218543" lon="38.9265787">
    <ele>6</ele>
    <time>2026-07-26T05:20:46Z</time>
    <extensions>
     <gpxdata:hr>157</gpxdata:hr>
     <gpxdata:distance>4238.00</gpxdata:distance>
     <gpxdata:cadence>80</gpxdata:cadence>
     <gpxdata:speed>3.486</gpxdata:speed>
    </extensions>
   </trkpt>
   <trkpt lat="47.2218470" lon="38.9265345">
    <ele>6</ele>
    <time>2026-07-26T05:20:47Z</time>
    <extensions>
     <gpxdata:hr>157</gpxdata:hr>
     <gpxdata:distance>4242.00</gpxdata:distance>
     <gpxdata:cadence>80</gpxdata:cadence>
     <gpxdata:speed>3.483</gpxdata:speed>
    </extensions>
   </trkpt>
   <trkpt lat="47.2218383" lon="38.9264881">
    <ele>6</ele>
    <time>2026-07-26T05:20:48Z</time>
    <extensions>
     <gpxdata:hr>157</gpxdata:hr>
     <gpxdata:distance>4246.00</gpxdata:distance>
     <gpxdata:cadence>80</gpxdata:cadence>
     <gpxdata:speed>3.483</gpxdata:speed>
    </extensions>
   </trkpt>
   <trkpt lat="47.2218296" lon="38.9264417">
    <ele>6</ele>
    <time>2026-07-26T05:20:49Z</time>
    <extensions>
     <gpxdata:hr>157</gpxdata:hr>
     <gpxdata:distance>4249.50</gpxdata:distance>
     <gpxdata:cadence>80</gpxdata:cadence>
     <gpxdata:speed>3.483</gpxdata:speed>
    </extensions>
   </trkpt>
   <trkpt lat="47.2218189" lon="38.9263976">
    <ele>7</ele>
    <time>2026-07-26T05:20:50Z</time>
    <extensions>
     <gpxdata:hr>157</gpxdata:hr>
     <gpxdata:distance>4253.00</gpxdata:distance>
     <gpxdata:cadence>80</gpxdata:cadence>
     <gpxdata:speed>3.483</gpxdata:speed>
    </extensions>
   </trkpt>
   <trkpt lat="47.2218082" lon="38.9263535">
    <ele>7</ele>
    <time>2026-07-26T05:20:51Z</time>
    <extensions>
     <gpxdata:hr>157</gpxdata:hr>
     <gpxdata:distance>4256.50</gpxdata:distance>
     <gpxdata:cadence>80</gpxdata:cadence>
     <gpxdata:speed>3.483</gpxdata:speed>
    </extensions>
   </trkpt>
   <trkpt lat="47.2217951" lon="38.9263064">
    <ele>7</ele>
    <time>2026-07-26T05:20:52Z</time>
    <extensions>
     <gpxdata:hr>157</gpxdata:hr>
     <gpxdata:distance>4260.00</gpxdata:distance>
     <gpxdata:cadence>80</gpxdata:cadence>
     <gpxdata:speed>3.483</gpxdata:speed>
    </extensions>
   </trkpt>
   <trkpt lat="47.2217820" lon="38.9262594">
    <ele>7</ele>
    <time>2026-07-26T05:20:53Z</time>
    <extensions>
     <gpxdata:hr>158</gpxdata:hr>
     <gpxdata:distance>4264.50</gpxdata:distance>
     <gpxdata:cadence>80</gpxdata:cadence>
     <gpxdata:speed>3.486</gpxdata:speed>
    </extensions>
   </trkpt>
   <trkpt lat="47.2217735" lon="38.9262100">
    <ele>7</ele>
    <time>2026-07-26T05:20:54Z</time>
    <extensions>
     <gpxdata:hr>158</gpxdata:hr>
     <gpxdata:distance>4269.00</gpxdata:distance>
     <gpxdata:cadence>80</gpxdata:cadence>
     <gpxdata:speed>3.492</gpxdata:speed>
    </extensions>
   </trkpt>
   <trkpt lat="47.2217651" lon="38.9261606">
    <ele>7</ele>
    <time>2026-07-26T05:20:55Z</time>
    <extensions>
     <gpxdata:hr>158</gpxdata:hr>
     <gpxdata:distance>4272.50</gpxdata:distance>
     <gpxdata:cadence>79</gpxdata:cadence>
     <gpxdata:speed>3.494</gpxdata:speed>
    </extensions>
   </trkpt>
   <trkpt lat="47.2217594" lon="38.9261151">
    <ele>7</ele>
    <time>2026-07-26T05:20:56Z</time>
    <extensions>
     <gpxdata:hr>158</gpxdata:hr>
     <gpxdata:distance>4276.00</gpxdata:distance>
     <gpxdata:cadence>79</gpxdata:cadence>
     <gpxdata:speed>3.500</gpxdata:speed>
    </extensions>
   </trkpt>
   <trkpt lat="47.2217537" lon="38.9260697">
    <ele>7</ele>
    <time>2026-07-26T05:20:57Z</time>
    <extensions>
     <gpxdata:hr>158</gpxdata:hr>
     <gpxdata:distance>4279.00</gpxdata:distance>
     <gpxdata:cadence>79</gpxdata:cadence>
     <gpxdata:speed>3.503</gpxdata:speed>
    </extensions>
   </trkpt>
   <trkpt lat="47.2217521" lon="38.9260302">
    <ele>7</ele>
    <time>2026-07-26T05:20:58Z</time>
    <extensions>
     <gpxdata:hr>158</gpxdata:hr>
     <gpxdata:distance>4282.00</gpxdata:distance>
     <gpxdata:cadence>79</gpxdata:cadence>
     <gpxdata:speed>3.506</gpxdata:speed>
    </extensions>
   </trkpt>
   <trkpt lat="47.2217506" lon="38.9259908">
    <ele>7</ele>
    <time>2026-07-26T05:20:59Z</time>
    <extensions>
     <gpxdata:hr>158</gpxdata:hr>
     <gpxdata:distance>4284.50</gpxdata:distance>
     <gpxdata:cadence>78</gpxdata:cadence>
     <gpxdata:speed>3.506</gpxdata:speed>
    </extensions>
   </trkpt>
   <trkpt lat="47.2217488" lon="38.9259530">
    <ele>7</ele>
    <time>2026-07-26T05:21:00Z</time>
    <extensions>
     <gpxdata:hr>158</gpxdata:hr>
     <gpxdata:distance>4287.00</gpxdata:distance>
     <gpxdata:cadence>78</gpxdata:cadence>
     <gpxdata:speed>3.508</gpxdata:speed>
    </extensions>
   </trkpt>
   <trkpt lat="47.2217470" lon="38.9259153">
    <ele>7</ele>
    <time>2026-07-26T05:21:01Z</time>
    <extensions>
     <gpxdata:hr>158</gpxdata:hr>
     <gpxdata:distance>4290.00</gpxdata:distance>
     <gpxdata:cadence>78</gpxdata:cadence>
     <gpxdata:speed>3.500</gpxdata:speed>
    </extensions>
   </trkpt>
   <trkpt lat="47.2217415" lon="38.9258762">
    <ele>7</ele>
    <time>2026-07-26T05:21:02Z</time>
    <extensions>
     <gpxdata:hr>158</gpxdata:hr>
     <gpxdata:distance>4293.00</gpxdata:distance>
     <gpxdata:cadence>78</gpxdata:cadence>
     <gpxdata:speed>3.492</gpxdata:speed>
    </extensions>
   </trkpt>
   <trkpt lat="47.2217360" lon="38.9258371">
    <ele>7</ele>
    <time>2026-07-26T05:21:03Z</time>
    <extensions>
     <gpxdata:hr>158</gpxdata:hr>
     <gpxdata:distance>4296.50</gpxdata:distance>
     <gpxdata:cadence>77</gpxdata:cadence>
     <gpxdata:speed>3.478</gpxdata:speed>
    </extensions>
   </trkpt>
   <trkpt lat="47.2217298" lon="38.9257930">
    <ele>7</ele>
    <time>2026-07-26T05:21:04Z</time>
    <extensions>
     <gpxdata:hr>158</gpxdata:hr>
     <gpxdata:distance>4300.00</gpxdata:distance>
     <gpxdata:cadence>77</gpxdata:cadence>
     <gpxdata:speed>3.464</gpxdata:speed>
    </extensions>
   </trkpt>
   <trkpt lat="47.2217237" lon="38.9257489">
    <ele>7</ele>
    <time>2026-07-26T05:21:05Z</time>
    <extensions>
     <gpxdata:hr>158</gpxdata:hr>
     <gpxdata:distance>4303.50</gpxdata:distance>
     <gpxdata:cadence>77</gpxdata:cadence>
     <gpxdata:speed>3.453</gpxdata:speed>
    </extensions>
   </trkpt>
   <trkpt lat="47.2217183" lon="38.9257015">
    <ele>7</ele>
    <time>2026-07-26T05:21:06Z</time>
    <extensions>
     <gpxdata:hr>158</gpxdata:hr>
     <gpxdata:distance>4307.00</gpxdata:distance>
     <gpxdata:cadence>77</gpxdata:cadence>
     <gpxdata:speed>3.444</gpxdata:speed>
    </extensions>
   </trkpt>
   <trkpt lat="47.2217130" lon="38.9256541">
    <ele>7</ele>
    <time>2026-07-26T05:21:07Z</time>
    <extensions>
     <gpxdata:hr>158</gpxdata:hr>
     <gpxdata:distance>4311.00</gpxdata:distance>
     <gpxdata:cadence>77</gpxdata:cadence>
     <gpxdata:speed>3.439</gpxdata:speed>
    </extensions>
   </trkpt>
   <trkpt lat="47.2217051" lon="38.9256050">
    <ele>7</ele>
    <time>2026-07-26T05:21:08Z</time>
    <extensions>
     <gpxdata:hr>158</gpxdata:hr>
     <gpxdata:distance>4315.00</gpxdata:distance>
     <gpxdata:cadence>77</gpxdata:cadence>
     <gpxdata:speed>3.436</gpxdata:speed>
    </extensions>
   </trkpt>
   <trkpt lat="47.2216972" lon="38.9255560">
    <ele>7</ele>
    <time>2026-07-26T05:21:09Z</time>
    <extensions>
     <gpxdata:hr>158</gpxdata:hr>
     <gpxdata:distance>4319.00</gpxdata:distance>
     <gpxdata:cadence>78</gpxdata:cadence>
     <gpxdata:speed>3.433</gpxdata:speed>
    </extensions>
   </trkpt>
   <trkpt lat="47.2216875" lon="38.9255052">
    <ele>7</ele>
    <time>2026-07-26T05:21:10Z</time>
    <extensions>
     <gpxdata:hr>158</gpxdata:hr>
     <gpxdata:distance>4323.00</gpxdata:distance>
     <gpxdata:cadence>78</gpxdata:cadence>
     <gpxdata:speed>3.433</gpxdata:speed>
    </extensions>
   </trkpt>
   <trkpt lat="47.2216778" lon="38.9254544">
    <ele>7</ele>
    <time>2026-07-26T05:21:11Z</time>
    <extensions>
     <gpxdata:hr>158</gpxdata:hr>
     <gpxdata:distance>4326.50</gpxdata:distance>
     <gpxdata:cadence>78</gpxdata:cadence>
     <gpxdata:speed>3.439</gpxdata:speed>
    </extensions>
   </trkpt>
   <trkpt lat="47.2216685" lon="38.9254070">
    <ele>7</ele>
    <time>2026-07-26T05:21:12Z</time>
    <extensions>
     <gpxdata:hr>158</gpxdata:hr>
     <gpxdata:distance>4330.00</gpxdata:distance>
     <gpxdata:cadence>79</gpxdata:cadence>
     <gpxdata:speed>3.447</gpxdata:speed>
    </extensions>
   </trkpt>
   <trkpt lat="47.2216593" lon="38.9253597">
    <ele>7</ele>
    <time>2026-07-26T05:21:13Z</time>
    <extensions>
     <gpxdata:hr>158</gpxdata:hr>
     <gpxdata:distance>4333.50</gpxdata:distance>
     <gpxdata:cadence>79</gpxdata:cadence>
     <gpxdata:speed>3.458</gpxdata:speed>
    </extensions>
   </trkpt>
   <trkpt lat="47.2216510" lon="38.9253148">
    <ele>7</ele>
    <time>2026-07-26T05:21:14Z</time>
    <extensions>
     <gpxdata:hr>158</gpxdata:hr>
     <gpxdata:distance>4337.00</gpxdata:distance>
     <gpxdata:cadence>79</gpxdata:cadence>
     <gpxdata:speed>3.472</gpxdata:speed>
    </extensions>
   </trkpt>
   <trkpt lat="47.2216428" lon="38.9252700">
    <ele>7</ele>
    <time>2026-07-26T05:21:15Z</time>
    <extensions>
     <gpxdata:hr>159</gpxdata:hr>
     <gpxdata:distance>4340.50</gpxdata:distance>
     <gpxdata:cadence>79</gpxdata:cadence>
     <gpxdata:speed>3.478</gpxdata:speed>
    </extensions>
   </trkpt>
   <trkpt lat="47.2216326" lon="38.9252259">
    <ele>7</ele>
    <time>2026-07-26T05:21:16Z</time>
    <extensions>
     <gpxdata:hr>159</gpxdata:hr>
     <gpxdata:distance>4344.00</gpxdata:distance>
     <gpxdata:cadence>79</gpxdata:cadence>
     <gpxdata:speed>3.486</gpxdata:speed>
    </extensions>
   </trkpt>
   <trkpt lat="47.2216224" lon="38.9251818">
    <ele>7</ele>
    <time>2026-07-26T05:21:17Z</time>
    <extensions>
     <gpxdata:hr>159</gpxdata:hr>
     <gpxdata:distance>4348.00</gpxdata:distance>
     <gpxdata:cadence>79</gpxdata:cadence>
     <gpxdata:speed>3.486</gpxdata:speed>
    </extensions>
   </trkpt>
   <trkpt lat="47.2216102" lon="38.9251379">
    <ele>7</ele>
    <time>2026-07-26T05:21:18Z</time>
    <extensions>
     <gpxdata:hr>159</gpxdata:hr>
     <gpxdata:distance>4352.00</gpxdata:distance>
     <gpxdata:cadence>79</gpxdata:cadence>
     <gpxdata:speed>3.489</gpxdata:speed>
    </extensions>
   </trkpt>
   <trkpt lat="47.2215981" lon="38.9250941">
    <ele>7</ele>
    <time>2026-07-26T05:21:19Z</time>
    <extensions>
     <gpxdata:hr>159</gpxdata:hr>
     <gpxdata:distance>4355.50</gpxdata:distance>
     <gpxdata:cadence>79</gpxdata:cadence>
     <gpxdata:speed>3.489</gpxdata:speed>
    </extensions>
   </trkpt>
   <trkpt lat="47.2215889" lon="38.9250520">
    <ele>7</ele>
    <time>2026-07-26T05:21:20Z</time>
    <extensions>
     <gpxdata:hr>159</gpxdata:hr>
     <gpxdata:distance>4359.00</gpxdata:distance>
     <gpxdata:cadence>79</gpxdata:cadence>
     <gpxdata:speed>3.489</gpxdata:speed>
    </extensions>
   </trkpt>
   <trkpt lat="47.2215797" lon="38.9250100">
    <ele>7</ele>
    <time>2026-07-26T05:21:21Z</time>
    <extensions>
     <gpxdata:hr>159</gpxdata:hr>
     <gpxdata:distance>4362.00</gpxdata:distance>
     <gpxdata:cadence>79</gpxdata:cadence>
     <gpxdata:speed>3.489</gpxdata:speed>
    </extensions>
   </trkpt>
   <trkpt lat="47.2215730" lon="38.9249661">
    <ele>7</ele>
    <time>2026-07-26T05:21:22Z</time>
    <extensions>
     <gpxdata:hr>159</gpxdata:hr>
     <gpxdata:distance>4365.00</gpxdata:distance>
     <gpxdata:cadence>79</gpxdata:cadence>
     <gpxdata:speed>3.492</gpxdata:speed>
    </extensions>
   </trkpt>
   <trkpt lat="47.2215664" lon="38.9249222">
    <ele>7</ele>
    <time>2026-07-26T05:21:23Z</time>
    <extensions>
     <gpxdata:hr>159</gpxdata:hr>
     <gpxdata:distance>4368.50</gpxdata:distance>
     <gpxdata:cadence>79</gpxdata:cadence>
     <gpxdata:speed>3.492</gpxdata:speed>
    </extensions>
   </trkpt>
   <trkpt lat="47.2215596" lon="38.9248782">
    <ele>7</ele>
    <time>2026-07-26T05:21:24Z</time>
    <extensions>
     <gpxdata:hr>159</gpxdata:hr>
     <gpxdata:distance>4372.00</gpxdata:distance>
     <gpxdata:cadence>79</gpxdata:cadence>
     <gpxdata:speed>3.492</gpxdata:speed>
    </extensions>
   </trkpt>
   <trkpt lat="47.2215528" lon="38.9248343">
    <ele>8</ele>
    <time>2026-07-26T05:21:25Z</time>
    <extensions>
     <gpxdata:hr>159</gpxdata:hr>
     <gpxdata:distance>4375.50</gpxdata:distance>
     <gpxdata:cadence>79</gpxdata:cadence>
     <gpxdata:speed>3.489</gpxdata:speed>
    </extensions>
   </trkpt>
   <trkpt lat="47.2215445" lon="38.9247892">
    <ele>8</ele>
    <time>2026-07-26T05:21:26Z</time>
    <extensions>
     <gpxdata:hr>159</gpxdata:hr>
     <gpxdata:distance>4379.00</gpxdata:distance>
     <gpxdata:cadence>79</gpxdata:cadence>
     <gpxdata:speed>3.489</gpxdata:speed>
    </extensions>
   </trkpt>
   <trkpt lat="47.2215362" lon="38.9247442">
    <ele>8</ele>
    <time>2026-07-26T05:21:27Z</time>
    <extensions>
     <gpxdata:hr>159</gpxdata:hr>
     <gpxdata:distance>4383.00</gpxdata:distance>
     <gpxdata:cadence>79</gpxdata:cadence>
     <gpxdata:speed>3.483</gpxdata:speed>
    </extensions>
   </trkpt>
   <trkpt lat="47.2215278" lon="38.9246998">
    <ele>8</ele>
    <time>2026-07-26T05:21:28Z</time>
    <extensions>
     <gpxdata:hr>159</gpxdata:hr>
     <gpxdata:distance>4387.00</gpxdata:distance>
     <gpxdata:cadence>79</gpxdata:cadence>
     <gpxdata:speed>3.481</gpxdata:speed>
    </extensions>
   </trkpt>
   <trkpt lat="47.2215195" lon="38.9246555">
    <ele>8</ele>
    <time>2026-07-26T05:21:29Z</time>
    <extensions>
     <gpxdata:hr>159</gpxdata:hr>
     <gpxdata:distance>4390.00</gpxdata:distance>
     <gpxdata:cadence>78</gpxdata:cadence>
     <gpxdata:speed>3.478</gpxdata:speed>
    </extensions>
   </trkpt>
   <trkpt lat="47.2215125" lon="38.9246129">
    <ele>8</ele>
    <time>2026-07-26T05:21:30Z</time>
    <extensions>
     <gpxdata:hr>159</gpxdata:hr>
     <gpxdata:distance>4393.00</gpxdata:distance>
     <gpxdata:cadence>78</gpxdata:cadence>
     <gpxdata:speed>3.478</gpxdata:speed>
    </extensions>
   </trkpt>
   <trkpt lat="47.2215055" lon="38.9245704">
    <ele>8</ele>
    <time>2026-07-26T05:21:31Z</time>
    <extensions>
     <gpxdata:hr>159</gpxdata:hr>
     <gpxdata:distance>4396.00</gpxdata:distance>
     <gpxdata:cadence>78</gpxdata:cadence>
     <gpxdata:speed>3.475</gpxdata:speed>
    </extensions>
   </trkpt>
   <trkpt lat="47.2214974" lon="38.9245294">
    <ele>8</ele>
    <time>2026-07-26T05:21:32Z</time>
    <extensions>
     <gpxdata:hr>159</gpxdata:hr>
     <gpxdata:distance>4399.00</gpxdata:distance>
     <gpxdata:cadence>78</gpxdata:cadence>
     <gpxdata:speed>3.475</gpxdata:speed>
    </extensions>
   </trkpt>
   <trkpt lat="47.2214893" lon="38.9244885">
    <ele>8</ele>
    <time>2026-07-26T05:21:33Z</time>
    <extensions>
     <gpxdata:hr>159</gpxdata:hr>
     <gpxdata:distance>4402.00</gpxdata:distance>
     <gpxdata:cadence>78</gpxdata:cadence>
     <gpxdata:speed>3.472</gpxdata:speed>
    </extensions>
   </trkpt>
   <trkpt lat="47.2214813" lon="38.9244479">
    <ele>8</ele>
    <time>2026-07-26T05:21:34Z</time>
    <extensions>
     <gpxdata:hr>159</gpxdata:hr>
     <gpxdata:distance>4405.00</gpxdata:distance>
     <gpxdata:cadence>78</gpxdata:cadence>
     <gpxdata:speed>3.469</gpxdata:speed>
    </extensions>
   </trkpt>
   <trkpt lat="47.2214734" lon="38.9244073">
    <ele>8</ele>
    <time>2026-07-26T05:21:35Z</time>
    <extensions>
     <gpxdata:hr>159</gpxdata:hr>
     <gpxdata:distance>4408.50</gpxdata:distance>
     <gpxdata:cadence>78</gpxdata:cadence>
     <gpxdata:speed>3.467</gpxdata:speed>
    </extensions>
   </trkpt>
   <trkpt lat="47.2214650" lon="38.9243636">
    <ele>8</ele>
    <time>2026-07-26T05:21:36Z</time>
    <extensions>
     <gpxdata:hr>159</gpxdata:hr>
     <gpxdata:distance>4412.00</gpxdata:distance>
     <gpxdata:cadence>78</gpxdata:cadence>
     <gpxdata:speed>3.464</gpxdata:speed>
    </extensions>
   </trkpt>
   <trkpt lat="47.2214567" lon="38.9243200">
    <ele>8</ele>
    <time>2026-07-26T05:21:37Z</time>
    <extensions>
     <gpxdata:hr>159</gpxdata:hr>
     <gpxdata:distance>4416.00</gpxdata:distance>
     <gpxdata:cadence>78</gpxdata:cadence>
     <gpxdata:speed>3.461</gpxdata:speed>
    </extensions>
   </trkpt>
   <trkpt lat="47.2214482" lon="38.9242752">
    <ele>8</ele>
    <time>2026-07-26T05:21:38Z</time>
    <extensions>
     <gpxdata:hr>159</gpxdata:hr>
     <gpxdata:distance>4420.00</gpxdata:distance>
     <gpxdata:cadence>78</gpxdata:cadence>
     <gpxdata:speed>3.458</gpxdata:speed>
    </extensions>
   </trkpt>
   <trkpt lat="47.2214397" lon="38.9242304">
    <ele>8</ele>
    <time>2026-07-26T05:21:39Z</time>
    <extensions>
     <gpxdata:hr>159</gpxdata:hr>
     <gpxdata:distance>4423.00</gpxdata:distance>
     <gpxdata:cadence>78</gpxdata:cadence>
     <gpxdata:speed>3.453</gpxdata:speed>
    </extensions>
   </trkpt>
   <trkpt lat="47.2214314" lon="38.9241842">
    <ele>8</ele>
    <time>2026-07-26T05:21:40Z</time>
    <extensions>
     <gpxdata:hr>159</gpxdata:hr>
     <gpxdata:distance>4426.00</gpxdata:distance>
     <gpxdata:cadence>78</gpxdata:cadence>
     <gpxdata:speed>3.450</gpxdata:speed>
    </extensions>
   </trkpt>
   <trkpt lat="47.2214232" lon="38.9241380">
    <ele>8</ele>
    <time>2026-07-26T05:21:41Z</time>
    <extensions>
     <gpxdata:hr>158</gpxdata:hr>
     <gpxdata:distance>4430.00</gpxdata:distance>
     <gpxdata:cadence>78</gpxdata:cadence>
     <gpxdata:speed>3.450</gpxdata:speed>
    </extensions>
   </trkpt>
   <trkpt lat="47.2214152" lon="38.9240911">
    <ele>8</ele>
    <time>2026-07-26T05:21:42Z</time>
    <extensions>
     <gpxdata:hr>158</gpxdata:hr>
     <gpxdata:distance>4434.00</gpxdata:distance>
     <gpxdata:cadence>78</gpxdata:cadence>
     <gpxdata:speed>3.450</gpxdata:speed>
    </extensions>
   </trkpt>
   <trkpt lat="47.2214073" lon="38.9240442">
    <ele>8</ele>
    <time>2026-07-26T05:21:43Z</time>
    <extensions>
     <gpxdata:hr>158</gpxdata:hr>
     <gpxdata:distance>4437.50</gpxdata:distance>
     <gpxdata:cadence>78</gpxdata:cadence>
     <gpxdata:speed>3.453</gpxdata:speed>
    </extensions>
   </trkpt>
   <trkpt lat="47.2213983" lon="38.9240002">
    <ele>8</ele>
    <time>2026-07-26T05:21:44Z</time>
    <extensions>
     <gpxdata:hr>158</gpxdata:hr>
     <gpxdata:distance>4441.00</gpxdata:distance>
     <gpxdata:cadence>78</gpxdata:cadence>
     <gpxdata:speed>3.456</gpxdata:speed>
    </extensions>
   </trkpt>
   <trkpt lat="47.2213894" lon="38.9239563">
    <ele>9</ele>
    <time>2026-07-26T05:21:45Z</time>
    <extensions>
     <gpxdata:hr>158</gpxdata:hr>
     <gpxdata:distance>4444.00</gpxdata:distance>
     <gpxdata:cadence>78</gpxdata:cadence>
     <gpxdata:speed>3.458</gpxdata:speed>
    </extensions>
   </trkpt>
   <trkpt lat="47.2213761" lon="38.9239149">
    <ele>9</ele>
    <time>2026-07-26T05:21:46Z</time>
    <extensions>
     <gpxdata:hr>158</gpxdata:hr>
     <gpxdata:distance>4447.00</gpxdata:distance>
     <gpxdata:cadence>78</gpxdata:cadence>
     <gpxdata:speed>3.461</gpxdata:speed>
    </extensions>
   </trkpt>
   <trkpt lat="47.2213629" lon="38.9238736">
    <ele>9</ele>
    <time>2026-07-26T05:21:47Z</time>
    <extensions>
     <gpxdata:hr>158</gpxdata:hr>
     <gpxdata:distance>4451.00</gpxdata:distance>
     <gpxdata:cadence>78</gpxdata:cadence>
     <gpxdata:speed>3.461</gpxdata:speed>
    </extensions>
   </trkpt>
   <trkpt lat="47.2213504" lon="38.9238292">
    <ele>9</ele>
    <time>2026-07-26T05:21:48Z</time>
    <extensions>
     <gpxdata:hr>158</gpxdata:hr>
     <gpxdata:distance>4455.00</gpxdata:distance>
     <gpxdata:cadence>78</gpxdata:cadence>
     <gpxdata:speed>3.464</gpxdata:speed>
    </extensions>
   </trkpt>
   <trkpt lat="47.2213380" lon="38.9237848">
    <ele>9</ele>
    <time>2026-07-26T05:21:49Z</time>
    <extensions>
     <gpxdata:hr>158</gpxdata:hr>
     <gpxdata:distance>4458.50</gpxdata:distance>
     <gpxdata:cadence>78</gpxdata:cadence>
     <gpxdata:speed>3.469</gpxdata:speed>
    </extensions>
   </trkpt>
   <trkpt lat="47.2213281" lon="38.9237378">
    <ele>9</ele>
    <time>2026-07-26T05:21:50Z</time>
    <extensions>
     <gpxdata:hr>158</gpxdata:hr>
     <gpxdata:distance>4462.00</gpxdata:distance>
     <gpxdata:cadence>78</gpxdata:cadence>
     <gpxdata:speed>3.475</gpxdata:speed>
    </extensions>
   </trkpt>
   <trkpt lat="47.2213182" lon="38.9236908">
    <ele>9</ele>
    <time>2026-07-26T05:21:51Z</time>
    <extensions>
     <gpxdata:hr>158</gpxdata:hr>
     <gpxdata:distance>4466.00</gpxdata:distance>
     <gpxdata:cadence>78</gpxdata:cadence>
     <gpxdata:speed>3.481</gpxdata:speed>
    </extensions>
   </trkpt>
   <trkpt lat="47.2213087" lon="38.9236423">
    <ele>9</ele>
    <time>2026-07-26T05:21:52Z</time>
    <extensions>
     <gpxdata:hr>158</gpxdata:hr>
     <gpxdata:distance>4470.00</gpxdata:distance>
     <gpxdata:cadence>78</gpxdata:cadence>
     <gpxdata:speed>3.486</gpxdata:speed>
    </extensions>
   </trkpt>
   <trkpt lat="47.2212992" lon="38.9235938">
    <ele>9</ele>
    <time>2026-07-26T05:21:53Z</time>
    <extensions>
     <gpxdata:hr>158</gpxdata:hr>
     <gpxdata:distance>4474.00</gpxdata:distance>
     <gpxdata:cadence>78</gpxdata:cadence>
     <gpxdata:speed>3.489</gpxdata:speed>
    </extensions>
   </trkpt>
   <trkpt lat="47.2212903" lon="38.9235456">
    <ele>9</ele>
    <time>2026-07-26T05:21:54Z</time>
    <extensions>
     <gpxdata:hr>158</gpxdata:hr>
     <gpxdata:distance>4478.00</gpxdata:distance>
     <gpxdata:cadence>78</gpxdata:cadence>
     <gpxdata:speed>3.494</gpxdata:speed>
    </extensions>
   </trkpt>
   <trkpt lat="47.2212815" lon="38.9234975">
    <ele>9</ele>
    <time>2026-07-26T05:21:55Z</time>
    <extensions>
     <gpxdata:hr>159</gpxdata:hr>
     <gpxdata:distance>4481.50</gpxdata:distance>
     <gpxdata:cadence>78</gpxdata:cadence>
     <gpxdata:speed>3.497</gpxdata:speed>
    </extensions>
   </trkpt>
   <trkpt lat="47.2212735" lon="38.9234518">
    <ele>9</ele>
    <time>2026-07-26T05:21:56Z</time>
    <extensions>
     <gpxdata:hr>158</gpxdata:hr>
     <gpxdata:distance>4485.00</gpxdata:distance>
     <gpxdata:cadence>78</gpxdata:cadence>
     <gpxdata:speed>3.503</gpxdata:speed>
    </extensions>
   </trkpt>
   <trkpt lat="47.2212656" lon="38.9234061">
    <ele>9</ele>
    <time>2026-07-26T05:21:57Z</time>
    <extensions>
     <gpxdata:hr>158</gpxdata:hr>
     <gpxdata:distance>4488.00</gpxdata:distance>
     <gpxdata:cadence>78</gpxdata:cadence>
     <gpxdata:speed>3.506</gpxdata:speed>
    </extensions>
   </trkpt>
   <trkpt lat="47.2212568" lon="38.9233656">
    <ele>9</ele>
    <time>2026-07-26T05:21:58Z</time>
    <extensions>
     <gpxdata:hr>158</gpxdata:hr>
     <gpxdata:distance>4491.00</gpxdata:distance>
     <gpxdata:cadence>78</gpxdata:cadence>
     <gpxdata:speed>3.508</gpxdata:speed>
    </extensions>
   </trkpt>
   <trkpt lat="47.2212480" lon="38.9233252">
    <ele>9</ele>
    <time>2026-07-26T05:21:59Z</time>
    <extensions>
     <gpxdata:hr>159</gpxdata:hr>
     <gpxdata:distance>4494.00</gpxdata:distance>
     <gpxdata:cadence>78</gpxdata:cadence>
     <gpxdata:speed>3.508</gpxdata:speed>
    </extensions>
   </trkpt>
   <trkpt lat="47.2212388" lon="38.9232872">
    <ele>9</ele>
    <time>2026-07-26T05:22:00Z</time>
    <extensions>
     <gpxdata:hr>159</gpxdata:hr>
     <gpxdata:distance>4497.00</gpxdata:distance>
     <gpxdata:cadence>78</gpxdata:cadence>
     <gpxdata:speed>3.511</gpxdata:speed>
    </extensions>
   </trkpt>
   <trkpt lat="47.2212296" lon="38.9232492">
    <ele>9</ele>
    <time>2026-07-26T05:22:01Z</time>
    <extensions>
     <gpxdata:hr>159</gpxdata:hr>
     <gpxdata:distance>4500.50</gpxdata:distance>
     <gpxdata:cadence>78</gpxdata:cadence>
     <gpxdata:speed>3.514</gpxdata:speed>
    </extensions>
   </trkpt>
   <trkpt lat="47.2212205" lon="38.9232080">
    <ele>9</ele>
    <time>2026-07-26T05:22:02Z</time>
    <extensions>
     <gpxdata:hr>159</gpxdata:hr>
     <gpxdata:distance>4504.00</gpxdata:distance>
     <gpxdata:cadence>78</gpxdata:cadence>
     <gpxdata:speed>3.517</gpxdata:speed>
    </extensions>
   </trkpt>
   <trkpt lat="47.2212114" lon="38.9231669">
    <ele>9</ele>
    <time>2026-07-26T05:22:03Z</time>
    <extensions>
     <gpxdata:hr>159</gpxdata:hr>
     <gpxdata:distance>4507.50</gpxdata:distance>
     <gpxdata:cadence>78</gpxdata:cadence>
     <gpxdata:speed>3.511</gpxdata:speed>
    </extensions>
   </trkpt>
   <trkpt lat="47.2212020" lon="38.9231228">
    <ele>9</ele>
    <time>2026-07-26T05:22:04Z</time>
    <extensions>
     <gpxdata:hr>159</gpxdata:hr>
     <gpxdata:distance>4511.00</gpxdata:distance>
     <gpxdata:cadence>78</gpxdata:cadence>
     <gpxdata:speed>3.508</gpxdata:speed>
    </extensions>
   </trkpt>
   <trkpt lat="47.2211927" lon="38.9230788">
    <ele>10</ele>
    <time>2026-07-26T05:22:05Z</time>
    <extensions>
     <gpxdata:hr>159</gpxdata:hr>
     <gpxdata:distance>4514.50</gpxdata:distance>
     <gpxdata:cadence>77</gpxdata:cadence>
     <gpxdata:speed>3.500</gpxdata:speed>
    </extensions>
   </trkpt>
   <trkpt lat="47.2211834" lon="38.9230336">
    <ele>10</ele>
    <time>2026-07-26T05:22:06Z</time>
    <extensions>
     <gpxdata:hr>159</gpxdata:hr>
     <gpxdata:distance>4518.00</gpxdata:distance>
     <gpxdata:cadence>76</gpxdata:cadence>
     <gpxdata:speed>3.494</gpxdata:speed>
    </extensions>
   </trkpt>
   <trkpt lat="47.2211742" lon="38.9229885">
    <ele>10</ele>
    <time>2026-07-26T05:22:07Z</time>
    <extensions>
     <gpxdata:hr>159</gpxdata:hr>
     <gpxdata:distance>4521.50</gpxdata:distance>
     <gpxdata:cadence>75</gpxdata:cadence>
     <gpxdata:speed>3.492</gpxdata:speed>
    </extensions>
   </trkpt>
   <trkpt lat="47.2211640" lon="38.9229444">
    <ele>10</ele>
    <time>2026-07-26T05:22:08Z</time>
    <extensions>
     <gpxdata:hr>159</gpxdata:hr>
     <gpxdata:distance>4525.00</gpxdata:distance>
     <gpxdata:cadence>75</gpxdata:cadence>
     <gpxdata:speed>3.489</gpxdata:speed>
    </extensions>
   </trkpt>
   <trkpt lat="47.2211539" lon="38.9229003">
    <ele>10</ele>
    <time>2026-07-26T05:22:09Z</time>
    <extensions>
     <gpxdata:hr>160</gpxdata:hr>
     <gpxdata:distance>4528.50</gpxdata:distance>
     <gpxdata:cadence>74</gpxdata:cadence>
     <gpxdata:speed>3.486</gpxdata:speed>
    </extensions>
   </trkpt>
   <trkpt lat="47.2211443" lon="38.9228560">
    <ele>10</ele>
    <time>2026-07-26T05:22:10Z</time>
    <extensions>
     <gpxdata:hr>160</gpxdata:hr>
     <gpxdata:distance>4532.00</gpxdata:distance>
     <gpxdata:cadence>74</gpxdata:cadence>
     <gpxdata:speed>3.486</gpxdata:speed>
    </extensions>
   </trkpt>
   <trkpt lat="47.2211348" lon="38.9228118">
    <ele>10</ele>
    <time>2026-07-26T05:22:11Z</time>
    <extensions>
     <gpxdata:hr>161</gpxdata:hr>
     <gpxdata:distance>4535.50</gpxdata:distance>
     <gpxdata:cadence>74</gpxdata:cadence>
     <gpxdata:speed>3.486</gpxdata:speed>
    </extensions>
   </trkpt>
   <trkpt lat="47.2211229" lon="38.9227689">
    <ele>10</ele>
    <time>2026-07-26T05:22:12Z</time>
    <extensions>
     <gpxdata:hr>161</gpxdata:hr>
     <gpxdata:distance>4539.00</gpxdata:distance>
     <gpxdata:cadence>74</gpxdata:cadence>
     <gpxdata:speed>3.486</gpxdata:speed>
    </extensions>
   </trkpt>
   <trkpt lat="47.2211110" lon="38.9227260">
    <ele>10</ele>
    <time>2026-07-26T05:22:13Z</time>
    <extensions>
     <gpxdata:hr>161</gpxdata:hr>
     <gpxdata:distance>4542.50</gpxdata:distance>
     <gpxdata:cadence>75</gpxdata:cadence>
     <gpxdata:speed>3.486</gpxdata:speed>
    </extensions>
   </trkpt>
   <trkpt lat="47.2210945" lon="38.9226900">
    <ele>10</ele>
    <time>2026-07-26T05:22:14Z</time>
    <extensions>
     <gpxdata:hr>161</gpxdata:hr>
     <gpxdata:distance>4546.00</gpxdata:distance>
     <gpxdata:cadence>75</gpxdata:cadence>
     <gpxdata:speed>3.489</gpxdata:speed>
    </extensions>
   </trkpt>
   <trkpt lat="47.2210780" lon="38.9226540">
    <ele>10</ele>
    <time>2026-07-26T05:22:15Z</time>
    <extensions>
     <gpxdata:hr>160</gpxdata:hr>
     <gpxdata:distance>4549.00</gpxdata:distance>
     <gpxdata:cadence>76</gpxdata:cadence>
     <gpxdata:speed>3.489</gpxdata:speed>
    </extensions>
   </trkpt>
   <trkpt lat="47.2210562" lon="38.9226245">
    <ele>10</ele>
    <time>2026-07-26T05:22:16Z</time>
    <extensions>
     <gpxdata:hr>160</gpxdata:hr>
     <gpxdata:distance>4552.00</gpxdata:distance>
     <gpxdata:cadence>77</gpxdata:cadence>
     <gpxdata:speed>3.492</gpxdata:speed>
    </extensions>
   </trkpt>
   <trkpt lat="47.2210345" lon="38.9225950">
    <ele>10</ele>
    <time>2026-07-26T05:22:17Z</time>
    <extensions>
     <gpxdata:hr>160</gpxdata:hr>
     <gpxdata:distance>4555.50</gpxdata:distance>
     <gpxdata:cadence>77</gpxdata:cadence>
     <gpxdata:speed>3.492</gpxdata:speed>
    </extensions>
   </trkpt>
   <trkpt lat="47.2210096" lon="38.9225696">
    <ele>10</ele>
    <time>2026-07-26T05:22:18Z</time>
    <extensions>
     <gpxdata:hr>160</gpxdata:hr>
     <gpxdata:distance>4559.00</gpxdata:distance>
     <gpxdata:cadence>78</gpxdata:cadence>
     <gpxdata:speed>3.492</gpxdata:speed>
    </extensions>
   </trkpt>
   <trkpt lat="47.2209847" lon="38.9225442">
    <ele>10</ele>
    <time>2026-07-26T05:22:19Z</time>
    <extensions>
     <gpxdata:hr>160</gpxdata:hr>
     <gpxdata:distance>4562.50</gpxdata:distance>
     <gpxdata:cadence>78</gpxdata:cadence>
     <gpxdata:speed>3.489</gpxdata:speed>
    </extensions>
   </trkpt>
   <trkpt lat="47.2209584" lon="38.9225222">
    <ele>10</ele>
    <time>2026-07-26T05:22:20Z</time>
    <extensions>
     <gpxdata:hr>160</gpxdata:hr>
     <gpxdata:distance>4566.00</gpxdata:distance>
     <gpxdata:cadence>78</gpxdata:cadence>
     <gpxdata:speed>3.486</gpxdata:speed>
    </extensions>
   </trkpt>
   <trkpt lat="47.2209322" lon="38.9225002">
    <ele>10</ele>
    <time>2026-07-26T05:22:21Z</time>
    <extensions>
     <gpxdata:hr>161</gpxdata:hr>
     <gpxdata:distance>4569.00</gpxdata:distance>
     <gpxdata:cadence>78</gpxdata:cadence>
     <gpxdata:speed>3.483</gpxdata:speed>
    </extensions>
   </trkpt>
   <trkpt lat="47.2209067" lon="38.9224781">
    <ele>10</ele>
    <time>2026-07-26T05:22:22Z</time>
    <extensions>
     <gpxdata:hr>161</gpxdata:hr>
     <gpxdata:distance>4572.00</gpxdata:distance>
     <gpxdata:cadence>79</gpxdata:cadence>
     <gpxdata:speed>3.483</gpxdata:speed>
    </extensions>
   </trkpt>
   <trkpt lat="47.2208813" lon="38.9224561">
    <ele>10</ele>
    <time>2026-07-26T05:22:23Z</time>
    <extensions>
     <gpxdata:hr>161</gpxdata:hr>
     <gpxdata:distance>4575.50</gpxdata:distance>
     <gpxdata:cadence>79</gpxdata:cadence>
     <gpxdata:speed>3.478</gpxdata:speed>
    </extensions>
   </trkpt>
   <trkpt lat="47.2208563" lon="38.9224305">
    <ele>10</ele>
    <time>2026-07-26T05:22:24Z</time>
    <extensions>
     <gpxdata:hr>161</gpxdata:hr>
     <gpxdata:distance>4579.00</gpxdata:distance>
     <gpxdata:cadence>79</gpxdata:cadence>
     <gpxdata:speed>3.475</gpxdata:speed>
    </extensions>
   </trkpt>
   <trkpt lat="47.2208313" lon="38.9224050">
    <ele>11</ele>
    <time>2026-07-26T05:22:25Z</time>
    <extensions>
     <gpxdata:hr>161</gpxdata:hr>
     <gpxdata:distance>4582.50</gpxdata:distance>
     <gpxdata:cadence>79</gpxdata:cadence>
     <gpxdata:speed>3.472</gpxdata:speed>
    </extensions>
   </trkpt>
   <trkpt lat="47.2208045" lon="38.9223792">
    <ele>11</ele>
    <time>2026-07-26T05:22:26Z</time>
    <extensions>
     <gpxdata:hr>161</gpxdata:hr>
     <gpxdata:distance>4586.00</gpxdata:distance>
     <gpxdata:cadence>79</gpxdata:cadence>
     <gpxdata:speed>3.469</gpxdata:speed>
    </extensions>
   </trkpt>
   <trkpt lat="47.2207777" lon="38.9223535">
    <ele>11</ele>
    <time>2026-07-26T05:22:27Z</time>
    <extensions>
     <gpxdata:hr>161</gpxdata:hr>
     <gpxdata:distance>4590.00</gpxdata:distance>
     <gpxdata:cadence>79</gpxdata:cadence>
     <gpxdata:speed>3.467</gpxdata:speed>
    </extensions>
   </trkpt>
   <trkpt lat="47.2207456" lon="38.9223334">
    <ele>11</ele>
    <time>2026-07-26T05:22:28Z</time>
    <extensions>
     <gpxdata:hr>161</gpxdata:hr>
     <gpxdata:distance>4594.00</gpxdata:distance>
     <gpxdata:cadence>79</gpxdata:cadence>
     <gpxdata:speed>3.464</gpxdata:speed>
    </extensions>
   </trkpt>
   <trkpt lat="47.2207135" lon="38.9223133">
    <ele>11</ele>
    <time>2026-07-26T05:22:29Z</time>
    <extensions>
     <gpxdata:hr>161</gpxdata:hr>
     <gpxdata:distance>4598.00</gpxdata:distance>
     <gpxdata:cadence>78</gpxdata:cadence>
     <gpxdata:speed>3.464</gpxdata:speed>
    </extensions>
   </trkpt>
   <trkpt lat="47.2206793" lon="38.9222960">
    <ele>11</ele>
    <time>2026-07-26T05:22:30Z</time>
    <extensions>
     <gpxdata:hr>160</gpxdata:hr>
     <gpxdata:distance>4602.00</gpxdata:distance>
     <gpxdata:cadence>78</gpxdata:cadence>
     <gpxdata:speed>3.467</gpxdata:speed>
    </extensions>
   </trkpt>
   <trkpt lat="47.2206451" lon="38.9222787">
    <ele>11</ele>
    <time>2026-07-26T05:22:31Z</time>
    <extensions>
     <gpxdata:hr>160</gpxdata:hr>
     <gpxdata:distance>4606.00</gpxdata:distance>
     <gpxdata:cadence>78</gpxdata:cadence>
     <gpxdata:speed>3.475</gpxdata:speed>
    </extensions>
   </trkpt>
   <trkpt lat="47.2206131" lon="38.9222604">
    <ele>11</ele>
    <time>2026-07-26T05:22:32Z</time>
    <extensions>
     <gpxdata:hr>160</gpxdata:hr>
     <gpxdata:distance>4610.00</gpxdata:distance>
     <gpxdata:cadence>78</gpxdata:cadence>
     <gpxdata:speed>3.486</gpxdata:speed>
    </extensions>
   </trkpt>
   <trkpt lat="47.2205812" lon="38.9222421">
    <ele>11</ele>
    <time>2026-07-26T05:22:33Z</time>
    <extensions>
     <gpxdata:hr>160</gpxdata:hr>
     <gpxdata:distance>4613.00</gpxdata:distance>
     <gpxdata:cadence>78</gpxdata:cadence>
     <gpxdata:speed>3.494</gpxdata:speed>
    </extensions>
   </trkpt>
   <trkpt lat="47.2205510" lon="38.9222231">
    <ele>11</ele>
    <time>2026-07-26T05:22:34Z</time>
    <extensions>
     <gpxdata:hr>160</gpxdata:hr>
     <gpxdata:distance>4616.00</gpxdata:distance>
     <gpxdata:cadence>78</gpxdata:cadence>
     <gpxdata:speed>3.503</gpxdata:speed>
    </extensions>
   </trkpt>
   <trkpt lat="47.2205209" lon="38.9222042">
    <ele>11</ele>
    <time>2026-07-26T05:22:35Z</time>
    <extensions>
     <gpxdata:hr>160</gpxdata:hr>
     <gpxdata:distance>4620.00</gpxdata:distance>
     <gpxdata:cadence>78</gpxdata:cadence>
     <gpxdata:speed>3.514</gpxdata:speed>
    </extensions>
   </trkpt>
   <trkpt lat="47.2204905" lon="38.9221853">
    <ele>11</ele>
    <time>2026-07-26T05:22:36Z</time>
    <extensions>
     <gpxdata:hr>161</gpxdata:hr>
     <gpxdata:distance>4624.00</gpxdata:distance>
     <gpxdata:cadence>79</gpxdata:cadence>
     <gpxdata:speed>3.528</gpxdata:speed>
    </extensions>
   </trkpt>
   <trkpt lat="47.2204602" lon="38.9221664">
    <ele>11</ele>
    <time>2026-07-26T05:22:37Z</time>
    <extensions>
     <gpxdata:hr>161</gpxdata:hr>
     <gpxdata:distance>4627.50</gpxdata:distance>
     <gpxdata:cadence>79</gpxdata:cadence>
     <gpxdata:speed>3.533</gpxdata:speed>
    </extensions>
   </trkpt>
   <trkpt lat="47.2204268" lon="38.9221534">
    <ele>11</ele>
    <time>2026-07-26T05:22:38Z</time>
    <extensions>
     <gpxdata:hr>161</gpxdata:hr>
     <gpxdata:distance>4631.00</gpxdata:distance>
     <gpxdata:cadence>79</gpxdata:cadence>
     <gpxdata:speed>3.542</gpxdata:speed>
    </extensions>
   </trkpt>
   <trkpt lat="47.2203935" lon="38.9221405">
    <ele>11</ele>
    <time>2026-07-26T05:22:39Z</time>
    <extensions>
     <gpxdata:hr>161</gpxdata:hr>
     <gpxdata:distance>4635.50</gpxdata:distance>
     <gpxdata:cadence>79</gpxdata:cadence>
     <gpxdata:speed>3.547</gpxdata:speed>
    </extensions>
   </trkpt>
   <trkpt lat="47.2203593" lon="38.9221472">
    <ele>12</ele>
    <time>2026-07-26T05:22:40Z</time>
    <extensions>
     <gpxdata:hr>162</gpxdata:hr>
     <gpxdata:distance>4640.00</gpxdata:distance>
     <gpxdata:cadence>79</gpxdata:cadence>
     <gpxdata:speed>3.553</gpxdata:speed>
    </extensions>
   </trkpt>
   <trkpt lat="47.2203251" lon="38.9221539">
    <ele>12</ele>
    <time>2026-07-26T05:22:41Z</time>
    <extensions>
     <gpxdata:hr>162</gpxdata:hr>
     <gpxdata:distance>4644.00</gpxdata:distance>
     <gpxdata:cadence>79</gpxdata:cadence>
     <gpxdata:speed>3.564</gpxdata:speed>
    </extensions>
   </trkpt>
   <trkpt lat="47.2202954" lon="38.9221780">
    <ele>12</ele>
    <time>2026-07-26T05:22:42Z</time>
    <extensions>
     <gpxdata:hr>162</gpxdata:hr>
     <gpxdata:distance>4648.00</gpxdata:distance>
     <gpxdata:cadence>79</gpxdata:cadence>
     <gpxdata:speed>3.575</gpxdata:speed>
    </extensions>
   </trkpt>
   <trkpt lat="47.2202657" lon="38.9222022">
    <ele>12</ele>
    <time>2026-07-26T05:22:43Z</time>
    <extensions>
     <gpxdata:hr>162</gpxdata:hr>
     <gpxdata:distance>4651.50</gpxdata:distance>
     <gpxdata:cadence>79</gpxdata:cadence>
     <gpxdata:speed>3.586</gpxdata:speed>
    </extensions>
   </trkpt>
   <trkpt lat="47.2202382" lon="38.9222369">
    <ele>12</ele>
    <time>2026-07-26T05:22:44Z</time>
    <extensions>
     <gpxdata:hr>162</gpxdata:hr>
     <gpxdata:distance>4655.00</gpxdata:distance>
     <gpxdata:cadence>79</gpxdata:cadence>
     <gpxdata:speed>3.600</gpxdata:speed>
    </extensions>
   </trkpt>
   <trkpt lat="47.2202108" lon="38.9222717">
    <ele>12</ele>
    <time>2026-07-26T05:22:45Z</time>
    <extensions>
     <gpxdata:hr>161</gpxdata:hr>
     <gpxdata:distance>4659.50</gpxdata:distance>
     <gpxdata:cadence>79</gpxdata:cadence>
     <gpxdata:speed>3.608</gpxdata:speed>
    </extensions>
   </trkpt>
   <trkpt lat="47.2201862" lon="38.9223108">
    <ele>12</ele>
    <time>2026-07-26T05:22:46Z</time>
    <extensions>
     <gpxdata:hr>161</gpxdata:hr>
     <gpxdata:distance>4664.00</gpxdata:distance>
     <gpxdata:cadence>79</gpxdata:cadence>
     <gpxdata:speed>3.619</gpxdata:speed>
    </extensions>
   </trkpt>
   <trkpt lat="47.2201617" lon="38.9223500">
    <ele>12</ele>
    <time>2026-07-26T05:22:47Z</time>
    <extensions>
     <gpxdata:hr>162</gpxdata:hr>
     <gpxdata:distance>4667.50</gpxdata:distance>
     <gpxdata:cadence>79</gpxdata:cadence>
     <gpxdata:speed>3.631</gpxdata:speed>
    </extensions>
   </trkpt>
   <trkpt lat="47.2201387" lon="38.9223891">
    <ele>12</ele>
    <time>2026-07-26T05:22:48Z</time>
    <extensions>
     <gpxdata:hr>161</gpxdata:hr>
     <gpxdata:distance>4671.00</gpxdata:distance>
     <gpxdata:cadence>79</gpxdata:cadence>
     <gpxdata:speed>3.644</gpxdata:speed>
    </extensions>
   </trkpt>
   <trkpt lat="47.2201158" lon="38.9224282">
    <ele>12</ele>
    <time>2026-07-26T05:22:49Z</time>
    <extensions>
     <gpxdata:hr>162</gpxdata:hr>
     <gpxdata:distance>4675.00</gpxdata:distance>
     <gpxdata:cadence>79</gpxdata:cadence>
     <gpxdata:speed>3.653</gpxdata:speed>
    </extensions>
   </trkpt>
   <trkpt lat="47.2200927" lon="38.9224673">
    <ele>12</ele>
    <time>2026-07-26T05:22:50Z</time>
    <extensions>
     <gpxdata:hr>162</gpxdata:hr>
     <gpxdata:distance>4679.00</gpxdata:distance>
     <gpxdata:cadence>79</gpxdata:cadence>
     <gpxdata:speed>3.661</gpxdata:speed>
    </extensions>
   </trkpt>
   <trkpt lat="47.2200697" lon="38.9225064">
    <ele>12</ele>
    <time>2026-07-26T05:22:51Z</time>
    <extensions>
     <gpxdata:hr>162</gpxdata:hr>
     <gpxdata:distance>4683.50</gpxdata:distance>
     <gpxdata:cadence>79</gpxdata:cadence>
     <gpxdata:speed>3.667</gpxdata:speed>
    </extensions>
   </trkpt>
   <trkpt lat="47.2200458" lon="38.9225446">
    <ele>12</ele>
    <time>2026-07-26T05:22:52Z</time>
    <extensions>
     <gpxdata:hr>162</gpxdata:hr>
     <gpxdata:distance>4688.00</gpxdata:distance>
     <gpxdata:cadence>79</gpxdata:cadence>
     <gpxdata:speed>3.672</gpxdata:speed>
    </extensions>
   </trkpt>
   <trkpt lat="47.2200220" lon="38.9225829">
    <ele>12</ele>
    <time>2026-07-26T05:22:53Z</time>
    <extensions>
     <gpxdata:hr>162</gpxdata:hr>
     <gpxdata:distance>4691.00</gpxdata:distance>
     <gpxdata:cadence>79</gpxdata:cadence>
     <gpxdata:speed>3.675</gpxdata:speed>
    </extensions>
   </trkpt>
   <trkpt lat="47.2199980" lon="38.9226177">
    <ele>12</ele>
    <time>2026-07-26T05:22:54Z</time>
    <extensions>
     <gpxdata:hr>163</gpxdata:hr>
     <gpxdata:distance>4694.00</gpxdata:distance>
     <gpxdata:cadence>79</gpxdata:cadence>
     <gpxdata:speed>3.681</gpxdata:speed>
    </extensions>
   </trkpt>
   <trkpt lat="47.2199740" lon="38.9226526">
    <ele>12</ele>
    <time>2026-07-26T05:22:55Z</time>
    <extensions>
     <gpxdata:hr>163</gpxdata:hr>
     <gpxdata:distance>4698.00</gpxdata:distance>
     <gpxdata:cadence>79</gpxdata:cadence>
     <gpxdata:speed>3.686</gpxdata:speed>
    </extensions>
   </trkpt>
   <trkpt lat="47.2199505" lon="38.9226889">
    <ele>12</ele>
    <time>2026-07-26T05:22:56Z</time>
    <extensions>
     <gpxdata:hr>163</gpxdata:hr>
     <gpxdata:distance>4702.00</gpxdata:distance>
     <gpxdata:cadence>79</gpxdata:cadence>
     <gpxdata:speed>3.692</gpxdata:speed>
    </extensions>
   </trkpt>
   <trkpt lat="47.2199270" lon="38.9227252">
    <ele>12</ele>
    <time>2026-07-26T05:22:57Z</time>
    <extensions>
     <gpxdata:hr>163</gpxdata:hr>
     <gpxdata:distance>4706.00</gpxdata:distance>
     <gpxdata:cadence>79</gpxdata:cadence>
     <gpxdata:speed>3.700</gpxdata:speed>
    </extensions>
   </trkpt>
   <trkpt lat="47.2199043" lon="38.9227619">
    <ele>12</ele>
    <time>2026-07-26T05:22:58Z</time>
    <extensions>
     <gpxdata:hr>163</gpxdata:hr>
     <gpxdata:distance>4710.00</gpxdata:distance>
     <gpxdata:cadence>80</gpxdata:cadence>
     <gpxdata:speed>3.711</gpxdata:speed>
    </extensions>
   </trkpt>
   <trkpt lat="47.2198817" lon="38.9227986">
    <ele>12</ele>
    <time>2026-07-26T05:22:59Z</time>
    <extensions>
     <gpxdata:hr>164</gpxdata:hr>
     <gpxdata:distance>4713.50</gpxdata:distance>
     <gpxdata:cadence>80</gpxdata:cadence>
     <gpxdata:speed>3.717</gpxdata:speed>
    </extensions>
   </trkpt>
   <trkpt lat="47.2198600" lon="38.9228342">
    <ele>12</ele>
    <time>2026-07-26T05:23:00Z</time>
    <extensions>
     <gpxdata:hr>164</gpxdata:hr>
     <gpxdata:distance>4717.00</gpxdata:distance>
     <gpxdata:cadence>80</gpxdata:cadence>
     <gpxdata:speed>3.722</gpxdata:speed>
    </extensions>
   </trkpt>
   <trkpt lat="47.2198383" lon="38.9228699">
    <ele>12</ele>
    <time>2026-07-26T05:23:01Z</time>
    <extensions>
     <gpxdata:hr>164</gpxdata:hr>
     <gpxdata:distance>4720.50</gpxdata:distance>
     <gpxdata:cadence>80</gpxdata:cadence>
     <gpxdata:speed>3.728</gpxdata:speed>
    </extensions>
   </trkpt>
   <trkpt lat="47.2198163" lon="38.9229069">
    <ele>12</ele>
    <time>2026-07-26T05:23:02Z</time>
    <extensions>
     <gpxdata:hr>164</gpxdata:hr>
     <gpxdata:distance>4724.00</gpxdata:distance>
     <gpxdata:cadence>80</gpxdata:cadence>
     <gpxdata:speed>3.736</gpxdata:speed>
    </extensions>
   </trkpt>
   <trkpt lat="47.2197943" lon="38.9229439">
    <ele>12</ele>
    <time>2026-07-26T05:23:03Z</time>
    <extensions>
     <gpxdata:hr>165</gpxdata:hr>
     <gpxdata:distance>4728.00</gpxdata:distance>
     <gpxdata:cadence>80</gpxdata:cadence>
     <gpxdata:speed>3.739</gpxdata:speed>
    </extensions>
   </trkpt>
   <trkpt lat="47.2197703" lon="38.9229795">
    <ele>12</ele>
    <time>2026-07-26T05:23:04Z</time>
    <extensions>
     <gpxdata:hr>165</gpxdata:hr>
     <gpxdata:distance>4732.00</gpxdata:distance>
     <gpxdata:cadence>80</gpxdata:cadence>
     <gpxdata:speed>3.742</gpxdata:speed>
    </extensions>
   </trkpt>
   <trkpt lat="47.2197463" lon="38.9230151">
    <ele>12</ele>
    <time>2026-07-26T05:23:05Z</time>
    <extensions>
     <gpxdata:hr>165</gpxdata:hr>
     <gpxdata:distance>4735.50</gpxdata:distance>
     <gpxdata:cadence>80</gpxdata:cadence>
     <gpxdata:speed>3.742</gpxdata:speed>
    </extensions>
   </trkpt>
   <trkpt lat="47.2197214" lon="38.9230519">
    <ele>12</ele>
    <time>2026-07-26T05:23:06Z</time>
    <extensions>
     <gpxdata:hr>166</gpxdata:hr>
     <gpxdata:distance>4739.00</gpxdata:distance>
     <gpxdata:cadence>80</gpxdata:cadence>
     <gpxdata:speed>3.744</gpxdata:speed>
    </extensions>
   </trkpt>
   <trkpt lat="47.2196965" lon="38.9230888">
    <ele>12</ele>
    <time>2026-07-26T05:23:07Z</time>
    <extensions>
     <gpxdata:hr>166</gpxdata:hr>
     <gpxdata:distance>4743.50</gpxdata:distance>
     <gpxdata:cadence>79</gpxdata:cadence>
     <gpxdata:speed>3.747</gpxdata:speed>
    </extensions>
   </trkpt>
   <trkpt lat="47.2196730" lon="38.9231255">
    <ele>12</ele>
    <time>2026-07-26T05:23:08Z</time>
    <extensions>
     <gpxdata:hr>166</gpxdata:hr>
     <gpxdata:distance>4748.00</gpxdata:distance>
     <gpxdata:cadence>79</gpxdata:cadence>
     <gpxdata:speed>3.750</gpxdata:speed>
    </extensions>
   </trkpt>
   <trkpt lat="47.2196495" lon="38.9231622">
    <ele>12</ele>
    <time>2026-07-26T05:23:09Z</time>
    <extensions>
     <gpxdata:hr>166</gpxdata:hr>
     <gpxdata:distance>4751.50</gpxdata:distance>
     <gpxdata:cadence>79</gpxdata:cadence>
     <gpxdata:speed>3.753</gpxdata:speed>
    </extensions>
   </trkpt>
   <trkpt lat="47.2196274" lon="38.9232004">
    <ele>12</ele>
    <time>2026-07-26T05:23:10Z</time>
    <extensions>
     <gpxdata:hr>166</gpxdata:hr>
     <gpxdata:distance>4755.00</gpxdata:distance>
     <gpxdata:cadence>79</gpxdata:cadence>
     <gpxdata:speed>3.756</gpxdata:speed>
    </extensions>
   </trkpt>
   <trkpt lat="47.2196054" lon="38.9232386">
    <ele>12</ele>
    <time>2026-07-26T05:23:11Z</time>
    <extensions>
     <gpxdata:hr>166</gpxdata:hr>
     <gpxdata:distance>4758.50</gpxdata:distance>
     <gpxdata:cadence>79</gpxdata:cadence>
     <gpxdata:speed>3.758</gpxdata:speed>
    </extensions>
   </trkpt>
   <trkpt lat="47.2195851" lon="38.9232740">
    <ele>12</ele>
    <time>2026-07-26T05:23:12Z</time>
    <extensions>
     <gpxdata:hr>166</gpxdata:hr>
     <gpxdata:distance>4762.00</gpxdata:distance>
     <gpxdata:cadence>79</gpxdata:cadence>
     <gpxdata:speed>3.764</gpxdata:speed>
    </extensions>
   </trkpt>
   <trkpt lat="47.2195649" lon="38.9233095">
    <ele>12</ele>
    <time>2026-07-26T05:23:13Z</time>
    <extensions>
     <gpxdata:hr>166</gpxdata:hr>
     <gpxdata:distance>4765.50</gpxdata:distance>
     <gpxdata:cadence>79</gpxdata:cadence>
     <gpxdata:speed>3.767</gpxdata:speed>
    </extensions>
   </trkpt>
   <trkpt lat="47.2195433" lon="38.9233426">
    <ele>12</ele>
    <time>2026-07-26T05:23:14Z</time>
    <extensions>
     <gpxdata:hr>166</gpxdata:hr>
     <gpxdata:distance>4769.00</gpxdata:distance>
     <gpxdata:cadence>79</gpxdata:cadence>
     <gpxdata:speed>3.769</gpxdata:speed>
    </extensions>
   </trkpt>
   <trkpt lat="47.2195218" lon="38.9233757">
    <ele>13</ele>
    <time>2026-07-26T05:23:15Z</time>
    <extensions>
     <gpxdata:hr>166</gpxdata:hr>
     <gpxdata:distance>4772.50</gpxdata:distance>
     <gpxdata:cadence>78</gpxdata:cadence>
     <gpxdata:speed>3.769</gpxdata:speed>
    </extensions>
   </trkpt>
   <trkpt lat="47.2194990" lon="38.9234079">
    <ele>13</ele>
    <time>2026-07-26T05:23:16Z</time>
    <extensions>
     <gpxdata:hr>166</gpxdata:hr>
     <gpxdata:distance>4776.00</gpxdata:distance>
     <gpxdata:cadence>78</gpxdata:cadence>
     <gpxdata:speed>3.769</gpxdata:speed>
    </extensions>
   </trkpt>
   <trkpt lat="47.2194762" lon="38.9234402">
    <ele>13</ele>
    <time>2026-07-26T05:23:17Z</time>
    <extensions>
     <gpxdata:hr>166</gpxdata:hr>
     <gpxdata:distance>4779.50</gpxdata:distance>
     <gpxdata:cadence>78</gpxdata:cadence>
     <gpxdata:speed>3.767</gpxdata:speed>
    </extensions>
   </trkpt>
   <trkpt lat="47.2194535" lon="38.9234741">
    <ele>13</ele>
    <time>2026-07-26T05:23:18Z</time>
    <extensions>
     <gpxdata:hr>165</gpxdata:hr>
     <gpxdata:distance>4783.00</gpxdata:distance>
     <gpxdata:cadence>78</gpxdata:cadence>
     <gpxdata:speed>3.764</gpxdata:speed>
    </extensions>
   </trkpt>
   <trkpt lat="47.2194309" lon="38.9235080">
    <ele>13</ele>
    <time>2026-07-26T05:23:19Z</time>
    <extensions>
     <gpxdata:hr>165</gpxdata:hr>
     <gpxdata:distance>4786.50</gpxdata:distance>
     <gpxdata:cadence>78</gpxdata:cadence>
     <gpxdata:speed>3.758</gpxdata:speed>
    </extensions>
   </trkpt>
   <trkpt lat="47.2194095" lon="38.9235428">
    <ele>13</ele>
    <time>2026-07-26T05:23:20Z</time>
    <extensions>
     <gpxdata:hr>165</gpxdata:hr>
     <gpxdata:distance>4790.00</gpxdata:distance>
     <gpxdata:cadence>78</gpxdata:cadence>
     <gpxdata:speed>3.756</gpxdata:speed>
    </extensions>
   </trkpt>
   <trkpt lat="47.2193882" lon="38.9235777">
    <ele>13</ele>
    <time>2026-07-26T05:23:21Z</time>
    <extensions>
     <gpxdata:hr>165</gpxdata:hr>
     <gpxdata:distance>4793.50</gpxdata:distance>
     <gpxdata:cadence>78</gpxdata:cadence>
     <gpxdata:speed>3.753</gpxdata:speed>
    </extensions>
   </trkpt>
   <trkpt lat="47.2193662" lon="38.9236127">
    <ele>13</ele>
    <time>2026-07-26T05:23:22Z</time>
    <extensions>
     <gpxdata:hr>165</gpxdata:hr>
     <gpxdata:distance>4797.00</gpxdata:distance>
     <gpxdata:cadence>78</gpxdata:cadence>
     <gpxdata:speed>3.753</gpxdata:speed>
    </extensions>
   </trkpt>
   <trkpt lat="47.2193443" lon="38.9236477">
    <ele>13</ele>
    <time>2026-07-26T05:23:23Z</time>
    <extensions>
     <gpxdata:hr>165</gpxdata:hr>
     <gpxdata:distance>4801.00</gpxdata:distance>
     <gpxdata:cadence>78</gpxdata:cadence>
     <gpxdata:speed>3.750</gpxdata:speed>
    </extensions>
   </trkpt>
   <trkpt lat="47.2193223" lon="38.9236831">
    <ele>13</ele>
    <time>2026-07-26T05:23:24Z</time>
    <extensions>
     <gpxdata:hr>166</gpxdata:hr>
     <gpxdata:distance>4805.00</gpxdata:distance>
     <gpxdata:cadence>79</gpxdata:cadence>
     <gpxdata:speed>3.750</gpxdata:speed>
    </extensions>
   </trkpt>
   <trkpt lat="47.2193004" lon="38.9237185">
    <ele>13</ele>
    <time>2026-07-26T05:23:25Z</time>
    <extensions>
     <gpxdata:hr>166</gpxdata:hr>
     <gpxdata:distance>4808.50</gpxdata:distance>
     <gpxdata:cadence>79</gpxdata:cadence>
     <gpxdata:speed>3.747</gpxdata:speed>
    </extensions>
   </trkpt>
   <trkpt lat="47.2192797" lon="38.9237539">
    <ele>13</ele>
    <time>2026-07-26T05:23:26Z</time>
    <extensions>
     <gpxdata:hr>166</gpxdata:hr>
     <gpxdata:distance>4812.00</gpxdata:distance>
     <gpxdata:cadence>79</gpxdata:cadence>
     <gpxdata:speed>3.747</gpxdata:speed>
    </extensions>
   </trkpt>
   <trkpt lat="47.2192591" lon="38.9237893">
    <ele>13</ele>
    <time>2026-07-26T05:23:27Z</time>
    <extensions>
     <gpxdata:hr>166</gpxdata:hr>
     <gpxdata:distance>4815.00</gpxdata:distance>
     <gpxdata:cadence>79</gpxdata:cadence>
     <gpxdata:speed>3.744</gpxdata:speed>
    </extensions>
   </trkpt>
   <trkpt lat="47.2192393" lon="38.9238259">
    <ele>13</ele>
    <time>2026-07-26T05:23:28Z</time>
    <extensions>
     <gpxdata:hr>165</gpxdata:hr>
     <gpxdata:distance>4818.00</gpxdata:distance>
     <gpxdata:cadence>79</gpxdata:cadence>
     <gpxdata:speed>3.742</gpxdata:speed>
    </extensions>
   </trkpt>
   <trkpt lat="47.2192196" lon="38.9238626">
    <ele>13</ele>
    <time>2026-07-26T05:23:29Z</time>
    <extensions>
     <gpxdata:hr>165</gpxdata:hr>
     <gpxdata:distance>4822.00</gpxdata:distance>
     <gpxdata:cadence>78</gpxdata:cadence>
     <gpxdata:speed>3.736</gpxdata:speed>
    </extensions>
   </trkpt>
   <trkpt lat="47.2192047" lon="38.9239028">
    <ele>13</ele>
    <time>2026-07-26T05:23:30Z</time>
    <extensions>
     <gpxdata:hr>165</gpxdata:hr>
     <gpxdata:distance>4826.00</gpxdata:distance>
     <gpxdata:cadence>78</gpxdata:cadence>
     <gpxdata:speed>3.733</gpxdata:speed>
    </extensions>
   </trkpt>
   <trkpt lat="47.2191898" lon="38.9239431">
    <ele>13</ele>
    <time>2026-07-26T05:23:31Z</time>
    <extensions>
     <gpxdata:hr>165</gpxdata:hr>
     <gpxdata:distance>4829.00</gpxdata:distance>
     <gpxdata:cadence>78</gpxdata:cadence>
     <gpxdata:speed>3.728</gpxdata:speed>
    </extensions>
   </trkpt>
   <trkpt lat="47.2191930" lon="38.9239819">
    <ele>13</ele>
    <time>2026-07-26T05:23:32Z</time>
    <extensions>
     <gpxdata:hr>164</gpxdata:hr>
     <gpxdata:distance>4832.00</gpxdata:distance>
     <gpxdata:cadence>78</gpxdata:cadence>
     <gpxdata:speed>3.722</gpxdata:speed>
    </extensions>
   </trkpt>
   <trkpt lat="47.2191963" lon="38.9240208">
    <ele>13</ele>
    <time>2026-07-26T05:23:33Z</time>
    <extensions>
     <gpxdata:hr>164</gpxdata:hr>
     <gpxdata:distance>4835.50</gpxdata:distance>
     <gpxdata:cadence>77</gpxdata:cadence>
     <gpxdata:speed>3.711</gpxdata:speed>
    </extensions>
   </trkpt>
   <trkpt lat="47.2192189" lon="38.9240469">
    <ele>13</ele>
    <time>2026-07-26T05:23:34Z</time>
    <extensions>
     <gpxdata:hr>164</gpxdata:hr>
     <gpxdata:distance>4839.00</gpxdata:distance>
     <gpxdata:cadence>77</gpxdata:cadence>
     <gpxdata:speed>3.703</gpxdata:speed>
    </extensions>
   </trkpt>
   <trkpt lat="47.2192415" lon="38.9240731">
    <ele>13</ele>
    <time>2026-07-26T05:23:35Z</time>
    <extensions>
     <gpxdata:hr>164</gpxdata:hr>
     <gpxdata:distance>4843.00</gpxdata:distance>
     <gpxdata:cadence>77</gpxdata:cadence>
     <gpxdata:speed>3.697</gpxdata:speed>
    </extensions>
   </trkpt>
   <trkpt lat="47.2192737" lon="38.9240823">
    <ele>13</ele>
    <time>2026-07-26T05:23:36Z</time>
    <extensions>
     <gpxdata:hr>163</gpxdata:hr>
     <gpxdata:distance>4847.00</gpxdata:distance>
     <gpxdata:cadence>77</gpxdata:cadence>
     <gpxdata:speed>3.692</gpxdata:speed>
    </extensions>
   </trkpt>
   <trkpt lat="47.2193059" lon="38.9240916">
    <ele>13</ele>
    <time>2026-07-26T05:23:37Z</time>
    <extensions>
     <gpxdata:hr>163</gpxdata:hr>
     <gpxdata:distance>4850.50</gpxdata:distance>
     <gpxdata:cadence>77</gpxdata:cadence>
     <gpxdata:speed>3.689</gpxdata:speed>
    </extensions>
   </trkpt>
   <trkpt lat="47.2193416" lon="38.9240839">
    <ele>13</ele>
    <time>2026-07-26T05:23:38Z</time>
    <extensions>
     <gpxdata:hr>163</gpxdata:hr>
     <gpxdata:distance>4854.00</gpxdata:distance>
     <gpxdata:cadence>77</gpxdata:cadence>
     <gpxdata:speed>3.686</gpxdata:speed>
    </extensions>
   </trkpt>
   <trkpt lat="47.2193773" lon="38.9240762">
    <ele>13</ele>
    <time>2026-07-26T05:23:39Z</time>
    <extensions>
     <gpxdata:hr>163</gpxdata:hr>
     <gpxdata:distance>4858.50</gpxdata:distance>
     <gpxdata:cadence>77</gpxdata:cadence>
     <gpxdata:speed>3.686</gpxdata:speed>
    </extensions>
   </trkpt>
   <trkpt lat="47.2194171" lon="38.9240535">
    <ele>13</ele>
    <time>2026-07-26T05:23:40Z</time>
    <extensions>
     <gpxdata:hr>164</gpxdata:hr>
     <gpxdata:distance>4863.00</gpxdata:distance>
     <gpxdata:cadence>77</gpxdata:cadence>
     <gpxdata:speed>3.686</gpxdata:speed>
    </extensions>
   </trkpt>
   <trkpt lat="47.2194570" lon="38.9240309">
    <ele>13</ele>
    <time>2026-07-26T05:23:41Z</time>
    <extensions>
     <gpxdata:hr>164</gpxdata:hr>
     <gpxdata:distance>4868.00</gpxdata:distance>
     <gpxdata:cadence>77</gpxdata:cadence>
     <gpxdata:speed>3.689</gpxdata:speed>
    </extensions>
   </trkpt>
   <trkpt lat="47.2194955" lon="38.9240016">
    <ele>13</ele>
    <time>2026-07-26T05:23:42Z</time>
    <extensions>
     <gpxdata:hr>163</gpxdata:hr>
     <gpxdata:distance>4873.00</gpxdata:distance>
     <gpxdata:cadence>78</gpxdata:cadence>
     <gpxdata:speed>3.692</gpxdata:speed>
    </extensions>
   </trkpt>
   <trkpt lat="47.2195340" lon="38.9239723">
    <ele>13</ele>
    <time>2026-07-26T05:23:43Z</time>
    <extensions>
     <gpxdata:hr>163</gpxdata:hr>
     <gpxdata:distance>4877.50</gpxdata:distance>
     <gpxdata:cadence>78</gpxdata:cadence>
     <gpxdata:speed>3.703</gpxdata:speed>
    </extensions>
   </trkpt>
   <trkpt lat="47.2195706" lon="38.9239439">
    <ele>13</ele>
    <time>2026-07-26T05:23:44Z</time>
    <extensions>
     <gpxdata:hr>162</gpxdata:hr>
     <gpxdata:distance>4882.00</gpxdata:distance>
     <gpxdata:cadence>78</gpxdata:cadence>
     <gpxdata:speed>3.714</gpxdata:speed>
    </extensions>
   </trkpt>
   <trkpt lat="47.2196072" lon="38.9239155">
    <ele>13</ele>
    <time>2026-07-26T05:23:45Z</time>
    <extensions>
     <gpxdata:hr>162</gpxdata:hr>
     <gpxdata:distance>4886.00</gpxdata:distance>
     <gpxdata:cadence>78</gpxdata:cadence>
     <gpxdata:speed>3.742</gpxdata:speed>
    </extensions>
   </trkpt>
   <trkpt lat="47.2196410" lon="38.9238941">
    <ele>13</ele>
    <time>2026-07-26T05:23:46Z</time>
    <extensions>
     <gpxdata:hr>161</gpxdata:hr>
     <gpxdata:distance>4890.00</gpxdata:distance>
     <gpxdata:cadence>78</gpxdata:cadence>
     <gpxdata:speed>3.769</gpxdata:speed>
    </extensions>
   </trkpt>
   <trkpt lat="47.2196749" lon="38.9238728">
    <ele>13</ele>
    <time>2026-07-26T05:23:47Z</time>
    <extensions>
     <gpxdata:hr>162</gpxdata:hr>
     <gpxdata:distance>4893.50</gpxdata:distance>
     <gpxdata:cadence>78</gpxdata:cadence>
     <gpxdata:speed>3.794</gpxdata:speed>
    </extensions>
   </trkpt>
   <trkpt lat="47.2197061" lon="38.9238555">
    <ele>13</ele>
    <time>2026-07-26T05:23:48Z</time>
    <extensions>
     <gpxdata:hr>163</gpxdata:hr>
     <gpxdata:distance>4897.00</gpxdata:distance>
     <gpxdata:cadence>78</gpxdata:cadence>
     <gpxdata:speed>3.822</gpxdata:speed>
    </extensions>
   </trkpt>
   <trkpt lat="47.2197373" lon="38.9238382">
    <ele>13</ele>
    <time>2026-07-26T05:23:49Z</time>
    <extensions>
     <gpxdata:hr>163</gpxdata:hr>
     <gpxdata:distance>4900.50</gpxdata:distance>
     <gpxdata:cadence>78</gpxdata:cadence>
     <gpxdata:speed>3.833</gpxdata:speed>
    </extensions>
   </trkpt>
   <trkpt lat="47.2197670" lon="38.9238202">
    <ele>13</ele>
    <time>2026-07-26T05:23:50Z</time>
    <extensions>
     <gpxdata:hr>164</gpxdata:hr>
     <gpxdata:distance>4904.00</gpxdata:distance>
     <gpxdata:cadence>78</gpxdata:cadence>
     <gpxdata:speed>3.847</gpxdata:speed>
    </extensions>
   </trkpt>
   <trkpt lat="47.2197967" lon="38.9238023">
    <ele>13</ele>
    <time>2026-07-26T05:23:51Z</time>
    <extensions>
     <gpxdata:hr>165</gpxdata:hr>
     <gpxdata:distance>4908.00</gpxdata:distance>
     <gpxdata:cadence>78</gpxdata:cadence>
     <gpxdata:speed>3.847</gpxdata:speed>
    </extensions>
   </trkpt>
   <trkpt lat="47.2198296" lon="38.9237812">
    <ele>13</ele>
    <time>2026-07-26T05:23:52Z</time>
    <extensions>
     <gpxdata:hr>166</gpxdata:hr>
     <gpxdata:distance>4912.00</gpxdata:distance>
     <gpxdata:cadence>78</gpxdata:cadence>
     <gpxdata:speed>3.847</gpxdata:speed>
    </extensions>
   </trkpt>
   <trkpt lat="47.2198625" lon="38.9237602">
    <ele>13</ele>
    <time>2026-07-26T05:23:53Z</time>
    <extensions>
     <gpxdata:hr>166</gpxdata:hr>
     <gpxdata:distance>4916.50</gpxdata:distance>
     <gpxdata:cadence>78</gpxdata:cadence>
     <gpxdata:speed>3.844</gpxdata:speed>
    </extensions>
   </trkpt>
   <trkpt lat="47.2198947" lon="38.9237315">
    <ele>13</ele>
    <time>2026-07-26T05:23:54Z</time>
    <extensions>
     <gpxdata:hr>167</gpxdata:hr>
     <gpxdata:distance>4921.00</gpxdata:distance>
     <gpxdata:cadence>78</gpxdata:cadence>
     <gpxdata:speed>3.844</gpxdata:speed>
    </extensions>
   </trkpt>
   <trkpt lat="47.2199269" lon="38.9237029">
    <ele>13</ele>
    <time>2026-07-26T05:23:55Z</time>
    <extensions>
     <gpxdata:hr>167</gpxdata:hr>
     <gpxdata:distance>4925.00</gpxdata:distance>
     <gpxdata:cadence>78</gpxdata:cadence>
     <gpxdata:speed>3.847</gpxdata:speed>
    </extensions>
   </trkpt>
   <trkpt lat="47.2199549" lon="38.9236678">
    <ele>12</ele>
    <time>2026-07-26T05:23:56Z</time>
    <extensions>
     <gpxdata:hr>167</gpxdata:hr>
     <gpxdata:distance>4929.00</gpxdata:distance>
     <gpxdata:cadence>79</gpxdata:cadence>
     <gpxdata:speed>3.850</gpxdata:speed>
    </extensions>
   </trkpt>
   <trkpt lat="47.2199829" lon="38.9236327">
    <ele>12</ele>
    <time>2026-07-26T05:23:57Z</time>
    <extensions>
     <gpxdata:hr>167</gpxdata:hr>
     <gpxdata:distance>4933.00</gpxdata:distance>
     <gpxdata:cadence>78</gpxdata:cadence>
     <gpxdata:speed>3.853</gpxdata:speed>
    </extensions>
   </trkpt>
   <trkpt lat="47.2200068" lon="38.9235918">
    <ele>12</ele>
    <time>2026-07-26T05:23:58Z</time>
    <extensions>
     <gpxdata:hr>167</gpxdata:hr>
     <gpxdata:distance>4937.00</gpxdata:distance>
     <gpxdata:cadence>78</gpxdata:cadence>
     <gpxdata:speed>3.856</gpxdata:speed>
    </extensions>
   </trkpt>
   <trkpt lat="47.2200308" lon="38.9235509">
    <ele>12</ele>
    <time>2026-07-26T05:23:59Z</time>
    <extensions>
     <gpxdata:hr>168</gpxdata:hr>
     <gpxdata:distance>4941.00</gpxdata:distance>
     <gpxdata:cadence>78</gpxdata:cadence>
     <gpxdata:speed>3.858</gpxdata:speed>
    </extensions>
   </trkpt>
   <trkpt lat="47.2200531" lon="38.9235089">
    <ele>12</ele>
    <time>2026-07-26T05:24:00Z</time>
    <extensions>
     <gpxdata:hr>168</gpxdata:hr>
     <gpxdata:distance>4945.00</gpxdata:distance>
     <gpxdata:cadence>78</gpxdata:cadence>
     <gpxdata:speed>3.864</gpxdata:speed>
    </extensions>
   </trkpt>
   <trkpt lat="47.2200754" lon="38.9234670">
    <ele>12</ele>
    <time>2026-07-26T05:24:01Z</time>
    <extensions>
     <gpxdata:hr>168</gpxdata:hr>
     <gpxdata:distance>4949.00</gpxdata:distance>
     <gpxdata:cadence>78</gpxdata:cadence>
     <gpxdata:speed>3.867</gpxdata:speed>
    </extensions>
   </trkpt>
   <trkpt lat="47.2200948" lon="38.9234244">
    <ele>12</ele>
    <time>2026-07-26T05:24:02Z</time>
    <extensions>
     <gpxdata:hr>168</gpxdata:hr>
     <gpxdata:distance>4953.00</gpxdata:distance>
     <gpxdata:cadence>78</gpxdata:cadence>
     <gpxdata:speed>3.872</gpxdata:speed>
    </extensions>
   </trkpt>
   <trkpt lat="47.2201142" lon="38.9233818">
    <ele>12</ele>
    <time>2026-07-26T05:24:03Z</time>
    <extensions>
     <gpxdata:hr>168</gpxdata:hr>
     <gpxdata:distance>4956.50</gpxdata:distance>
     <gpxdata:cadence>78</gpxdata:cadence>
     <gpxdata:speed>3.875</gpxdata:speed>
    </extensions>
   </trkpt>
   <trkpt lat="47.2201329" lon="38.9233367">
    <ele>12</ele>
    <time>2026-07-26T05:24:04Z</time>
    <extensions>
     <gpxdata:hr>168</gpxdata:hr>
     <gpxdata:distance>4960.00</gpxdata:distance>
     <gpxdata:cadence>78</gpxdata:cadence>
     <gpxdata:speed>3.881</gpxdata:speed>
    </extensions>
   </trkpt>
   <trkpt lat="47.2201517" lon="38.9232916">
    <ele>12</ele>
    <time>2026-07-26T05:24:05Z</time>
    <extensions>
     <gpxdata:hr>168</gpxdata:hr>
     <gpxdata:distance>4964.50</gpxdata:distance>
     <gpxdata:cadence>78</gpxdata:cadence>
     <gpxdata:speed>3.881</gpxdata:speed>
    </extensions>
   </trkpt>
   <trkpt lat="47.2201691" lon="38.9232450">
    <ele>12</ele>
    <time>2026-07-26T05:24:06Z</time>
    <extensions>
     <gpxdata:hr>168</gpxdata:hr>
     <gpxdata:distance>4969.00</gpxdata:distance>
     <gpxdata:cadence>79</gpxdata:cadence>
     <gpxdata:speed>3.883</gpxdata:speed>
    </extensions>
   </trkpt>
   <trkpt lat="47.2201866" lon="38.9231985">
    <ele>12</ele>
    <time>2026-07-26T05:24:07Z</time>
    <extensions>
     <gpxdata:hr>168</gpxdata:hr>
     <gpxdata:distance>4973.00</gpxdata:distance>
     <gpxdata:cadence>79</gpxdata:cadence>
     <gpxdata:speed>3.883</gpxdata:speed>
    </extensions>
   </trkpt>
   <trkpt lat="47.2202019" lon="38.9231557">
    <ele>12</ele>
    <time>2026-07-26T05:24:08Z</time>
    <extensions>
     <gpxdata:hr>169</gpxdata:hr>
     <gpxdata:distance>4977.00</gpxdata:distance>
     <gpxdata:cadence>79</gpxdata:cadence>
     <gpxdata:speed>3.886</gpxdata:speed>
    </extensions>
   </trkpt>
   <trkpt lat="47.2202173" lon="38.9231130">
    <ele>12</ele>
    <time>2026-07-26T05:24:09Z</time>
    <extensions>
     <gpxdata:hr>168</gpxdata:hr>
     <gpxdata:distance>4980.00</gpxdata:distance>
     <gpxdata:cadence>79</gpxdata:cadence>
     <gpxdata:speed>3.886</gpxdata:speed>
    </extensions>
   </trkpt>
   <trkpt lat="47.2202333" lon="38.9230726">
    <ele>12</ele>
    <time>2026-07-26T05:24:10Z</time>
    <extensions>
     <gpxdata:hr>168</gpxdata:hr>
     <gpxdata:distance>4983.00</gpxdata:distance>
     <gpxdata:cadence>79</gpxdata:cadence>
     <gpxdata:speed>3.889</gpxdata:speed>
    </extensions>
   </trkpt>
   <trkpt lat="47.2202493" lon="38.9230322">
    <ele>12</ele>
    <time>2026-07-26T05:24:11Z</time>
    <extensions>
     <gpxdata:hr>168</gpxdata:hr>
     <gpxdata:distance>4987.00</gpxdata:distance>
     <gpxdata:cadence>79</gpxdata:cadence>
     <gpxdata:speed>3.889</gpxdata:speed>
    </extensions>
   </trkpt>
   <trkpt lat="47.2202702" lon="38.9229954">
    <ele>12</ele>
    <time>2026-07-26T05:24:12Z</time>
    <extensions>
     <gpxdata:hr>168</gpxdata:hr>
     <gpxdata:distance>4991.00</gpxdata:distance>
     <gpxdata:cadence>79</gpxdata:cadence>
     <gpxdata:speed>3.889</gpxdata:speed>
    </extensions>
   </trkpt>
   <trkpt lat="47.2202912" lon="38.9229586">
    <ele>12</ele>
    <time>2026-07-26T05:24:13Z</time>
    <extensions>
     <gpxdata:hr>167</gpxdata:hr>
     <gpxdata:distance>4994.50</gpxdata:distance>
     <gpxdata:cadence>78</gpxdata:cadence>
     <gpxdata:speed>3.883</gpxdata:speed>
    </extensions>
   </trkpt>
   <trkpt lat="47.2203173" lon="38.9229289">
    <ele>12</ele>
    <time>2026-07-26T05:24:14Z</time>
    <extensions>
     <gpxdata:hr>167</gpxdata:hr>
     <gpxdata:distance>4998.00</gpxdata:distance>
     <gpxdata:cadence>78</gpxdata:cadence>
     <gpxdata:speed>3.881</gpxdata:speed>
    </extensions>
   </trkpt>
   <trkpt lat="47.2203435" lon="38.9228992">
    <ele>12</ele>
    <time>2026-07-26T05:24:15Z</time>
    <extensions>
     <gpxdata:hr>166</gpxdata:hr>
     <gpxdata:distance>5002.00</gpxdata:distance>
     <gpxdata:cadence>78</gpxdata:cadence>
     <gpxdata:speed>3.878</gpxdata:speed>
    </extensions>
   </trkpt>
   <trkpt lat="47.2203741" lon="38.9228764">
    <ele>12</ele>
    <time>2026-07-26T05:24:16Z</time>
    <extensions>
     <gpxdata:hr>166</gpxdata:hr>
     <gpxdata:distance>5006.00</gpxdata:distance>
     <gpxdata:cadence>79</gpxdata:cadence>
     <gpxdata:speed>3.875</gpxdata:speed>
    </extensions>
   </trkpt>
   <trkpt lat="47.2204047" lon="38.9228537">
    <ele>12</ele>
    <time>2026-07-26T05:24:17Z</time>
    <extensions>
     <gpxdata:hr>165</gpxdata:hr>
     <gpxdata:distance>5009.50</gpxdata:distance>
     <gpxdata:cadence>78</gpxdata:cadence>
     <gpxdata:speed>3.872</gpxdata:speed>
    </extensions>
   </trkpt>
   <trkpt lat="47.2204384" lon="38.9228295">
    <ele>12</ele>
    <time>2026-07-26T05:24:18Z</time>
    <extensions>
     <gpxdata:hr>165</gpxdata:hr>
     <gpxdata:distance>5013.00</gpxdata:distance>
     <gpxdata:cadence>78</gpxdata:cadence>
     <gpxdata:speed>3.872</gpxdata:speed>
    </extensions>
   </trkpt>
   <trkpt lat="47.2204721" lon="38.9228054">
    <ele>12</ele>
    <time>2026-07-26T05:24:19Z</time>
    <extensions>
     <gpxdata:hr>164</gpxdata:hr>
     <gpxdata:distance>5018.00</gpxdata:distance>
     <gpxdata:cadence>78</gpxdata:cadence>
     <gpxdata:speed>3.875</gpxdata:speed>
    </extensions>
   </trkpt>
   <trkpt lat="47.2205041" lon="38.9227683">
    <ele>12</ele>
    <time>2026-07-26T05:24:20Z</time>
    <extensions>
     <gpxdata:hr>164</gpxdata:hr>
     <gpxdata:distance>5023.00</gpxdata:distance>
     <gpxdata:cadence>78</gpxdata:cadence>
     <gpxdata:speed>3.878</gpxdata:speed>
    </extensions>
   </trkpt>
   <trkpt lat="47.2205361" lon="38.9227312">
    <ele>12</ele>
    <time>2026-07-26T05:24:21Z</time>
    <extensions>
     <gpxdata:hr>165</gpxdata:hr>
     <gpxdata:distance>5028.00</gpxdata:distance>
     <gpxdata:cadence>79</gpxdata:cadence>
     <gpxdata:speed>3.892</gpxdata:speed>
    </extensions>
   </trkpt>
  </trkseg>
 </trk>
</gpx>
