<?xml version="1.0" encoding="UTF-8"?>
<gpx xmlns="http://www.topografix.com/GPX/1/1" xmlns:gpxdata="http://www.cluetrust.com/XML/GPXDATA/1/0" xmlns:xsi="http://www.w3.org/2001/XMLSchema-instance" xsi:schemaLocation="http://www.topografix.com/GPX/1/1 https://www.topografix.com/GPX/1/1/gpx.xsd http://www.cluetrust.com/XML/GPXDATA/1/0 https://www.cluetrust.com/Schemas/gpxdata10.xsd" creator="COROS Wearables" version="1.1">
 <metadata>
  <link href="https://www.coros.com">
   <text>COROS</text>
  </link>
  <time>2026-08-30T05:03:56Z</time>
 </metadata>
 <trk>
  <name>Taganrog Run</name>
  <type>running</type>
  <trkseg>
   <trkpt lat="47.2205561" lon="38.9221123">
    <ele>17</ele>
    <time>2026-08-30T05:03:59Z</time>
    <extensions>
     <gpxdata:distance>0.00</gpxdata:distance>
     <gpxdata:cadence>42</gpxdata:cadence>
    </extensions>
   </trkpt>
   <trkpt lat="47.2205200" lon="38.9221112">
    <ele>17</ele>
    <time>2026-08-30T05:04:00Z</time>
    <extensions>
     <gpxdata:distance>0.00</gpxdata:distance>
     <gpxdata:cadence>42</gpxdata:cadence>
    </extensions>
   </trkpt>
   <trkpt lat="47.2204840" lon="38.9221101">
    <ele>17</ele>
    <time>2026-08-30T05:04:01Z</time>
    <extensions>
     <gpxdata:distance>0.00</gpxdata:distance>
     <gpxdata:cadence>42</gpxdata:cadence>
    </extensions>
   </trkpt>
   <trkpt lat="47.2204516" lon="38.9221002">
    <ele>17</ele>
    <time>2026-08-30T05:04:02Z</time>
    <extensions>
     <gpxdata:distance>5.00</gpxdata:distance>
     <gpxdata:cadence>42</gpxdata:cadence>
     <gpxdata:speed>0.600</gpxdata:speed>
    </extensions>
   </trkpt>
   <trkpt lat="47.2204192" lon="38.9220903">
    <ele>17</ele>
    <time>2026-08-30T05:04:03Z</time>
    <extensions>
     <gpxdata:distance>10.00</gpxdata:distance>
     <gpxdata:cadence>42</gpxdata:cadence>
     <gpxdata:speed>1.200</gpxdata:speed>
    </extensions>
   </trkpt>
   <trkpt lat="47.2203895" lon="38.9220921">
    <ele>17</ele>
    <time>2026-08-30T05:04:04Z</time>
    <extensions>
     <gpxdata:distance>16.00</gpxdata:distance>
     <gpxdata:cadence>63</gpxdata:cadence>
     <gpxdata:speed>2.878</gpxdata:speed>
    </extensions>
   </trkpt>
   <trkpt lat="47.2203598" lon="38.9220939">
    <ele>17</ele>
    <time>2026-08-30T05:04:05Z</time>
    <extensions>
     <gpxdata:distance>22.00</gpxdata:distance>
     <gpxdata:cadence>84</gpxdata:cadence>
     <gpxdata:speed>4.558</gpxdata:speed>
    </extensions>
   </trkpt>
   <trkpt lat="47.2203277" lon="38.9221225">
    <ele>17</ele>
    <time>2026-08-30T05:04:06Z</time>
    <extensions>
     <gpxdata:distance>25.50</gpxdata:distance>
     <gpxdata:cadence>85</gpxdata:cadence>
     <gpxdata:speed>4.489</gpxdata:speed>
    </extensions>
   </trkpt>
   <trkpt lat="47.2202957" lon="38.9221511">
    <ele>17</ele>
    <time>2026-08-30T05:04:07Z</time>
    <extensions>
     <gpxdata:hr>96</gpxdata:hr>
     <gpxdata:distance>29.00</gpxdata:distance>
     <gpxdata:cadence>85</gpxdata:cadence>
     <gpxdata:speed>4.419</gpxdata:speed>
    </extensions>
   </trkpt>
   <trkpt lat="47.2202646" lon="38.9221974">
    <ele>17</ele>
    <time>2026-08-30T05:04:08Z</time>
    <extensions>
     <gpxdata:hr>98</gpxdata:hr>
     <gpxdata:distance>34.00</gpxdata:distance>
     <gpxdata:cadence>85</gpxdata:cadence>
     <gpxdata:speed>4.511</gpxdata:speed>
    </extensions>
   </trkpt>
   <trkpt lat="47.2202336" lon="38.9222438">
    <ele>17</ele>
    <time>2026-08-30T05:04:09Z</time>
    <extensions>
     <gpxdata:hr>99</gpxdata:hr>
     <gpxdata:distance>39.00</gpxdata:distance>
     <gpxdata:cadence>85</gpxdata:cadence>
     <gpxdata:speed>4.603</gpxdata:speed>
    </extensions>
   </trkpt>
   <trkpt lat="47.2202054" lon="38.9222955">
    <ele>17</ele>
    <time>2026-08-30T05:04:10Z</time>
    <extensions>
     <gpxdata:hr>100</gpxdata:hr>
     <gpxdata:distance>44.00</gpxdata:distance>
     <gpxdata:cadence>85</gpxdata:cadence>
     <gpxdata:speed>4.653</gpxdata:speed>
    </extensions>
   </trkpt>
   <trkpt lat="47.2201773" lon="38.9223473">
    <ele>17</ele>
    <time>2026-08-30T05:04:11Z</time>
    <extensions>
     <gpxdata:hr>102</gpxdata:hr>
     <gpxdata:distance>49.00</gpxdata:distance>
     <gpxdata:cadence>85</gpxdata:cadence>
     <gpxdata:speed>4.706</gpxdata:speed>
    </extensions>
   </trkpt>
   <trkpt lat="47.2201500" lon="38.9223971">
    <ele>17</ele>
    <time>2026-08-30T05:04:12Z</time>
    <extensions>
     <gpxdata:hr>102</gpxdata:hr>
     <gpxdata:distance>53.50</gpxdata:distance>
     <gpxdata:cadence>85</gpxdata:cadence>
     <gpxdata:speed>4.711</gpxdata:speed>
    </extensions>
   </trkpt>
   <trkpt lat="47.2201227" lon="38.9224470">
    <ele>17</ele>
    <time>2026-08-30T05:04:13Z</time>
    <extensions>
     <gpxdata:hr>104</gpxdata:hr>
     <gpxdata:distance>58.00</gpxdata:distance>
     <gpxdata:cadence>85</gpxdata:cadence>
     <gpxdata:speed>4.719</gpxdata:speed>
    </extensions>
   </trkpt>
   <trkpt lat="47.2200935" lon="38.9224940">
    <ele>17</ele>
    <time>2026-08-30T05:04:14Z</time>
    <extensions>
     <gpxdata:hr>105</gpxdata:hr>
     <gpxdata:distance>61.50</gpxdata:distance>
     <gpxdata:cadence>85</gpxdata:cadence>
     <gpxdata:speed>4.700</gpxdata:speed>
    </extensions>
   </trkpt>
   <trkpt lat="47.2200644" lon="38.9225411">
    <ele>17</ele>
    <time>2026-08-30T05:04:15Z</time>
    <extensions>
     <gpxdata:hr>109</gpxdata:hr>
     <gpxdata:distance>65.00</gpxdata:distance>
     <gpxdata:cadence>85</gpxdata:cadence>
     <gpxdata:speed>4.683</gpxdata:speed>
    </extensions>
   </trkpt>
   <trkpt lat="47.2200349" lon="38.9225833">
    <ele>17</ele>
    <time>2026-08-30T05:04:16Z</time>
    <extensions>
     <gpxdata:hr>112</gpxdata:hr>
     <gpxdata:distance>71.50</gpxdata:distance>
     <gpxdata:cadence>85</gpxdata:cadence>
     <gpxdata:speed>4.692</gpxdata:speed>
    </extensions>
   </trkpt>
   <trkpt lat="47.2200054" lon="38.9226256">
    <ele>17</ele>
    <time>2026-08-30T05:04:17Z</time>
    <extensions>
     <gpxdata:hr>115</gpxdata:hr>
     <gpxdata:distance>78.00</gpxdata:distance>
     <gpxdata:cadence>85</gpxdata:cadence>
     <gpxdata:speed>4.700</gpxdata:speed>
    </extensions>
   </trkpt>
   <trkpt lat="47.2199767" lon="38.9226646">
    <ele>17</ele>
    <time>2026-08-30T05:04:18Z</time>
    <extensions>
     <gpxdata:hr>119</gpxdata:hr>
     <gpxdata:distance>81.00</gpxdata:distance>
     <gpxdata:cadence>85</gpxdata:cadence>
     <gpxdata:speed>4.681</gpxdata:speed>
    </extensions>
   </trkpt>
   <trkpt lat="47.2199481" lon="38.9227036">
    <ele>17</ele>
    <time>2026-08-30T05:04:19Z</time>
    <extensions>
     <gpxdata:hr>122</gpxdata:hr>
     <gpxdata:distance>84.00</gpxdata:distance>
     <gpxdata:cadence>85</gpxdata:cadence>
     <gpxdata:speed>4.661</gpxdata:speed>
    </extensions>
   </trkpt>
   <trkpt lat="47.2199203" lon="38.9227445">
    <ele>17</ele>
    <time>2026-08-30T05:04:20Z</time>
    <extensions>
     <gpxdata:hr>124</gpxdata:hr>
     <gpxdata:distance>89.00</gpxdata:distance>
     <gpxdata:cadence>85</gpxdata:cadence>
     <gpxdata:speed>4.642</gpxdata:speed>
    </extensions>
   </trkpt>
   <trkpt lat="47.2198925" lon="38.9227854">
    <ele>17</ele>
    <time>2026-08-30T05:04:21Z</time>
    <extensions>
     <gpxdata:hr>127</gpxdata:hr>
     <gpxdata:distance>94.00</gpxdata:distance>
     <gpxdata:cadence>85</gpxdata:cadence>
     <gpxdata:speed>4.622</gpxdata:speed>
    </extensions>
   </trkpt>
   <trkpt lat="47.2198648" lon="38.9228264">
    <ele>17</ele>
    <time>2026-08-30T05:04:22Z</time>
    <extensions>
     <gpxdata:hr>130</gpxdata:hr>
     <gpxdata:distance>98.50</gpxdata:distance>
     <gpxdata:cadence>85</gpxdata:cadence>
     <gpxdata:speed>4.578</gpxdata:speed>
    </extensions>
   </trkpt>
   <trkpt lat="47.2198358" lon="38.9228678">
    <ele>17</ele>
    <time>2026-08-30T05:04:23Z</time>
    <extensions>
     <gpxdata:hr>133</gpxdata:hr>
     <gpxdata:distance>103.00</gpxdata:distance>
     <gpxdata:cadence>85</gpxdata:cadence>
     <gpxdata:speed>4.536</gpxdata:speed>
    </extensions>
   </trkpt>
   <trkpt lat="47.2198068" lon="38.9229093">
    <ele>17</ele>
    <time>2026-08-30T05:04:24Z</time>
    <extensions>
     <gpxdata:hr>136</gpxdata:hr>
     <gpxdata:distance>107.50</gpxdata:distance>
     <gpxdata:cadence>85</gpxdata:cadence>
     <gpxdata:speed>4.486</gpxdata:speed>
    </extensions>
   </trkpt>
   <trkpt lat="47.2197764" lon="38.9229531">
    <ele>17</ele>
    <time>2026-08-30T05:04:25Z</time>
    <extensions>
     <gpxdata:hr>139</gpxdata:hr>
     <gpxdata:distance>112.00</gpxdata:distance>
     <gpxdata:cadence>85</gpxdata:cadence>
     <gpxdata:speed>4.439</gpxdata:speed>
    </extensions>
   </trkpt>
   <trkpt lat="47.2197460" lon="38.9229969">
    <ele>17</ele>
    <time>2026-08-30T05:04:26Z</time>
    <extensions>
     <gpxdata:hr>142</gpxdata:hr>
     <gpxdata:distance>115.50</gpxdata:distance>
     <gpxdata:cadence>85</gpxdata:cadence>
     <gpxdata:speed>4.428</gpxdata:speed>
    </extensions>
   </trkpt>
   <trkpt lat="47.2197145" lon="38.9230396">
    <ele>17</ele>
    <time>2026-08-30T05:04:27Z</time>
    <extensions>
     <gpxdata:hr>145</gpxdata:hr>
     <gpxdata:distance>119.00</gpxdata:distance>
     <gpxdata:cadence>85</gpxdata:cadence>
     <gpxdata:speed>4.419</gpxdata:speed>
    </extensions>
   </trkpt>
   <trkpt lat="47.2196830" lon="38.9230824">
    <ele>17</ele>
    <time>2026-08-30T05:04:28Z</time>
    <extensions>
     <gpxdata:hr>149</gpxdata:hr>
     <gpxdata:distance>125.00</gpxdata:distance>
     <gpxdata:cadence>84</gpxdata:cadence>
     <gpxdata:speed>4.400</gpxdata:speed>
    </extensions>
   </trkpt>
   <trkpt lat="47.2196531" lon="38.9231218">
    <ele>17</ele>
    <time>2026-08-30T05:04:29Z</time>
    <extensions>
     <gpxdata:hr>151</gpxdata:hr>
     <gpxdata:distance>131.00</gpxdata:distance>
     <gpxdata:cadence>84</gpxdata:cadence>
     <gpxdata:speed>4.383</gpxdata:speed>
    </extensions>
   </trkpt>
   <trkpt lat="47.2196233" lon="38.9231613">
    <ele>17</ele>
    <time>2026-08-30T05:04:30Z</time>
    <extensions>
     <gpxdata:hr>155</gpxdata:hr>
     <gpxdata:distance>134.00</gpxdata:distance>
     <gpxdata:cadence>84</gpxdata:cadence>
     <gpxdata:speed>4.383</gpxdata:speed>
    </extensions>
   </trkpt>
   <trkpt lat="47.2195983" lon="38.9231988">
    <ele>17</ele>
    <time>2026-08-30T05:04:31Z</time>
    <extensions>
     <gpxdata:hr>158</gpxdata:hr>
     <gpxdata:distance>137.00</gpxdata:distance>
     <gpxdata:cadence>84</gpxdata:cadence>
     <gpxdata:speed>4.383</gpxdata:speed>
    </extensions>
   </trkpt>
   <trkpt lat="47.2195733" lon="38.9232364">
    <ele>17</ele>
    <time>2026-08-30T05:04:32Z</time>
    <extensions>
     <gpxdata:hr>161</gpxdata:hr>
     <gpxdata:distance>141.50</gpxdata:distance>
     <gpxdata:cadence>83</gpxdata:cadence>
     <gpxdata:speed>4.350</gpxdata:speed>
    </extensions>
   </trkpt>
   <trkpt lat="47.2195515" lon="38.9232817">
    <ele>17</ele>
    <time>2026-08-30T05:04:33Z</time>
    <extensions>
     <gpxdata:hr>164</gpxdata:hr>
     <gpxdata:distance>146.00</gpxdata:distance>
     <gpxdata:cadence>83</gpxdata:cadence>
     <gpxdata:speed>4.317</gpxdata:speed>
    </extensions>
   </trkpt>
   <trkpt lat="47.2195297" lon="38.9233270">
    <ele>17</ele>
    <time>2026-08-30T05:04:34Z</time>
    <extensions>
     <gpxdata:hr>166</gpxdata:hr>
     <gpxdata:distance>149.00</gpxdata:distance>
     <gpxdata:cadence>83</gpxdata:cadence>
     <gpxdata:speed>4.294</gpxdata:speed>
    </extensions>
   </trkpt>
   <trkpt lat="47.2195080" lon="38.9233724">
    <ele>17</ele>
    <time>2026-08-30T05:04:35Z</time>
    <extensions>
     <gpxdata:hr>168</gpxdata:hr>
     <gpxdata:distance>152.00</gpxdata:distance>
     <gpxdata:cadence>83</gpxdata:cadence>
     <gpxdata:speed>4.275</gpxdata:speed>
    </extensions>
   </trkpt>
   <trkpt lat="47.2194867" lon="38.9234225">
    <ele>17</ele>
    <time>2026-08-30T05:04:36Z</time>
    <extensions>
     <gpxdata:hr>168</gpxdata:hr>
     <gpxdata:distance>158.00</gpxdata:distance>
     <gpxdata:cadence>83</gpxdata:cadence>
     <gpxdata:speed>4.244</gpxdata:speed>
    </extensions>
   </trkpt>
   <trkpt lat="47.2194654" lon="38.9234726">
    <ele>18</ele>
    <time>2026-08-30T05:04:37Z</time>
    <extensions>
     <gpxdata:hr>168</gpxdata:hr>
     <gpxdata:distance>164.00</gpxdata:distance>
     <gpxdata:cadence>83</gpxdata:cadence>
     <gpxdata:speed>4.217</gpxdata:speed>
    </extensions>
   </trkpt>
   <trkpt lat="47.2194441" lon="38.9235228">
    <ele>18</ele>
    <time>2026-08-30T05:04:38Z</time>
    <extensions>
     <gpxdata:hr>169</gpxdata:hr>
     <gpxdata:distance>167.50</gpxdata:distance>
     <gpxdata:cadence>82</gpxdata:cadence>
     <gpxdata:speed>4.217</gpxdata:speed>
    </extensions>
   </trkpt>
   <trkpt lat="47.2194196" lon="38.9235662">
    <ele>18</ele>
    <time>2026-08-30T05:04:39Z</time>
    <extensions>
     <gpxdata:hr>169</gpxdata:hr>
     <gpxdata:distance>171.00</gpxdata:distance>
     <gpxdata:cadence>82</gpxdata:cadence>
     <gpxdata:speed>4.217</gpxdata:speed>
    </extensions>
   </trkpt>
   <trkpt lat="47.2193951" lon="38.9236097">
    <ele>18</ele>
    <time>2026-08-30T05:04:40Z</time>
    <extensions>
     <gpxdata:hr>170</gpxdata:hr>
     <gpxdata:distance>175.50</gpxdata:distance>
     <gpxdata:cadence>82</gpxdata:cadence>
     <gpxdata:speed>4.217</gpxdata:speed>
    </extensions>
   </trkpt>
   <trkpt lat="47.2193784" lon="38.9236358">
    <ele>18</ele>
    <time>2026-08-30T05:04:41Z</time>
    <extensions>
     <gpxdata:hr>170</gpxdata:hr>
     <gpxdata:distance>180.00</gpxdata:distance>
     <gpxdata:cadence>82</gpxdata:cadence>
     <gpxdata:speed>4.217</gpxdata:speed>
    </extensions>
   </trkpt>
   <trkpt lat="47.2193618" lon="38.9236619">
    <ele>18</ele>
    <time>2026-08-30T05:04:42Z</time>
    <extensions>
     <gpxdata:hr>170</gpxdata:hr>
     <gpxdata:distance>183.00</gpxdata:distance>
     <gpxdata:cadence>82</gpxdata:cadence>
     <gpxdata:speed>4.211</gpxdata:speed>
    </extensions>
   </trkpt>
   <trkpt lat="47.2193347" lon="38.9237068">
    <ele>18</ele>
    <time>2026-08-30T05:04:43Z</time>
    <extensions>
     <gpxdata:hr>170</gpxdata:hr>
     <gpxdata:distance>186.00</gpxdata:distance>
     <gpxdata:cadence>82</gpxdata:cadence>
     <gpxdata:speed>4.206</gpxdata:speed>
    </extensions>
   </trkpt>
   <trkpt lat="47.2193077" lon="38.9237518">
    <ele>18</ele>
    <time>2026-08-30T05:04:44Z</time>
    <extensions>
     <gpxdata:hr>171</gpxdata:hr>
     <gpxdata:distance>192.00</gpxdata:distance>
     <gpxdata:cadence>82</gpxdata:cadence>
     <gpxdata:speed>4.189</gpxdata:speed>
    </extensions>
   </trkpt>
   <trkpt lat="47.2192843" lon="38.9237917">
    <ele>18</ele>
    <time>2026-08-30T05:04:45Z</time>
    <extensions>
     <gpxdata:hr>171</gpxdata:hr>
     <gpxdata:distance>198.00</gpxdata:distance>
     <gpxdata:cadence>82</gpxdata:cadence>
     <gpxdata:speed>4.175</gpxdata:speed>
    </extensions>
   </trkpt>
   <trkpt lat="47.2192610" lon="38.9238317">
    <ele>18</ele>
    <time>2026-08-30T05:04:46Z</time>
    <extensions>
     <gpxdata:hr>171</gpxdata:hr>
     <gpxdata:distance>201.00</gpxdata:distance>
     <gpxdata:cadence>82</gpxdata:cadence>
     <gpxdata:speed>4.153</gpxdata:speed>
    </extensions>
   </trkpt>
   <trkpt lat="47.2192375" lon="38.9238719">
    <ele>18</ele>
    <time>2026-08-30T05:04:47Z</time>
    <extensions>
     <gpxdata:hr>170</gpxdata:hr>
     <gpxdata:distance>204.00</gpxdata:distance>
     <gpxdata:cadence>82</gpxdata:cadence>
     <gpxdata:speed>4.133</gpxdata:speed>
    </extensions>
   </trkpt>
   <trkpt lat="47.2192140" lon="38.9239121">
    <ele>18</ele>
    <time>2026-08-30T05:04:48Z</time>
    <extensions>
     <gpxdata:hr>170</gpxdata:hr>
     <gpxdata:distance>208.50</gpxdata:distance>
     <gpxdata:cadence>82</gpxdata:cadence>
     <gpxdata:speed>4.119</gpxdata:speed>
    </extensions>
   </trkpt>
   <trkpt lat="47.2191889" lon="38.9239521">
    <ele>18</ele>
    <time>2026-08-30T05:04:49Z</time>
    <extensions>
     <gpxdata:hr>170</gpxdata:hr>
     <gpxdata:distance>213.00</gpxdata:distance>
     <gpxdata:cadence>82</gpxdata:cadence>
     <gpxdata:speed>4.108</gpxdata:speed>
    </extensions>
   </trkpt>
   <trkpt lat="47.2191639" lon="38.9239921">
    <ele>18</ele>
    <time>2026-08-30T05:04:50Z</time>
    <extensions>
     <gpxdata:hr>170</gpxdata:hr>
     <gpxdata:distance>216.00</gpxdata:distance>
     <gpxdata:cadence>82</gpxdata:cadence>
     <gpxdata:speed>4.094</gpxdata:speed>
    </extensions>
   </trkpt>
   <trkpt lat="47.2191371" lon="38.9240330">
    <ele>18</ele>
    <time>2026-08-30T05:04:51Z</time>
    <extensions>
     <gpxdata:hr>170</gpxdata:hr>
     <gpxdata:distance>219.00</gpxdata:distance>
     <gpxdata:cadence>82</gpxdata:cadence>
     <gpxdata:speed>4.083</gpxdata:speed>
    </extensions>
   </trkpt>
   <trkpt lat="47.2191103" lon="38.9240740">
    <ele>18</ele>
    <time>2026-08-30T05:04:52Z</time>
    <extensions>
     <gpxdata:hr>170</gpxdata:hr>
     <gpxdata:distance>223.50</gpxdata:distance>
     <gpxdata:cadence>82</gpxdata:cadence>
     <gpxdata:speed>4.075</gpxdata:speed>
    </extensions>
   </trkpt>
   <trkpt lat="47.2190844" lon="38.9241148">
    <ele>18</ele>
    <time>2026-08-30T05:04:53Z</time>
    <extensions>
     <gpxdata:hr>171</gpxdata:hr>
     <gpxdata:distance>228.00</gpxdata:distance>
     <gpxdata:cadence>82</gpxdata:cadence>
     <gpxdata:speed>4.067</gpxdata:speed>
    </extensions>
   </trkpt>
   <trkpt lat="47.2190586" lon="38.9241556">
    <ele>18</ele>
    <time>2026-08-30T05:04:54Z</time>
    <extensions>
     <gpxdata:hr>171</gpxdata:hr>
     <gpxdata:distance>232.50</gpxdata:distance>
     <gpxdata:cadence>82</gpxdata:cadence>
     <gpxdata:speed>4.061</gpxdata:speed>
    </extensions>
   </trkpt>
   <trkpt lat="47.2190353" lon="38.9241924">
    <ele>18</ele>
    <time>2026-08-30T05:04:55Z</time>
    <extensions>
     <gpxdata:hr>171</gpxdata:hr>
     <gpxdata:distance>237.00</gpxdata:distance>
     <gpxdata:cadence>82</gpxdata:cadence>
     <gpxdata:speed>4.058</gpxdata:speed>
    </extensions>
   </trkpt>
   <trkpt lat="47.2190120" lon="38.9242292">
    <ele>18</ele>
    <time>2026-08-30T05:04:56Z</time>
    <extensions>
     <gpxdata:hr>171</gpxdata:hr>
     <gpxdata:distance>241.00</gpxdata:distance>
     <gpxdata:cadence>82</gpxdata:cadence>
     <gpxdata:speed>4.058</gpxdata:speed>
    </extensions>
   </trkpt>
   <trkpt lat="47.2189888" lon="38.9242616">
    <ele>18</ele>
    <time>2026-08-30T05:04:57Z</time>
    <extensions>
     <gpxdata:hr>171</gpxdata:hr>
     <gpxdata:distance>245.00</gpxdata:distance>
     <gpxdata:cadence>82</gpxdata:cadence>
     <gpxdata:speed>4.058</gpxdata:speed>
    </extensions>
   </trkpt>
   <trkpt lat="47.2189656" lon="38.9242941">
    <ele>18</ele>
    <time>2026-08-30T05:04:58Z</time>
    <extensions>
     <gpxdata:hr>171</gpxdata:hr>
     <gpxdata:distance>248.00</gpxdata:distance>
     <gpxdata:cadence>82</gpxdata:cadence>
     <gpxdata:speed>4.056</gpxdata:speed>
    </extensions>
   </trkpt>
   <trkpt lat="47.2189418" lon="38.9243231">
    <ele>18</ele>
    <time>2026-08-30T05:04:59Z</time>
    <extensions>
     <gpxdata:hr>171</gpxdata:hr>
     <gpxdata:distance>251.00</gpxdata:distance>
     <gpxdata:cadence>82</gpxdata:cadence>
     <gpxdata:speed>4.053</gpxdata:speed>
    </extensions>
   </trkpt>
   <trkpt lat="47.2189180" lon="38.9243521">
    <ele>18</ele>
    <time>2026-08-30T05:05:00Z</time>
    <extensions>
     <gpxdata:hr>171</gpxdata:hr>
     <gpxdata:distance>257.00</gpxdata:distance>
     <gpxdata:cadence>82</gpxdata:cadence>
     <gpxdata:speed>4.019</gpxdata:speed>
    </extensions>
   </trkpt>
   <trkpt lat="47.2188969" lon="38.9243788">
    <ele>18</ele>
    <time>2026-08-30T05:05:01Z</time>
    <extensions>
     <gpxdata:hr>171</gpxdata:hr>
     <gpxdata:distance>263.00</gpxdata:distance>
     <gpxdata:cadence>82</gpxdata:cadence>
     <gpxdata:speed>3.986</gpxdata:speed>
    </extensions>
   </trkpt>
   <trkpt lat="47.2188758" lon="38.9244055">
    <ele>18</ele>
    <time>2026-08-30T05:05:02Z</time>
    <extensions>
     <gpxdata:hr>171</gpxdata:hr>
     <gpxdata:distance>265.50</gpxdata:distance>
     <gpxdata:cadence>82</gpxdata:cadence>
     <gpxdata:speed>3.969</gpxdata:speed>
    </extensions>
   </trkpt>
   <trkpt lat="47.2188548" lon="38.9244323">
    <ele>18</ele>
    <time>2026-08-30T05:05:03Z</time>
    <extensions>
     <gpxdata:hr>171</gpxdata:hr>
     <gpxdata:distance>268.00</gpxdata:distance>
     <gpxdata:cadence>82</gpxdata:cadence>
     <gpxdata:speed>3.956</gpxdata:speed>
    </extensions>
   </trkpt>
   <trkpt lat="47.2188291" lon="38.9244690">
    <ele>18</ele>
    <time>2026-08-30T05:05:04Z</time>
    <extensions>
     <gpxdata:hr>171</gpxdata:hr>
     <gpxdata:distance>272.50</gpxdata:distance>
     <gpxdata:cadence>81</gpxdata:cadence>
     <gpxdata:speed>3.925</gpxdata:speed>
    </extensions>
   </trkpt>
   <trkpt lat="47.2188035" lon="38.9245057">
    <ele>18</ele>
    <time>2026-08-30T05:05:05Z</time>
    <extensions>
     <gpxdata:hr>171</gpxdata:hr>
     <gpxdata:distance>277.00</gpxdata:distance>
     <gpxdata:cadence>81</gpxdata:cadence>
     <gpxdata:speed>3.897</gpxdata:speed>
    </extensions>
   </trkpt>
   <trkpt lat="47.2187791" lon="38.9245435">
    <ele>18</ele>
    <time>2026-08-30T05:05:06Z</time>
    <extensions>
     <gpxdata:hr>171</gpxdata:hr>
     <gpxdata:distance>280.00</gpxdata:distance>
     <gpxdata:cadence>81</gpxdata:cadence>
     <gpxdata:speed>3.886</gpxdata:speed>
    </extensions>
   </trkpt>
   <trkpt lat="47.2187548" lon="38.9245813">
    <ele>18</ele>
    <time>2026-08-30T05:05:07Z</time>
    <extensions>
     <gpxdata:hr>172</gpxdata:hr>
     <gpxdata:distance>283.00</gpxdata:distance>
     <gpxdata:cadence>81</gpxdata:cadence>
     <gpxdata:speed>3.875</gpxdata:speed>
    </extensions>
   </trkpt>
   <trkpt lat="47.2187300" lon="38.9246153">
    <ele>18</ele>
    <time>2026-08-30T05:05:08Z</time>
    <extensions>
     <gpxdata:hr>172</gpxdata:hr>
     <gpxdata:distance>285.50</gpxdata:distance>
     <gpxdata:cadence>81</gpxdata:cadence>
     <gpxdata:speed>3.875</gpxdata:speed>
    </extensions>
   </trkpt>
   <trkpt lat="47.2187052" lon="38.9246493">
    <ele>18</ele>
    <time>2026-08-30T05:05:09Z</time>
    <extensions>
     <gpxdata:hr>172</gpxdata:hr>
     <gpxdata:distance>288.00</gpxdata:distance>
     <gpxdata:cadence>81</gpxdata:cadence>
     <gpxdata:speed>3.875</gpxdata:speed>
    </extensions>
   </trkpt>
   <trkpt lat="47.2186804" lon="38.9246834">
    <ele>18</ele>
    <time>2026-08-30T05:05:10Z</time>
    <extensions>
     <gpxdata:hr>172</gpxdata:hr>
     <gpxdata:distance>294.00</gpxdata:distance>
     <gpxdata:cadence>81</gpxdata:cadence>
     <gpxdata:speed>3.875</gpxdata:speed>
    </extensions>
   </trkpt>
   <trkpt lat="47.2186570" lon="38.9247190">
    <ele>18</ele>
    <time>2026-08-30T05:05:11Z</time>
    <extensions>
     <gpxdata:hr>172</gpxdata:hr>
     <gpxdata:distance>300.00</gpxdata:distance>
     <gpxdata:cadence>81</gpxdata:cadence>
     <gpxdata:speed>3.878</gpxdata:speed>
    </extensions>
   </trkpt>
   <trkpt lat="47.2186337" lon="38.9247547">
    <ele>19</ele>
    <time>2026-08-30T05:05:12Z</time>
    <extensions>
     <gpxdata:hr>172</gpxdata:hr>
     <gpxdata:distance>304.00</gpxdata:distance>
     <gpxdata:cadence>81</gpxdata:cadence>
     <gpxdata:speed>3.864</gpxdata:speed>
    </extensions>
   </trkpt>
   <trkpt lat="47.2186185" lon="38.9247964">
    <ele>19</ele>
    <time>2026-08-30T05:05:13Z</time>
    <extensions>
     <gpxdata:hr>172</gpxdata:hr>
     <gpxdata:distance>308.00</gpxdata:distance>
     <gpxdata:cadence>81</gpxdata:cadence>
     <gpxdata:speed>3.853</gpxdata:speed>
    </extensions>
   </trkpt>
   <trkpt lat="47.2186034" lon="38.9248381">
    <ele>19</ele>
    <time>2026-08-30T05:05:14Z</time>
    <extensions>
     <gpxdata:hr>172</gpxdata:hr>
     <gpxdata:distance>311.00</gpxdata:distance>
     <gpxdata:cadence>81</gpxdata:cadence>
     <gpxdata:speed>3.847</gpxdata:speed>
    </extensions>
   </trkpt>
   <trkpt lat="47.2186033" lon="38.9248857">
    <ele>19</ele>
    <time>2026-08-30T05:05:15Z</time>
    <extensions>
     <gpxdata:hr>172</gpxdata:hr>
     <gpxdata:distance>314.00</gpxdata:distance>
     <gpxdata:cadence>81</gpxdata:cadence>
     <gpxdata:speed>3.844</gpxdata:speed>
    </extensions>
   </trkpt>
   <trkpt lat="47.2186032" lon="38.9249334">
    <ele>19</ele>
    <time>2026-08-30T05:05:16Z</time>
    <extensions>
     <gpxdata:hr>172</gpxdata:hr>
     <gpxdata:distance>318.00</gpxdata:distance>
     <gpxdata:cadence>80</gpxdata:cadence>
     <gpxdata:speed>3.861</gpxdata:speed>
    </extensions>
   </trkpt>
   <trkpt lat="47.2186200" lon="38.9249823">
    <ele>19</ele>
    <time>2026-08-30T05:05:17Z</time>
    <extensions>
     <gpxdata:hr>171</gpxdata:hr>
     <gpxdata:distance>322.00</gpxdata:distance>
     <gpxdata:cadence>80</gpxdata:cadence>
     <gpxdata:speed>3.878</gpxdata:speed>
    </extensions>
   </trkpt>
   <trkpt lat="47.2186369" lon="38.9250313">
    <ele>19</ele>
    <time>2026-08-30T05:05:18Z</time>
    <extensions>
     <gpxdata:hr>172</gpxdata:hr>
     <gpxdata:distance>327.00</gpxdata:distance>
     <gpxdata:cadence>80</gpxdata:cadence>
     <gpxdata:speed>3.908</gpxdata:speed>
    </extensions>
   </trkpt>
   <trkpt lat="47.2186657" lon="38.9250764">
    <ele>19</ele>
    <time>2026-08-30T05:05:19Z</time>
    <extensions>
     <gpxdata:hr>172</gpxdata:hr>
     <gpxdata:distance>332.00</gpxdata:distance>
     <gpxdata:cadence>80</gpxdata:cadence>
     <gpxdata:speed>3.942</gpxdata:speed>
    </extensions>
   </trkpt>
   <trkpt lat="47.2186945" lon="38.9251216">
    <ele>19</ele>
    <time>2026-08-30T05:05:20Z</time>
    <extensions>
     <gpxdata:hr>172</gpxdata:hr>
     <gpxdata:distance>336.00</gpxdata:distance>
     <gpxdata:cadence>80</gpxdata:cadence>
     <gpxdata:speed>4.011</gpxdata:speed>
    </extensions>
   </trkpt>
   <trkpt lat="47.2187247" lon="38.9251629">
    <ele>19</ele>
    <time>2026-08-30T05:05:21Z</time>
    <extensions>
     <gpxdata:hr>171</gpxdata:hr>
     <gpxdata:distance>340.00</gpxdata:distance>
     <gpxdata:cadence>80</gpxdata:cadence>
     <gpxdata:speed>4.083</gpxdata:speed>
    </extensions>
   </trkpt>
   <trkpt lat="47.2187549" lon="38.9252043">
    <ele>19</ele>
    <time>2026-08-30T05:05:22Z</time>
    <extensions>
     <gpxdata:hr>171</gpxdata:hr>
     <gpxdata:distance>344.00</gpxdata:distance>
     <gpxdata:cadence>80</gpxdata:cadence>
     <gpxdata:speed>4.147</gpxdata:speed>
    </extensions>
   </trkpt>
   <trkpt lat="47.2187850" lon="38.9252444">
    <ele>18</ele>
    <time>2026-08-30T05:05:23Z</time>
    <extensions>
     <gpxdata:hr>171</gpxdata:hr>
     <gpxdata:distance>348.00</gpxdata:distance>
     <gpxdata:cadence>80</gpxdata:cadence>
     <gpxdata:speed>4.211</gpxdata:speed>
    </extensions>
   </trkpt>
   <trkpt lat="47.2188152" lon="38.9252845">
    <ele>18</ele>
    <time>2026-08-30T05:05:24Z</time>
    <extensions>
     <gpxdata:hr>170</gpxdata:hr>
     <gpxdata:distance>350.50</gpxdata:distance>
     <gpxdata:cadence>80</gpxdata:cadence>
     <gpxdata:speed>2.106</gpxdata:speed>
    </extensions>
   </trkpt>
   <trkpt lat="47.2188447" lon="38.9253236">
    <ele>18</ele>
    <time>2026-08-30T05:05:25Z</time>
    <extensions>
     <gpxdata:hr>170</gpxdata:hr>
     <gpxdata:distance>353.00</gpxdata:distance>
     <gpxdata:cadence>80</gpxdata:cadence>
    </extensions>
   </trkpt>
   <trkpt lat="47.2188742" lon="38.9253627">
    <ele>18</ele>
    <time>2026-08-30T05:05:26Z</time>
    <extensions>
     <gpxdata:hr>170</gpxdata:hr>
     <gpxdata:distance>354.50</gpxdata:distance>
     <gpxdata:cadence>80</gpxdata:cadence>
     <gpxdata:speed>1.975</gpxdata:speed>
    </extensions>
   </trkpt>
   <trkpt lat="47.2189019" lon="38.9254111">
    <ele>18</ele>
    <time>2026-08-30T05:05:27Z</time>
    <extensions>
     <gpxdata:hr>170</gpxdata:hr>
     <gpxdata:distance>356.00</gpxdata:distance>
     <gpxdata:cadence>80</gpxdata:cadence>
     <gpxdata:speed>3.950</gpxdata:speed>
    </extensions>
   </trkpt>
   <trkpt lat="47.2189297" lon="38.9254596">
    <ele>18</ele>
    <time>2026-08-30T05:05:28Z</time>
    <extensions>
     <gpxdata:hr>170</gpxdata:hr>
     <gpxdata:distance>359.00</gpxdata:distance>
     <gpxdata:cadence>80</gpxdata:cadence>
     <gpxdata:speed>3.953</gpxdata:speed>
    </extensions>
   </trkpt>
   <trkpt lat="47.2189491" lon="38.9255047">
    <ele>18</ele>
    <time>2026-08-30T05:05:29Z</time>
    <extensions>
     <gpxdata:hr>170</gpxdata:hr>
     <gpxdata:distance>362.00</gpxdata:distance>
     <gpxdata:cadence>80</gpxdata:cadence>
     <gpxdata:speed>3.958</gpxdata:speed>
    </extensions>
   </trkpt>
   <trkpt lat="47.2189685" lon="38.9255498">
    <ele>18</ele>
    <time>2026-08-30T05:05:30Z</time>
    <extensions>
     <gpxdata:hr>170</gpxdata:hr>
     <gpxdata:distance>366.50</gpxdata:distance>
     <gpxdata:cadence>80</gpxdata:cadence>
     <gpxdata:speed>3.939</gpxdata:speed>
    </extensions>
   </trkpt>
   <trkpt lat="47.2189880" lon="38.9255949">
    <ele>18</ele>
    <time>2026-08-30T05:05:31Z</time>
    <extensions>
     <gpxdata:hr>170</gpxdata:hr>
     <gpxdata:distance>371.00</gpxdata:distance>
     <gpxdata:cadence>80</gpxdata:cadence>
     <gpxdata:speed>3.922</gpxdata:speed>
    </extensions>
   </trkpt>
   <trkpt lat="47.2189933" lon="38.9256424">
    <ele>18</ele>
    <time>2026-08-30T05:05:32Z</time>
    <extensions>
     <gpxdata:hr>170</gpxdata:hr>
     <gpxdata:distance>375.00</gpxdata:distance>
     <gpxdata:cadence>80</gpxdata:cadence>
     <gpxdata:speed>3.897</gpxdata:speed>
    </extensions>
   </trkpt>
   <trkpt lat="47.2189986" lon="38.9256899">
    <ele>18</ele>
    <time>2026-08-30T05:05:33Z</time>
    <extensions>
     <gpxdata:hr>170</gpxdata:hr>
     <gpxdata:distance>379.00</gpxdata:distance>
     <gpxdata:cadence>80</gpxdata:cadence>
     <gpxdata:speed>3.875</gpxdata:speed>
    </extensions>
   </trkpt>
   <trkpt lat="47.2189963" lon="38.9257396">
    <ele>18</ele>
    <time>2026-08-30T05:05:34Z</time>
    <extensions>
     <gpxdata:hr>170</gpxdata:hr>
     <gpxdata:distance>383.50</gpxdata:distance>
     <gpxdata:cadence>80</gpxdata:cadence>
     <gpxdata:speed>3.853</gpxdata:speed>
    </extensions>
   </trkpt>
   <trkpt lat="47.2189940" lon="38.9257894">
    <ele>18</ele>
    <time>2026-08-30T05:05:35Z</time>
    <extensions>
     <gpxdata:hr>170</gpxdata:hr>
     <gpxdata:distance>388.00</gpxdata:distance>
     <gpxdata:cadence>81</gpxdata:cadence>
     <gpxdata:speed>3.833</gpxdata:speed>
    </extensions>
   </trkpt>
   <trkpt lat="47.2189912" lon="38.9258388">
    <ele>18</ele>
    <time>2026-08-30T05:05:36Z</time>
    <extensions>
     <gpxdata:hr>170</gpxdata:hr>
     <gpxdata:distance>391.00</gpxdata:distance>
     <gpxdata:cadence>81</gpxdata:cadence>
     <gpxdata:speed>3.822</gpxdata:speed>
    </extensions>
   </trkpt>
   <trkpt lat="47.2189885" lon="38.9258882">
    <ele>18</ele>
    <time>2026-08-30T05:05:37Z</time>
    <extensions>
     <gpxdata:hr>171</gpxdata:hr>
     <gpxdata:distance>394.00</gpxdata:distance>
     <gpxdata:cadence>81</gpxdata:cadence>
     <gpxdata:speed>3.814</gpxdata:speed>
    </extensions>
   </trkpt>
   <trkpt lat="47.2189901" lon="38.9259379">
    <ele>17</ele>
    <time>2026-08-30T05:05:38Z</time>
    <extensions>
     <gpxdata:hr>170</gpxdata:hr>
     <gpxdata:distance>398.00</gpxdata:distance>
     <gpxdata:cadence>81</gpxdata:cadence>
     <gpxdata:speed>3.836</gpxdata:speed>
    </extensions>
   </trkpt>
   <trkpt lat="47.2189917" lon="38.9259877">
    <ele>17</ele>
    <time>2026-08-30T05:05:39Z</time>
    <extensions>
     <gpxdata:hr>170</gpxdata:hr>
     <gpxdata:distance>402.00</gpxdata:distance>
     <gpxdata:cadence>81</gpxdata:cadence>
     <gpxdata:speed>3.858</gpxdata:speed>
    </extensions>
   </trkpt>
   <trkpt lat="47.2189993" lon="38.9260386">
    <ele>17</ele>
    <time>2026-08-30T05:05:40Z</time>
    <extensions>
     <gpxdata:hr>170</gpxdata:hr>
     <gpxdata:distance>405.00</gpxdata:distance>
     <gpxdata:cadence>80</gpxdata:cadence>
     <gpxdata:speed>3.875</gpxdata:speed>
    </extensions>
   </trkpt>
   <trkpt lat="47.2190069" lon="38.9260895">
    <ele>17</ele>
    <time>2026-08-30T05:05:41Z</time>
    <extensions>
     <gpxdata:hr>169</gpxdata:hr>
     <gpxdata:distance>408.00</gpxdata:distance>
     <gpxdata:cadence>80</gpxdata:cadence>
     <gpxdata:speed>3.894</gpxdata:speed>
    </extensions>
   </trkpt>
   <trkpt lat="47.2190201" lon="38.9261382">
    <ele>17</ele>
    <time>2026-08-30T05:05:42Z</time>
    <extensions>
     <gpxdata:hr>169</gpxdata:hr>
     <gpxdata:distance>412.50</gpxdata:distance>
     <gpxdata:cadence>80</gpxdata:cadence>
     <gpxdata:speed>3.889</gpxdata:speed>
    </extensions>
   </trkpt>
   <trkpt lat="47.2190334" lon="38.9261870">
    <ele>17</ele>
    <time>2026-08-30T05:05:43Z</time>
    <extensions>
     <gpxdata:hr>169</gpxdata:hr>
     <gpxdata:distance>417.00</gpxdata:distance>
     <gpxdata:cadence>80</gpxdata:cadence>
     <gpxdata:speed>3.886</gpxdata:speed>
    </extensions>
   </trkpt>
   <trkpt lat="47.2190502" lon="38.9262319">
    <ele>17</ele>
    <time>2026-08-30T05:05:44Z</time>
    <extensions>
     <gpxdata:hr>169</gpxdata:hr>
     <gpxdata:distance>421.00</gpxdata:distance>
     <gpxdata:cadence>80</gpxdata:cadence>
     <gpxdata:speed>3.872</gpxdata:speed>
    </extensions>
   </trkpt>
   <trkpt lat="47.2190670" lon="38.9262768">
    <ele>17</ele>
    <time>2026-08-30T05:05:45Z</time>
    <extensions>
     <gpxdata:hr>168</gpxdata:hr>
     <gpxdata:distance>425.00</gpxdata:distance>
     <gpxdata:cadence>80</gpxdata:cadence>
     <gpxdata:speed>3.858</gpxdata:speed>
    </extensions>
   </trkpt>
   <trkpt lat="47.2190868" lon="38.9263191">
    <ele>17</ele>
    <time>2026-08-30T05:05:46Z</time>
    <extensions>
     <gpxdata:hr>168</gpxdata:hr>
     <gpxdata:distance>429.50</gpxdata:distance>
     <gpxdata:cadence>80</gpxdata:cadence>
     <gpxdata:speed>3.847</gpxdata:speed>
    </extensions>
   </trkpt>
   <trkpt lat="47.2191066" lon="38.9263615">
    <ele>17</ele>
    <time>2026-08-30T05:05:47Z</time>
    <extensions>
     <gpxdata:hr>169</gpxdata:hr>
     <gpxdata:distance>434.00</gpxdata:distance>
     <gpxdata:cadence>80</gpxdata:cadence>
     <gpxdata:speed>3.839</gpxdata:speed>
    </extensions>
   </trkpt>
   <trkpt lat="47.2191261" lon="38.9264031">
    <ele>16</ele>
    <time>2026-08-30T05:05:48Z</time>
    <extensions>
     <gpxdata:hr>168</gpxdata:hr>
     <gpxdata:distance>437.00</gpxdata:distance>
     <gpxdata:cadence>80</gpxdata:cadence>
     <gpxdata:speed>3.833</gpxdata:speed>
    </extensions>
   </trkpt>
   <trkpt lat="47.2191456" lon="38.9264448">
    <ele>16</ele>
    <time>2026-08-30T05:05:49Z</time>
    <extensions>
     <gpxdata:hr>168</gpxdata:hr>
     <gpxdata:distance>440.00</gpxdata:distance>
     <gpxdata:cadence>80</gpxdata:cadence>
     <gpxdata:speed>3.831</gpxdata:speed>
    </extensions>
   </trkpt>
   <trkpt lat="47.2191638" lon="38.9264859">
    <ele>16</ele>
    <time>2026-08-30T05:05:50Z</time>
    <extensions>
     <gpxdata:hr>169</gpxdata:hr>
     <gpxdata:distance>444.00</gpxdata:distance>
     <gpxdata:cadence>80</gpxdata:cadence>
     <gpxdata:speed>3.844</gpxdata:speed>
    </extensions>
   </trkpt>
   <trkpt lat="47.2191820" lon="38.9265270">
    <ele>16</ele>
    <time>2026-08-30T05:05:51Z</time>
    <extensions>
     <gpxdata:hr>168</gpxdata:hr>
     <gpxdata:distance>448.00</gpxdata:distance>
     <gpxdata:cadence>80</gpxdata:cadence>
     <gpxdata:speed>3.858</gpxdata:speed>
    </extensions>
   </trkpt>
   <trkpt lat="47.2191984" lon="38.9265667">
    <ele>16</ele>
    <time>2026-08-30T05:05:52Z</time>
    <extensions>
     <gpxdata:hr>168</gpxdata:hr>
     <gpxdata:distance>451.00</gpxdata:distance>
     <gpxdata:cadence>80</gpxdata:cadence>
     <gpxdata:speed>3.861</gpxdata:speed>
    </extensions>
   </trkpt>
   <trkpt lat="47.2192148" lon="38.9266064">
    <ele>16</ele>
    <time>2026-08-30T05:05:53Z</time>
    <extensions>
     <gpxdata:hr>169</gpxdata:hr>
     <gpxdata:distance>454.00</gpxdata:distance>
     <gpxdata:cadence>80</gpxdata:cadence>
     <gpxdata:speed>3.867</gpxdata:speed>
    </extensions>
   </trkpt>
   <trkpt lat="47.2192299" lon="38.9266499">
    <ele>16</ele>
    <time>2026-08-30T05:05:54Z</time>
    <extensions>
     <gpxdata:hr>169</gpxdata:hr>
     <gpxdata:distance>458.50</gpxdata:distance>
     <gpxdata:cadence>80</gpxdata:cadence>
     <gpxdata:speed>3.875</gpxdata:speed>
    </extensions>
   </trkpt>
   <trkpt lat="47.2192451" lon="38.9266935">
    <ele>16</ele>
    <time>2026-08-30T05:05:55Z</time>
    <extensions>
     <gpxdata:hr>168</gpxdata:hr>
     <gpxdata:distance>463.00</gpxdata:distance>
     <gpxdata:cadence>80</gpxdata:cadence>
     <gpxdata:speed>3.883</gpxdata:speed>
    </extensions>
   </trkpt>
   <trkpt lat="47.2192575" lon="38.9267379">
    <ele>16</ele>
    <time>2026-08-30T05:05:56Z</time>
    <extensions>
     <gpxdata:hr>168</gpxdata:hr>
     <gpxdata:distance>467.50</gpxdata:distance>
     <gpxdata:cadence>80</gpxdata:cadence>
     <gpxdata:speed>3.894</gpxdata:speed>
    </extensions>
   </trkpt>
   <trkpt lat="47.2192699" lon="38.9267823">
    <ele>16</ele>
    <time>2026-08-30T05:05:57Z</time>
    <extensions>
     <gpxdata:hr>168</gpxdata:hr>
     <gpxdata:distance>472.00</gpxdata:distance>
     <gpxdata:cadence>80</gpxdata:cadence>
     <gpxdata:speed>3.908</gpxdata:speed>
    </extensions>
   </trkpt>
   <trkpt lat="47.2192697" lon="38.9268207">
    <ele>16</ele>
    <time>2026-08-30T05:05:58Z</time>
    <extensions>
     <gpxdata:hr>168</gpxdata:hr>
     <gpxdata:distance>476.00</gpxdata:distance>
     <gpxdata:cadence>80</gpxdata:cadence>
     <gpxdata:speed>3.894</gpxdata:speed>
    </extensions>
   </trkpt>
   <trkpt lat="47.2192696" lon="38.9268592">
    <ele>16</ele>
    <time>2026-08-30T05:05:59Z</time>
    <extensions>
     <gpxdata:hr>169</gpxdata:hr>
     <gpxdata:distance>480.00</gpxdata:distance>
     <gpxdata:cadence>80</gpxdata:cadence>
     <gpxdata:speed>3.881</gpxdata:speed>
    </extensions>
   </trkpt>
   <trkpt lat="47.2192489" lon="38.9268838">
    <ele>16</ele>
    <time>2026-08-30T05:06:00Z</time>
    <extensions>
     <gpxdata:hr>169</gpxdata:hr>
     <gpxdata:distance>483.00</gpxdata:distance>
     <gpxdata:cadence>80</gpxdata:cadence>
     <gpxdata:speed>3.869</gpxdata:speed>
    </extensions>
   </trkpt>
   <trkpt lat="47.2192282" lon="38.9269084">
    <ele>16</ele>
    <time>2026-08-30T05:06:01Z</time>
    <extensions>
     <gpxdata:hr>169</gpxdata:hr>
     <gpxdata:distance>486.00</gpxdata:distance>
     <gpxdata:cadence>80</gpxdata:cadence>
     <gpxdata:speed>3.858</gpxdata:speed>
    </extensions>
   </trkpt>
   <trkpt lat="47.2191961" lon="38.9269181">
    <ele>16</ele>
    <time>2026-08-30T05:06:02Z</time>
    <extensions>
     <gpxdata:hr>169</gpxdata:hr>
     <gpxdata:distance>490.50</gpxdata:distance>
     <gpxdata:cadence>80</gpxdata:cadence>
     <gpxdata:speed>3.842</gpxdata:speed>
    </extensions>
   </trkpt>
   <trkpt lat="47.2191640" lon="38.9269278">
    <ele>16</ele>
    <time>2026-08-30T05:06:03Z</time>
    <extensions>
     <gpxdata:hr>169</gpxdata:hr>
     <gpxdata:distance>495.00</gpxdata:distance>
     <gpxdata:cadence>80</gpxdata:cadence>
     <gpxdata:speed>3.828</gpxdata:speed>
    </extensions>
   </trkpt>
   <trkpt lat="47.2191290" lon="38.9269281">
    <ele>16</ele>
    <time>2026-08-30T05:06:04Z</time>
    <extensions>
     <gpxdata:hr>170</gpxdata:hr>
     <gpxdata:distance>497.50</gpxdata:distance>
     <gpxdata:cadence>80</gpxdata:cadence>
     <gpxdata:speed>3.808</gpxdata:speed>
    </extensions>
   </trkpt>
   <trkpt lat="47.2190940" lon="38.9269284">
    <ele>16</ele>
    <time>2026-08-30T05:06:05Z</time>
    <extensions>
     <gpxdata:hr>169</gpxdata:hr>
     <gpxdata:distance>500.00</gpxdata:distance>
     <gpxdata:cadence>80</gpxdata:cadence>
     <gpxdata:speed>3.792</gpxdata:speed>
    </extensions>
   </trkpt>
   <trkpt lat="47.2190586" lon="38.9269251">
    <ele>16</ele>
    <time>2026-08-30T05:06:06Z</time>
    <extensions>
     <gpxdata:hr>170</gpxdata:hr>
     <gpxdata:distance>505.50</gpxdata:distance>
     <gpxdata:cadence>80</gpxdata:cadence>
     <gpxdata:speed>3.792</gpxdata:speed>
    </extensions>
   </trkpt>
   <trkpt lat="47.2190233" lon="38.9269218">
    <ele>16</ele>
    <time>2026-08-30T05:06:07Z</time>
    <extensions>
     <gpxdata:hr>170</gpxdata:hr>
     <gpxdata:distance>511.00</gpxdata:distance>
     <gpxdata:cadence>81</gpxdata:cadence>
     <gpxdata:speed>3.792</gpxdata:speed>
    </extensions>
   </trkpt>
   <trkpt lat="47.2189888" lon="38.9269165">
    <ele>16</ele>
    <time>2026-08-30T05:06:08Z</time>
    <extensions>
     <gpxdata:hr>170</gpxdata:hr>
     <gpxdata:distance>514.00</gpxdata:distance>
     <gpxdata:cadence>81</gpxdata:cadence>
     <gpxdata:speed>3.789</gpxdata:speed>
    </extensions>
   </trkpt>
   <trkpt lat="47.2189543" lon="38.9269112">
    <ele>16</ele>
    <time>2026-08-30T05:06:09Z</time>
    <extensions>
     <gpxdata:hr>171</gpxdata:hr>
     <gpxdata:distance>517.00</gpxdata:distance>
     <gpxdata:cadence>81</gpxdata:cadence>
     <gpxdata:speed>3.789</gpxdata:speed>
    </extensions>
   </trkpt>
   <trkpt lat="47.2189217" lon="38.9269055">
    <ele>16</ele>
    <time>2026-08-30T05:06:10Z</time>
    <extensions>
     <gpxdata:hr>170</gpxdata:hr>
     <gpxdata:distance>521.50</gpxdata:distance>
     <gpxdata:cadence>81</gpxdata:cadence>
     <gpxdata:speed>3.789</gpxdata:speed>
    </extensions>
   </trkpt>
   <trkpt lat="47.2188891" lon="38.9268998">
    <ele>16</ele>
    <time>2026-08-30T05:06:11Z</time>
    <extensions>
     <gpxdata:hr>171</gpxdata:hr>
     <gpxdata:distance>526.00</gpxdata:distance>
     <gpxdata:cadence>81</gpxdata:cadence>
     <gpxdata:speed>3.789</gpxdata:speed>
    </extensions>
   </trkpt>
   <trkpt lat="47.2188564" lon="38.9268937">
    <ele>17</ele>
    <time>2026-08-30T05:06:12Z</time>
    <extensions>
     <gpxdata:hr>170</gpxdata:hr>
     <gpxdata:distance>528.50</gpxdata:distance>
     <gpxdata:cadence>81</gpxdata:cadence>
     <gpxdata:speed>3.792</gpxdata:speed>
    </extensions>
   </trkpt>
   <trkpt lat="47.2188238" lon="38.9268876">
    <ele>17</ele>
    <time>2026-08-30T05:06:13Z</time>
    <extensions>
     <gpxdata:hr>170</gpxdata:hr>
     <gpxdata:distance>531.00</gpxdata:distance>
     <gpxdata:cadence>81</gpxdata:cadence>
     <gpxdata:speed>3.797</gpxdata:speed>
    </extensions>
   </trkpt>
   <trkpt lat="47.2187915" lon="38.9268805">
    <ele>17</ele>
    <time>2026-08-30T05:06:14Z</time>
    <extensions>
     <gpxdata:hr>171</gpxdata:hr>
     <gpxdata:distance>535.50</gpxdata:distance>
     <gpxdata:cadence>81</gpxdata:cadence>
     <gpxdata:speed>3.794</gpxdata:speed>
    </extensions>
   </trkpt>
   <trkpt lat="47.2187592" lon="38.9268734">
    <ele>17</ele>
    <time>2026-08-30T05:06:15Z</time>
    <extensions>
     <gpxdata:hr>171</gpxdata:hr>
     <gpxdata:distance>540.00</gpxdata:distance>
     <gpxdata:cadence>81</gpxdata:cadence>
     <gpxdata:speed>3.794</gpxdata:speed>
    </extensions>
   </trkpt>
   <trkpt lat="47.2187285" lon="38.9268633">
    <ele>17</ele>
    <time>2026-08-30T05:06:16Z</time>
    <extensions>
     <gpxdata:hr>171</gpxdata:hr>
     <gpxdata:distance>544.00</gpxdata:distance>
     <gpxdata:cadence>81</gpxdata:cadence>
     <gpxdata:speed>3.800</gpxdata:speed>
    </extensions>
   </trkpt>
   <trkpt lat="47.2186979" lon="38.9268533">
    <ele>17</ele>
    <time>2026-08-30T05:06:17Z</time>
    <extensions>
     <gpxdata:hr>171</gpxdata:hr>
     <gpxdata:distance>548.00</gpxdata:distance>
     <gpxdata:cadence>81</gpxdata:cadence>
     <gpxdata:speed>3.808</gpxdata:speed>
    </extensions>
   </trkpt>
   <trkpt lat="47.2186674" lon="38.9268390">
    <ele>17</ele>
    <time>2026-08-30T05:06:18Z</time>
    <extensions>
     <gpxdata:hr>171</gpxdata:hr>
     <gpxdata:distance>552.50</gpxdata:distance>
     <gpxdata:cadence>81</gpxdata:cadence>
     <gpxdata:speed>3.797</gpxdata:speed>
    </extensions>
   </trkpt>
   <trkpt lat="47.2186369" lon="38.9268247">
    <ele>17</ele>
    <time>2026-08-30T05:06:19Z</time>
    <extensions>
     <gpxdata:hr>171</gpxdata:hr>
     <gpxdata:distance>557.00</gpxdata:distance>
     <gpxdata:cadence>81</gpxdata:cadence>
     <gpxdata:speed>3.789</gpxdata:speed>
    </extensions>
   </trkpt>
   <trkpt lat="47.2186094" lon="38.9268024">
    <ele>17</ele>
    <time>2026-08-30T05:06:20Z</time>
    <extensions>
     <gpxdata:hr>171</gpxdata:hr>
     <gpxdata:distance>559.50</gpxdata:distance>
     <gpxdata:cadence>81</gpxdata:cadence>
     <gpxdata:speed>3.781</gpxdata:speed>
    </extensions>
   </trkpt>
   <trkpt lat="47.2185820" lon="38.9267802">
    <ele>17</ele>
    <time>2026-08-30T05:06:21Z</time>
    <extensions>
     <gpxdata:hr>171</gpxdata:hr>
     <gpxdata:distance>562.00</gpxdata:distance>
     <gpxdata:cadence>81</gpxdata:cadence>
     <gpxdata:speed>3.775</gpxdata:speed>
    </extensions>
   </trkpt>
   <trkpt lat="47.2185553" lon="38.9267545">
    <ele>18</ele>
    <time>2026-08-30T05:06:22Z</time>
    <extensions>
     <gpxdata:hr>171</gpxdata:hr>
     <gpxdata:distance>566.00</gpxdata:distance>
     <gpxdata:cadence>80</gpxdata:cadence>
     <gpxdata:speed>3.764</gpxdata:speed>
    </extensions>
   </trkpt>
   <trkpt lat="47.2185286" lon="38.9267289">
    <ele>18</ele>
    <time>2026-08-30T05:06:23Z</time>
    <extensions>
     <gpxdata:hr>171</gpxdata:hr>
     <gpxdata:distance>570.00</gpxdata:distance>
     <gpxdata:cadence>80</gpxdata:cadence>
     <gpxdata:speed>3.756</gpxdata:speed>
    </extensions>
   </trkpt>
   <trkpt lat="47.2185007" lon="38.9267044">
    <ele>18</ele>
    <time>2026-08-30T05:06:24Z</time>
    <extensions>
     <gpxdata:hr>171</gpxdata:hr>
     <gpxdata:distance>573.00</gpxdata:distance>
     <gpxdata:cadence>80</gpxdata:cadence>
     <gpxdata:speed>3.744</gpxdata:speed>
    </extensions>
   </trkpt>
   <trkpt lat="47.2184728" lon="38.9266799">
    <ele>18</ele>
    <time>2026-08-30T05:06:25Z</time>
    <extensions>
     <gpxdata:hr>171</gpxdata:hr>
     <gpxdata:distance>576.00</gpxdata:distance>
     <gpxdata:cadence>80</gpxdata:cadence>
     <gpxdata:speed>3.736</gpxdata:speed>
    </extensions>
   </trkpt>
   <trkpt lat="47.2184450" lon="38.9266570">
    <ele>18</ele>
    <time>2026-08-30T05:06:26Z</time>
    <extensions>
     <gpxdata:hr>171</gpxdata:hr>
     <gpxdata:distance>578.50</gpxdata:distance>
     <gpxdata:cadence>80</gpxdata:cadence>
     <gpxdata:speed>3.731</gpxdata:speed>
    </extensions>
   </trkpt>
   <trkpt lat="47.2184172" lon="38.9266341">
    <ele>18</ele>
    <time>2026-08-30T05:06:27Z</time>
    <extensions>
     <gpxdata:hr>171</gpxdata:hr>
     <gpxdata:distance>581.00</gpxdata:distance>
     <gpxdata:cadence>80</gpxdata:cadence>
     <gpxdata:speed>3.725</gpxdata:speed>
    </extensions>
   </trkpt>
   <trkpt lat="47.2183902" lon="38.9266113">
    <ele>18</ele>
    <time>2026-08-30T05:06:28Z</time>
    <extensions>
     <gpxdata:hr>171</gpxdata:hr>
     <gpxdata:distance>587.00</gpxdata:distance>
     <gpxdata:cadence>80</gpxdata:cadence>
     <gpxdata:speed>3.719</gpxdata:speed>
    </extensions>
   </trkpt>
   <trkpt lat="47.2183632" lon="38.9265886">
    <ele>18</ele>
    <time>2026-08-30T05:06:29Z</time>
    <extensions>
     <gpxdata:hr>171</gpxdata:hr>
     <gpxdata:distance>593.00</gpxdata:distance>
     <gpxdata:cadence>80</gpxdata:cadence>
     <gpxdata:speed>3.714</gpxdata:speed>
    </extensions>
   </trkpt>
   <trkpt lat="47.2183387" lon="38.9265664">
    <ele>18</ele>
    <time>2026-08-30T05:06:30Z</time>
    <extensions>
     <gpxdata:hr>171</gpxdata:hr>
     <gpxdata:distance>595.50</gpxdata:distance>
     <gpxdata:cadence>80</gpxdata:cadence>
     <gpxdata:speed>3.708</gpxdata:speed>
    </extensions>
   </trkpt>
   <trkpt lat="47.2183143" lon="38.9265442">
    <ele>18</ele>
    <time>2026-08-30T05:06:31Z</time>
    <extensions>
     <gpxdata:hr>171</gpxdata:hr>
     <gpxdata:distance>598.00</gpxdata:distance>
     <gpxdata:cadence>80</gpxdata:cadence>
     <gpxdata:speed>3.706</gpxdata:speed>
    </extensions>
   </trkpt>
   <trkpt lat="47.2182895" lon="38.9265211">
    <ele>19</ele>
    <time>2026-08-30T05:06:32Z</time>
    <extensions>
     <gpxdata:hr>171</gpxdata:hr>
     <gpxdata:distance>602.00</gpxdata:distance>
     <gpxdata:cadence>80</gpxdata:cadence>
     <gpxdata:speed>3.689</gpxdata:speed>
    </extensions>
   </trkpt>
   <trkpt lat="47.2182648" lon="38.9264981">
    <ele>19</ele>
    <time>2026-08-30T05:06:33Z</time>
    <extensions>
     <gpxdata:hr>171</gpxdata:hr>
     <gpxdata:distance>606.00</gpxdata:distance>
     <gpxdata:cadence>80</gpxdata:cadence>
     <gpxdata:speed>3.675</gpxdata:speed>
    </extensions>
   </trkpt>
   <trkpt lat="47.2182361" lon="38.9264765">
    <ele>19</ele>
    <time>2026-08-30T05:06:34Z</time>
    <extensions>
     <gpxdata:hr>171</gpxdata:hr>
     <gpxdata:distance>609.00</gpxdata:distance>
     <gpxdata:cadence>80</gpxdata:cadence>
     <gpxdata:speed>3.678</gpxdata:speed>
    </extensions>
   </trkpt>
   <trkpt lat="47.2182075" lon="38.9264549">
    <ele>19</ele>
    <time>2026-08-30T05:06:35Z</time>
    <extensions>
     <gpxdata:hr>170</gpxdata:hr>
     <gpxdata:distance>612.00</gpxdata:distance>
     <gpxdata:cadence>80</gpxdata:cadence>
     <gpxdata:speed>3.683</gpxdata:speed>
    </extensions>
   </trkpt>
   <trkpt lat="47.2181728" lon="38.9264426">
    <ele>19</ele>
    <time>2026-08-30T05:06:36Z</time>
    <extensions>
     <gpxdata:hr>170</gpxdata:hr>
     <gpxdata:distance>616.00</gpxdata:distance>
     <gpxdata:cadence>80</gpxdata:cadence>
     <gpxdata:speed>3.697</gpxdata:speed>
    </extensions>
   </trkpt>
   <trkpt lat="47.2181381" lon="38.9264304">
    <ele>20</ele>
    <time>2026-08-30T05:06:37Z</time>
    <extensions>
     <gpxdata:hr>170</gpxdata:hr>
     <gpxdata:distance>620.00</gpxdata:distance>
     <gpxdata:cadence>80</gpxdata:cadence>
     <gpxdata:speed>3.711</gpxdata:speed>
    </extensions>
   </trkpt>
   <trkpt lat="47.2181029" lon="38.9264274">
    <ele>20</ele>
    <time>2026-08-30T05:06:38Z</time>
    <extensions>
     <gpxdata:hr>170</gpxdata:hr>
     <gpxdata:distance>623.00</gpxdata:distance>
     <gpxdata:cadence>80</gpxdata:cadence>
     <gpxdata:speed>3.725</gpxdata:speed>
    </extensions>
   </trkpt>
   <trkpt lat="47.2180677" lon="38.9264245">
    <ele>20</ele>
    <time>2026-08-30T05:06:39Z</time>
    <extensions>
     <gpxdata:hr>170</gpxdata:hr>
     <gpxdata:distance>626.00</gpxdata:distance>
     <gpxdata:cadence>80</gpxdata:cadence>
     <gpxdata:speed>3.739</gpxdata:speed>
    </extensions>
   </trkpt>
   <trkpt lat="47.2180353" lon="38.9264275">
    <ele>20</ele>
    <time>2026-08-30T05:06:40Z</time>
    <extensions>
     <gpxdata:hr>170</gpxdata:hr>
     <gpxdata:distance>631.50</gpxdata:distance>
     <gpxdata:cadence>80</gpxdata:cadence>
     <gpxdata:speed>3.767</gpxdata:speed>
    </extensions>
   </trkpt>
   <trkpt lat="47.2180030" lon="38.9264306">
    <ele>20</ele>
    <time>2026-08-30T05:06:41Z</time>
    <extensions>
     <gpxdata:hr>170</gpxdata:hr>
     <gpxdata:distance>637.00</gpxdata:distance>
     <gpxdata:cadence>80</gpxdata:cadence>
     <gpxdata:speed>3.797</gpxdata:speed>
    </extensions>
   </trkpt>
   <trkpt lat="47.2179770" lon="38.9264492">
    <ele>20</ele>
    <time>2026-08-30T05:06:42Z</time>
    <extensions>
     <gpxdata:hr>170</gpxdata:hr>
     <gpxdata:distance>640.00</gpxdata:distance>
     <gpxdata:cadence>80</gpxdata:cadence>
     <gpxdata:speed>3.792</gpxdata:speed>
    </extensions>
   </trkpt>
   <trkpt lat="47.2179511" lon="38.9264679">
    <ele>20</ele>
    <time>2026-08-30T05:06:43Z</time>
    <extensions>
     <gpxdata:hr>170</gpxdata:hr>
     <gpxdata:distance>643.00</gpxdata:distance>
     <gpxdata:cadence>80</gpxdata:cadence>
     <gpxdata:speed>3.786</gpxdata:speed>
    </extensions>
   </trkpt>
   <trkpt lat="47.2179424" lon="38.9265084">
    <ele>20</ele>
    <time>2026-08-30T05:06:44Z</time>
    <extensions>
     <gpxdata:hr>170</gpxdata:hr>
     <gpxdata:distance>647.00</gpxdata:distance>
     <gpxdata:cadence>80</gpxdata:cadence>
     <gpxdata:speed>3.747</gpxdata:speed>
    </extensions>
   </trkpt>
   <trkpt lat="47.2179337" lon="38.9265490">
    <ele>20</ele>
    <time>2026-08-30T05:06:45Z</time>
    <extensions>
     <gpxdata:hr>170</gpxdata:hr>
     <gpxdata:distance>651.00</gpxdata:distance>
     <gpxdata:cadence>80</gpxdata:cadence>
     <gpxdata:speed>3.708</gpxdata:speed>
    </extensions>
   </trkpt>
   <trkpt lat="47.2179371" lon="38.9266026">
    <ele>20</ele>
    <time>2026-08-30T05:06:46Z</time>
    <extensions>
     <gpxdata:hr>170</gpxdata:hr>
     <gpxdata:distance>655.00</gpxdata:distance>
     <gpxdata:cadence>80</gpxdata:cadence>
     <gpxdata:speed>3.683</gpxdata:speed>
    </extensions>
   </trkpt>
   <trkpt lat="47.2179405" lon="38.9266562">
    <ele>20</ele>
    <time>2026-08-30T05:06:47Z</time>
    <extensions>
     <gpxdata:hr>170</gpxdata:hr>
     <gpxdata:distance>659.00</gpxdata:distance>
     <gpxdata:cadence>80</gpxdata:cadence>
     <gpxdata:speed>3.661</gpxdata:speed>
    </extensions>
   </trkpt>
   <trkpt lat="47.2179524" lon="38.9267149">
    <ele>20</ele>
    <time>2026-08-30T05:06:48Z</time>
    <extensions>
     <gpxdata:hr>170</gpxdata:hr>
     <gpxdata:distance>662.00</gpxdata:distance>
     <gpxdata:cadence>80</gpxdata:cadence>
     <gpxdata:speed>3.656</gpxdata:speed>
    </extensions>
   </trkpt>
   <trkpt lat="47.2179644" lon="38.9267736">
    <ele>20</ele>
    <time>2026-08-30T05:06:49Z</time>
    <extensions>
     <gpxdata:hr>170</gpxdata:hr>
     <gpxdata:distance>665.00</gpxdata:distance>
     <gpxdata:cadence>80</gpxdata:cadence>
     <gpxdata:speed>3.653</gpxdata:speed>
    </extensions>
   </trkpt>
   <trkpt lat="47.2179787" lon="38.9268309">
    <ele>20</ele>
    <time>2026-08-30T05:06:50Z</time>
    <extensions>
     <gpxdata:hr>170</gpxdata:hr>
     <gpxdata:distance>670.50</gpxdata:distance>
     <gpxdata:cadence>80</gpxdata:cadence>
     <gpxdata:speed>3.656</gpxdata:speed>
    </extensions>
   </trkpt>
   <trkpt lat="47.2179930" lon="38.9268883">
    <ele>20</ele>
    <time>2026-08-30T05:06:51Z</time>
    <extensions>
     <gpxdata:hr>171</gpxdata:hr>
     <gpxdata:distance>676.00</gpxdata:distance>
     <gpxdata:cadence>80</gpxdata:cadence>
     <gpxdata:speed>3.661</gpxdata:speed>
    </extensions>
   </trkpt>
   <trkpt lat="47.2180099" lon="38.9269377">
    <ele>20</ele>
    <time>2026-08-30T05:06:52Z</time>
    <extensions>
     <gpxdata:hr>171</gpxdata:hr>
     <gpxdata:distance>678.50</gpxdata:distance>
     <gpxdata:cadence>80</gpxdata:cadence>
     <gpxdata:speed>3.678</gpxdata:speed>
    </extensions>
   </trkpt>
   <trkpt lat="47.2180268" lon="38.9269871">
    <ele>19</ele>
    <time>2026-08-30T05:06:53Z</time>
    <extensions>
     <gpxdata:hr>171</gpxdata:hr>
     <gpxdata:distance>681.00</gpxdata:distance>
     <gpxdata:cadence>80</gpxdata:cadence>
     <gpxdata:speed>3.694</gpxdata:speed>
    </extensions>
   </trkpt>
   <trkpt lat="47.2180477" lon="38.9270290">
    <ele>19</ele>
    <time>2026-08-30T05:06:54Z</time>
    <extensions>
     <gpxdata:hr>171</gpxdata:hr>
     <gpxdata:distance>685.50</gpxdata:distance>
     <gpxdata:cadence>80</gpxdata:cadence>
     <gpxdata:speed>3.694</gpxdata:speed>
    </extensions>
   </trkpt>
   <trkpt lat="47.2180686" lon="38.9270710">
    <ele>19</ele>
    <time>2026-08-30T05:06:55Z</time>
    <extensions>
     <gpxdata:hr>171</gpxdata:hr>
     <gpxdata:distance>690.00</gpxdata:distance>
     <gpxdata:cadence>80</gpxdata:cadence>
     <gpxdata:speed>3.694</gpxdata:speed>
    </extensions>
   </trkpt>
   <trkpt lat="47.2180906" lon="38.9271081">
    <ele>19</ele>
    <time>2026-08-30T05:06:56Z</time>
    <extensions>
     <gpxdata:hr>171</gpxdata:hr>
     <gpxdata:distance>692.50</gpxdata:distance>
     <gpxdata:cadence>80</gpxdata:cadence>
     <gpxdata:speed>3.686</gpxdata:speed>
    </extensions>
   </trkpt>
   <trkpt lat="47.2181126" lon="38.9271453">
    <ele>19</ele>
    <time>2026-08-30T05:06:57Z</time>
    <extensions>
     <gpxdata:hr>171</gpxdata:hr>
     <gpxdata:distance>695.00</gpxdata:distance>
     <gpxdata:cadence>79</gpxdata:cadence>
     <gpxdata:speed>3.678</gpxdata:speed>
    </extensions>
   </trkpt>
   <trkpt lat="47.2181349" lon="38.9271821">
    <ele>18</ele>
    <time>2026-08-30T05:06:58Z</time>
    <extensions>
     <gpxdata:hr>171</gpxdata:hr>
     <gpxdata:distance>698.00</gpxdata:distance>
     <gpxdata:cadence>79</gpxdata:cadence>
     <gpxdata:speed>3.664</gpxdata:speed>
    </extensions>
   </trkpt>
   <trkpt lat="47.2181573" lon="38.9272189">
    <ele>18</ele>
    <time>2026-08-30T05:06:59Z</time>
    <extensions>
     <gpxdata:hr>171</gpxdata:hr>
     <gpxdata:distance>701.00</gpxdata:distance>
     <gpxdata:cadence>79</gpxdata:cadence>
     <gpxdata:speed>3.650</gpxdata:speed>
    </extensions>
   </trkpt>
   <trkpt lat="47.2181791" lon="38.9272584">
    <ele>18</ele>
    <time>2026-08-30T05:07:00Z</time>
    <extensions>
     <gpxdata:hr>171</gpxdata:hr>
     <gpxdata:distance>705.00</gpxdata:distance>
     <gpxdata:cadence>79</gpxdata:cadence>
     <gpxdata:speed>3.658</gpxdata:speed>
    </extensions>
   </trkpt>
   <trkpt lat="47.2182010" lon="38.9272979">
    <ele>18</ele>
    <time>2026-08-30T05:07:01Z</time>
    <extensions>
     <gpxdata:hr>172</gpxdata:hr>
     <gpxdata:distance>709.00</gpxdata:distance>
     <gpxdata:cadence>79</gpxdata:cadence>
     <gpxdata:speed>3.669</gpxdata:speed>
    </extensions>
   </trkpt>
   <trkpt lat="47.2182217" lon="38.9273395">
    <ele>18</ele>
    <time>2026-08-30T05:07:02Z</time>
    <extensions>
     <gpxdata:hr>171</gpxdata:hr>
     <gpxdata:distance>712.00</gpxdata:distance>
     <gpxdata:cadence>79</gpxdata:cadence>
     <gpxdata:speed>3.697</gpxdata:speed>
    </extensions>
   </trkpt>
   <trkpt lat="47.2182424" lon="38.9273811">
    <ele>18</ele>
    <time>2026-08-30T05:07:03Z</time>
    <extensions>
     <gpxdata:hr>171</gpxdata:hr>
     <gpxdata:distance>715.00</gpxdata:distance>
     <gpxdata:cadence>79</gpxdata:cadence>
     <gpxdata:speed>3.725</gpxdata:speed>
    </extensions>
   </trkpt>
   <trkpt lat="47.2182616" lon="38.9274237">
    <ele>18</ele>
    <time>2026-08-30T05:07:04Z</time>
    <extensions>
     <gpxdata:hr>170</gpxdata:hr>
     <gpxdata:distance>719.50</gpxdata:distance>
     <gpxdata:cadence>79</gpxdata:cadence>
     <gpxdata:speed>3.739</gpxdata:speed>
    </extensions>
   </trkpt>
   <trkpt lat="47.2182808" lon="38.9274663">
    <ele>18</ele>
    <time>2026-08-30T05:07:05Z</time>
    <extensions>
     <gpxdata:hr>170</gpxdata:hr>
     <gpxdata:distance>724.00</gpxdata:distance>
     <gpxdata:cadence>79</gpxdata:cadence>
     <gpxdata:speed>3.756</gpxdata:speed>
    </extensions>
   </trkpt>
   <trkpt lat="47.2183003" lon="38.9275109">
    <ele>18</ele>
    <time>2026-08-30T05:07:06Z</time>
    <extensions>
     <gpxdata:hr>170</gpxdata:hr>
     <gpxdata:distance>728.50</gpxdata:distance>
     <gpxdata:cadence>79</gpxdata:cadence>
     <gpxdata:speed>3.789</gpxdata:speed>
    </extensions>
   </trkpt>
   <trkpt lat="47.2183198" lon="38.9275555">
    <ele>18</ele>
    <time>2026-08-30T05:07:07Z</time>
    <extensions>
     <gpxdata:hr>170</gpxdata:hr>
     <gpxdata:distance>733.00</gpxdata:distance>
     <gpxdata:cadence>79</gpxdata:cadence>
     <gpxdata:speed>3.822</gpxdata:speed>
    </extensions>
   </trkpt>
   <trkpt lat="47.2183392" lon="38.9275997">
    <ele>17</ele>
    <time>2026-08-30T05:07:08Z</time>
    <extensions>
     <gpxdata:hr>170</gpxdata:hr>
     <gpxdata:distance>737.50</gpxdata:distance>
     <gpxdata:cadence>79</gpxdata:cadence>
     <gpxdata:speed>3.831</gpxdata:speed>
    </extensions>
   </trkpt>
   <trkpt lat="47.2183587" lon="38.9276440">
    <ele>17</ele>
    <time>2026-08-30T05:07:09Z</time>
    <extensions>
     <gpxdata:hr>170</gpxdata:hr>
     <gpxdata:distance>742.00</gpxdata:distance>
     <gpxdata:cadence>79</gpxdata:cadence>
     <gpxdata:speed>3.842</gpxdata:speed>
    </extensions>
   </trkpt>
   <trkpt lat="47.2183786" lon="38.9276862">
    <ele>17</ele>
    <time>2026-08-30T05:07:10Z</time>
    <extensions>
     <gpxdata:hr>169</gpxdata:hr>
     <gpxdata:distance>744.50</gpxdata:distance>
     <gpxdata:cadence>79</gpxdata:cadence>
     <gpxdata:speed>3.842</gpxdata:speed>
    </extensions>
   </trkpt>
   <trkpt lat="47.2183986" lon="38.9277285">
    <ele>17</ele>
    <time>2026-08-30T05:07:11Z</time>
    <extensions>
     <gpxdata:hr>170</gpxdata:hr>
     <gpxdata:distance>747.00</gpxdata:distance>
     <gpxdata:cadence>79</gpxdata:cadence>
     <gpxdata:speed>3.842</gpxdata:speed>
    </extensions>
   </trkpt>
   <trkpt lat="47.2184185" lon="38.9277696">
    <ele>17</ele>
    <time>2026-08-30T05:07:12Z</time>
    <extensions>
     <gpxdata:hr>170</gpxdata:hr>
     <gpxdata:distance>751.50</gpxdata:distance>
     <gpxdata:cadence>79</gpxdata:cadence>
     <gpxdata:speed>3.844</gpxdata:speed>
    </extensions>
   </trkpt>
   <trkpt lat="47.2184385" lon="38.9278107">
    <ele>17</ele>
    <time>2026-08-30T05:07:13Z</time>
    <extensions>
     <gpxdata:hr>171</gpxdata:hr>
     <gpxdata:distance>756.00</gpxdata:distance>
     <gpxdata:cadence>79</gpxdata:cadence>
     <gpxdata:speed>3.850</gpxdata:speed>
    </extensions>
   </trkpt>
   <trkpt lat="47.2184568" lon="38.9278531">
    <ele>17</ele>
    <time>2026-08-30T05:07:14Z</time>
    <extensions>
     <gpxdata:hr>171</gpxdata:hr>
     <gpxdata:distance>759.00</gpxdata:distance>
     <gpxdata:cadence>79</gpxdata:cadence>
     <gpxdata:speed>3.850</gpxdata:speed>
    </extensions>
   </trkpt>
   <trkpt lat="47.2184752" lon="38.9278956">
    <ele>17</ele>
    <time>2026-08-30T05:07:15Z</time>
    <extensions>
     <gpxdata:hr>170</gpxdata:hr>
     <gpxdata:distance>762.00</gpxdata:distance>
     <gpxdata:cadence>79</gpxdata:cadence>
     <gpxdata:speed>3.850</gpxdata:speed>
    </extensions>
   </trkpt>
   <trkpt lat="47.2184931" lon="38.9279389">
    <ele>17</ele>
    <time>2026-08-30T05:07:16Z</time>
    <extensions>
     <gpxdata:hr>170</gpxdata:hr>
     <gpxdata:distance>766.50</gpxdata:distance>
     <gpxdata:cadence>79</gpxdata:cadence>
     <gpxdata:speed>3.850</gpxdata:speed>
    </extensions>
   </trkpt>
   <trkpt lat="47.2185110" lon="38.9279823">
    <ele>17</ele>
    <time>2026-08-30T05:07:17Z</time>
    <extensions>
     <gpxdata:hr>170</gpxdata:hr>
     <gpxdata:distance>771.00</gpxdata:distance>
     <gpxdata:cadence>80</gpxdata:cadence>
     <gpxdata:speed>3.850</gpxdata:speed>
    </extensions>
   </trkpt>
   <trkpt lat="47.2185287" lon="38.9280240">
    <ele>16</ele>
    <time>2026-08-30T05:07:18Z</time>
    <extensions>
     <gpxdata:hr>170</gpxdata:hr>
     <gpxdata:distance>776.50</gpxdata:distance>
     <gpxdata:cadence>80</gpxdata:cadence>
     <gpxdata:speed>3.856</gpxdata:speed>
    </extensions>
   </trkpt>
   <trkpt lat="47.2185464" lon="38.9280657">
    <ele>16</ele>
    <time>2026-08-30T05:07:19Z</time>
    <extensions>
     <gpxdata:hr>170</gpxdata:hr>
     <gpxdata:distance>782.00</gpxdata:distance>
     <gpxdata:cadence>80</gpxdata:cadence>
     <gpxdata:speed>3.861</gpxdata:speed>
    </extensions>
   </trkpt>
   <trkpt lat="47.2185638" lon="38.9281072">
    <ele>16</ele>
    <time>2026-08-30T05:07:20Z</time>
    <extensions>
     <gpxdata:hr>170</gpxdata:hr>
     <gpxdata:distance>785.00</gpxdata:distance>
     <gpxdata:cadence>80</gpxdata:cadence>
     <gpxdata:speed>3.875</gpxdata:speed>
    </extensions>
   </trkpt>
   <trkpt lat="47.2185813" lon="38.9281487">
    <ele>16</ele>
    <time>2026-08-30T05:07:21Z</time>
    <extensions>
     <gpxdata:hr>170</gpxdata:hr>
     <gpxdata:distance>788.00</gpxdata:distance>
     <gpxdata:cadence>80</gpxdata:cadence>
     <gpxdata:speed>3.889</gpxdata:speed>
    </extensions>
   </trkpt>
   <trkpt lat="47.2185983" lon="38.9281921">
    <ele>16</ele>
    <time>2026-08-30T05:07:22Z</time>
    <extensions>
     <gpxdata:hr>170</gpxdata:hr>
     <gpxdata:distance>792.50</gpxdata:distance>
     <gpxdata:cadence>80</gpxdata:cadence>
     <gpxdata:speed>3.911</gpxdata:speed>
    </extensions>
   </trkpt>
   <trkpt lat="47.2186154" lon="38.9282356">
    <ele>15</ele>
    <time>2026-08-30T05:07:23Z</time>
    <extensions>
     <gpxdata:hr>170</gpxdata:hr>
     <gpxdata:distance>797.00</gpxdata:distance>
     <gpxdata:cadence>80</gpxdata:cadence>
     <gpxdata:speed>3.933</gpxdata:speed>
    </extensions>
   </trkpt>
   <trkpt lat="47.2186351" lon="38.9282773">
    <ele>15</ele>
    <time>2026-08-30T05:07:24Z</time>
    <extensions>
     <gpxdata:hr>170</gpxdata:hr>
     <gpxdata:distance>800.00</gpxdata:distance>
     <gpxdata:cadence>80</gpxdata:cadence>
     <gpxdata:speed>3.942</gpxdata:speed>
    </extensions>
   </trkpt>
   <trkpt lat="47.2186548" lon="38.9283190">
    <ele>15</ele>
    <time>2026-08-30T05:07:25Z</time>
    <extensions>
     <gpxdata:hr>170</gpxdata:hr>
     <gpxdata:distance>803.00</gpxdata:distance>
     <gpxdata:cadence>80</gpxdata:cadence>
     <gpxdata:speed>3.953</gpxdata:speed>
    </extensions>
   </trkpt>
   <trkpt lat="47.2186761" lon="38.9283569">
    <ele>15</ele>
    <time>2026-08-30T05:07:26Z</time>
    <extensions>
     <gpxdata:hr>170</gpxdata:hr>
     <gpxdata:distance>806.00</gpxdata:distance>
     <gpxdata:cadence>80</gpxdata:cadence>
     <gpxdata:speed>3.967</gpxdata:speed>
    </extensions>
   </trkpt>
   <trkpt lat="47.2186974" lon="38.9283949">
    <ele>15</ele>
    <time>2026-08-30T05:07:27Z</time>
    <extensions>
     <gpxdata:hr>170</gpxdata:hr>
     <gpxdata:distance>809.00</gpxdata:distance>
     <gpxdata:cadence>80</gpxdata:cadence>
     <gpxdata:speed>3.981</gpxdata:speed>
    </extensions>
   </trkpt>
   <trkpt lat="47.2187195" lon="38.9284331">
    <ele>15</ele>
    <time>2026-08-30T05:07:28Z</time>
    <extensions>
     <gpxdata:hr>170</gpxdata:hr>
     <gpxdata:distance>815.00</gpxdata:distance>
     <gpxdata:cadence>80</gpxdata:cadence>
     <gpxdata:speed>3.997</gpxdata:speed>
    </extensions>
   </trkpt>
   <trkpt lat="47.2187417" lon="38.9284714">
    <ele>15</ele>
    <time>2026-08-30T05:07:29Z</time>
    <extensions>
     <gpxdata:hr>170</gpxdata:hr>
     <gpxdata:distance>821.00</gpxdata:distance>
     <gpxdata:cadence>80</gpxdata:cadence>
     <gpxdata:speed>4.017</gpxdata:speed>
    </extensions>
   </trkpt>
   <trkpt lat="47.2187654" lon="38.9285080">
    <ele>15</ele>
    <time>2026-08-30T05:07:30Z</time>
    <extensions>
     <gpxdata:hr>170</gpxdata:hr>
     <gpxdata:distance>824.00</gpxdata:distance>
     <gpxdata:cadence>80</gpxdata:cadence>
     <gpxdata:speed>4.008</gpxdata:speed>
    </extensions>
   </trkpt>
   <trkpt lat="47.2187892" lon="38.9285447">
    <ele>15</ele>
    <time>2026-08-30T05:07:31Z</time>
    <extensions>
     <gpxdata:hr>170</gpxdata:hr>
     <gpxdata:distance>827.00</gpxdata:distance>
     <gpxdata:cadence>80</gpxdata:cadence>
     <gpxdata:speed>4.000</gpxdata:speed>
    </extensions>
   </trkpt>
   <trkpt lat="47.2188183" lon="38.9285661">
    <ele>15</ele>
    <time>2026-08-30T05:07:32Z</time>
    <extensions>
     <gpxdata:hr>169</gpxdata:hr>
     <gpxdata:distance>831.00</gpxdata:distance>
     <gpxdata:cadence>80</gpxdata:cadence>
     <gpxdata:speed>3.969</gpxdata:speed>
    </extensions>
   </trkpt>
   <trkpt lat="47.2188474" lon="38.9285876">
    <ele>15</ele>
    <time>2026-08-30T05:07:33Z</time>
    <extensions>
     <gpxdata:hr>169</gpxdata:hr>
     <gpxdata:distance>835.00</gpxdata:distance>
     <gpxdata:cadence>79</gpxdata:cadence>
     <gpxdata:speed>3.942</gpxdata:speed>
    </extensions>
   </trkpt>
   <trkpt lat="47.2188788" lon="38.9285868">
    <ele>15</ele>
    <time>2026-08-30T05:07:34Z</time>
    <extensions>
     <gpxdata:hr>169</gpxdata:hr>
     <gpxdata:distance>838.00</gpxdata:distance>
     <gpxdata:cadence>79</gpxdata:cadence>
     <gpxdata:speed>3.925</gpxdata:speed>
    </extensions>
   </trkpt>
   <trkpt lat="47.2189103" lon="38.9285860">
    <ele>15</ele>
    <time>2026-08-30T05:07:35Z</time>
    <extensions>
     <gpxdata:hr>169</gpxdata:hr>
     <gpxdata:distance>841.00</gpxdata:distance>
     <gpxdata:cadence>80</gpxdata:cadence>
     <gpxdata:speed>3.911</gpxdata:speed>
    </extensions>
   </trkpt>
   <trkpt lat="47.2189409" lon="38.9285723">
    <ele>15</ele>
    <time>2026-08-30T05:07:36Z</time>
    <extensions>
     <gpxdata:hr>169</gpxdata:hr>
     <gpxdata:distance>845.50</gpxdata:distance>
     <gpxdata:cadence>79</gpxdata:cadence>
     <gpxdata:speed>3.914</gpxdata:speed>
    </extensions>
   </trkpt>
   <trkpt lat="47.2189716" lon="38.9285587">
    <ele>15</ele>
    <time>2026-08-30T05:07:37Z</time>
    <extensions>
     <gpxdata:hr>169</gpxdata:hr>
     <gpxdata:distance>850.00</gpxdata:distance>
     <gpxdata:cadence>79</gpxdata:cadence>
     <gpxdata:speed>3.919</gpxdata:speed>
    </extensions>
   </trkpt>
   <trkpt lat="47.2190035" lon="38.9285366">
    <ele>14</ele>
    <time>2026-08-30T05:07:38Z</time>
    <extensions>
     <gpxdata:hr>170</gpxdata:hr>
     <gpxdata:distance>853.00</gpxdata:distance>
     <gpxdata:cadence>79</gpxdata:cadence>
     <gpxdata:speed>3.922</gpxdata:speed>
    </extensions>
   </trkpt>
   <trkpt lat="47.2190354" lon="38.9285146">
    <ele>14</ele>
    <time>2026-08-30T05:07:39Z</time>
    <extensions>
     <gpxdata:hr>171</gpxdata:hr>
     <gpxdata:distance>856.00</gpxdata:distance>
     <gpxdata:cadence>79</gpxdata:cadence>
     <gpxdata:speed>3.928</gpxdata:speed>
    </extensions>
   </trkpt>
   <trkpt lat="47.2190679" lon="38.9284878">
    <ele>14</ele>
    <time>2026-08-30T05:07:40Z</time>
    <extensions>
     <gpxdata:hr>171</gpxdata:hr>
     <gpxdata:distance>862.00</gpxdata:distance>
     <gpxdata:cadence>79</gpxdata:cadence>
     <gpxdata:speed>3.936</gpxdata:speed>
    </extensions>
   </trkpt>
   <trkpt lat="47.2191005" lon="38.9284610">
    <ele>14</ele>
    <time>2026-08-30T05:07:41Z</time>
    <extensions>
     <gpxdata:hr>172</gpxdata:hr>
     <gpxdata:distance>868.00</gpxdata:distance>
     <gpxdata:cadence>80</gpxdata:cadence>
     <gpxdata:speed>3.944</gpxdata:speed>
    </extensions>
   </trkpt>
   <trkpt lat="47.2191321" lon="38.9284371">
    <ele>14</ele>
    <time>2026-08-30T05:07:42Z</time>
    <extensions>
     <gpxdata:hr>171</gpxdata:hr>
     <gpxdata:distance>871.00</gpxdata:distance>
     <gpxdata:cadence>80</gpxdata:cadence>
     <gpxdata:speed>3.944</gpxdata:speed>
    </extensions>
   </trkpt>
   <trkpt lat="47.2191637" lon="38.9284132">
    <ele>14</ele>
    <time>2026-08-30T05:07:43Z</time>
    <extensions>
     <gpxdata:hr>172</gpxdata:hr>
     <gpxdata:distance>874.00</gpxdata:distance>
     <gpxdata:cadence>80</gpxdata:cadence>
     <gpxdata:speed>3.947</gpxdata:speed>
    </extensions>
   </trkpt>
   <trkpt lat="47.2191957" lon="38.9283909">
    <ele>14</ele>
    <time>2026-08-30T05:07:44Z</time>
    <extensions>
     <gpxdata:hr>172</gpxdata:hr>
     <gpxdata:distance>878.50</gpxdata:distance>
     <gpxdata:cadence>80</gpxdata:cadence>
     <gpxdata:speed>3.931</gpxdata:speed>
    </extensions>
   </trkpt>
   <trkpt lat="47.2192277" lon="38.9283687">
    <ele>14</ele>
    <time>2026-08-30T05:07:45Z</time>
    <extensions>
     <gpxdata:hr>172</gpxdata:hr>
     <gpxdata:distance>883.00</gpxdata:distance>
     <gpxdata:cadence>80</gpxdata:cadence>
     <gpxdata:speed>3.917</gpxdata:speed>
    </extensions>
   </trkpt>
   <trkpt lat="47.2192620" lon="38.9283492">
    <ele>14</ele>
    <time>2026-08-30T05:07:46Z</time>
    <extensions>
     <gpxdata:hr>172</gpxdata:hr>
     <gpxdata:distance>886.00</gpxdata:distance>
     <gpxdata:cadence>80</gpxdata:cadence>
     <gpxdata:speed>3.917</gpxdata:speed>
    </extensions>
   </trkpt>
   <trkpt lat="47.2192964" lon="38.9283298">
    <ele>14</ele>
    <time>2026-08-30T05:07:47Z</time>
    <extensions>
     <gpxdata:hr>172</gpxdata:hr>
     <gpxdata:distance>889.00</gpxdata:distance>
     <gpxdata:cadence>80</gpxdata:cadence>
     <gpxdata:speed>3.917</gpxdata:speed>
    </extensions>
   </trkpt>
   <trkpt lat="47.2193300" lon="38.9283115">
    <ele>14</ele>
    <time>2026-08-30T05:07:48Z</time>
    <extensions>
     <gpxdata:hr>172</gpxdata:hr>
     <gpxdata:distance>893.50</gpxdata:distance>
     <gpxdata:cadence>80</gpxdata:cadence>
     <gpxdata:speed>3.931</gpxdata:speed>
    </extensions>
   </trkpt>
   <trkpt lat="47.2193637" lon="38.9282933">
    <ele>14</ele>
    <time>2026-08-30T05:07:49Z</time>
    <extensions>
     <gpxdata:hr>171</gpxdata:hr>
     <gpxdata:distance>898.00</gpxdata:distance>
     <gpxdata:cadence>80</gpxdata:cadence>
     <gpxdata:speed>3.944</gpxdata:speed>
    </extensions>
   </trkpt>
   <trkpt lat="47.2193956" lon="38.9282739">
    <ele>14</ele>
    <time>2026-08-30T05:07:50Z</time>
    <extensions>
     <gpxdata:hr>171</gpxdata:hr>
     <gpxdata:distance>901.00</gpxdata:distance>
     <gpxdata:cadence>80</gpxdata:cadence>
     <gpxdata:speed>3.950</gpxdata:speed>
    </extensions>
   </trkpt>
   <trkpt lat="47.2194275" lon="38.9282546">
    <ele>14</ele>
    <time>2026-08-30T05:07:51Z</time>
    <extensions>
     <gpxdata:hr>170</gpxdata:hr>
     <gpxdata:distance>904.00</gpxdata:distance>
     <gpxdata:cadence>80</gpxdata:cadence>
     <gpxdata:speed>3.956</gpxdata:speed>
    </extensions>
   </trkpt>
   <trkpt lat="47.2194592" lon="38.9282330">
    <ele>14</ele>
    <time>2026-08-30T05:07:52Z</time>
    <extensions>
     <gpxdata:hr>170</gpxdata:hr>
     <gpxdata:distance>910.00</gpxdata:distance>
     <gpxdata:cadence>80</gpxdata:cadence>
     <gpxdata:speed>3.978</gpxdata:speed>
    </extensions>
   </trkpt>
   <trkpt lat="47.2194909" lon="38.9282114">
    <ele>14</ele>
    <time>2026-08-30T05:07:53Z</time>
    <extensions>
     <gpxdata:hr>170</gpxdata:hr>
     <gpxdata:distance>916.00</gpxdata:distance>
     <gpxdata:cadence>81</gpxdata:cadence>
     <gpxdata:speed>4.003</gpxdata:speed>
    </extensions>
   </trkpt>
   <trkpt lat="47.2195245" lon="38.9281886">
    <ele>14</ele>
    <time>2026-08-30T05:07:54Z</time>
    <extensions>
     <gpxdata:hr>170</gpxdata:hr>
     <gpxdata:distance>919.00</gpxdata:distance>
     <gpxdata:cadence>80</gpxdata:cadence>
     <gpxdata:speed>4.008</gpxdata:speed>
    </extensions>
   </trkpt>
   <trkpt lat="47.2195582" lon="38.9281658">
    <ele>14</ele>
    <time>2026-08-30T05:07:55Z</time>
    <extensions>
     <gpxdata:hr>170</gpxdata:hr>
     <gpxdata:distance>922.00</gpxdata:distance>
     <gpxdata:cadence>80</gpxdata:cadence>
     <gpxdata:speed>4.014</gpxdata:speed>
    </extensions>
   </trkpt>
   <trkpt lat="47.2195898" lon="38.9281467">
    <ele>14</ele>
    <time>2026-08-30T05:07:56Z</time>
    <extensions>
     <gpxdata:hr>170</gpxdata:hr>
     <gpxdata:distance>926.00</gpxdata:distance>
     <gpxdata:cadence>80</gpxdata:cadence>
     <gpxdata:speed>4.003</gpxdata:speed>
    </extensions>
   </trkpt>
   <trkpt lat="47.2196215" lon="38.9281277">
    <ele>14</ele>
    <time>2026-08-30T05:07:57Z</time>
    <extensions>
     <gpxdata:hr>170</gpxdata:hr>
     <gpxdata:distance>930.00</gpxdata:distance>
     <gpxdata:cadence>80</gpxdata:cadence>
     <gpxdata:speed>3.994</gpxdata:speed>
    </extensions>
   </trkpt>
   <trkpt lat="47.2196514" lon="38.9281103">
    <ele>14</ele>
    <time>2026-08-30T05:07:58Z</time>
    <extensions>
     <gpxdata:hr>170</gpxdata:hr>
     <gpxdata:distance>933.00</gpxdata:distance>
     <gpxdata:cadence>80</gpxdata:cadence>
     <gpxdata:speed>3.983</gpxdata:speed>
    </extensions>
   </trkpt>
   <trkpt lat="47.2196814" lon="38.9280929">
    <ele>14</ele>
    <time>2026-08-30T05:07:59Z</time>
    <extensions>
     <gpxdata:hr>170</gpxdata:hr>
     <gpxdata:distance>936.00</gpxdata:distance>
     <gpxdata:cadence>80</gpxdata:cadence>
     <gpxdata:speed>3.975</gpxdata:speed>
    </extensions>
   </trkpt>
   <trkpt lat="47.2197130" lon="38.9280732">
    <ele>14</ele>
    <time>2026-08-30T05:08:00Z</time>
    <extensions>
     <gpxdata:hr>170</gpxdata:hr>
     <gpxdata:distance>940.50</gpxdata:distance>
     <gpxdata:cadence>80</gpxdata:cadence>
     <gpxdata:speed>3.942</gpxdata:speed>
    </extensions>
   </trkpt>
   <trkpt lat="47.2197447" lon="38.9280535">
    <ele>14</ele>
    <time>2026-08-30T05:08:01Z</time>
    <extensions>
     <gpxdata:hr>170</gpxdata:hr>
     <gpxdata:distance>945.00</gpxdata:distance>
     <gpxdata:cadence>80</gpxdata:cadence>
     <gpxdata:speed>3.908</gpxdata:speed>
    </extensions>
   </trkpt>
   <trkpt lat="47.2197765" lon="38.9280314">
    <ele>14</ele>
    <time>2026-08-30T05:08:02Z</time>
    <extensions>
     <gpxdata:hr>169</gpxdata:hr>
     <gpxdata:distance>949.00</gpxdata:distance>
     <gpxdata:cadence>80</gpxdata:cadence>
     <gpxdata:speed>3.883</gpxdata:speed>
    </extensions>
   </trkpt>
   <trkpt lat="47.2198084" lon="38.9280094">
    <ele>14</ele>
    <time>2026-08-30T05:08:03Z</time>
    <extensions>
     <gpxdata:hr>169</gpxdata:hr>
     <gpxdata:distance>953.00</gpxdata:distance>
     <gpxdata:cadence>80</gpxdata:cadence>
     <gpxdata:speed>3.861</gpxdata:speed>
    </extensions>
   </trkpt>
   <trkpt lat="47.2198396" lon="38.9279875">
    <ele>14</ele>
    <time>2026-08-30T05:08:04Z</time>
    <extensions>
     <gpxdata:hr>169</gpxdata:hr>
     <gpxdata:distance>957.50</gpxdata:distance>
     <gpxdata:cadence>80</gpxdata:cadence>
     <gpxdata:speed>3.867</gpxdata:speed>
    </extensions>
   </trkpt>
   <trkpt lat="47.2198708" lon="38.9279657">
    <ele>14</ele>
    <time>2026-08-30T05:08:05Z</time>
    <extensions>
     <gpxdata:hr>169</gpxdata:hr>
     <gpxdata:distance>962.00</gpxdata:distance>
     <gpxdata:cadence>80</gpxdata:cadence>
     <gpxdata:speed>3.872</gpxdata:speed>
    </extensions>
   </trkpt>
   <trkpt lat="47.2199002" lon="38.9279448">
    <ele>14</ele>
    <time>2026-08-30T05:08:06Z</time>
    <extensions>
     <gpxdata:hr>169</gpxdata:hr>
     <gpxdata:distance>965.00</gpxdata:distance>
     <gpxdata:cadence>80</gpxdata:cadence>
     <gpxdata:speed>3.872</gpxdata:speed>
    </extensions>
   </trkpt>
   <trkpt lat="47.2199296" lon="38.9279239">
    <ele>14</ele>
    <time>2026-08-30T05:08:07Z</time>
    <extensions>
     <gpxdata:hr>169</gpxdata:hr>
     <gpxdata:distance>968.00</gpxdata:distance>
     <gpxdata:cadence>80</gpxdata:cadence>
     <gpxdata:speed>3.872</gpxdata:speed>
    </extensions>
   </trkpt>
   <trkpt lat="47.2199603" lon="38.9279039">
    <ele>14</ele>
    <time>2026-08-30T05:08:08Z</time>
    <extensions>
     <gpxdata:hr>168</gpxdata:hr>
     <gpxdata:distance>972.50</gpxdata:distance>
     <gpxdata:cadence>80</gpxdata:cadence>
     <gpxdata:speed>3.881</gpxdata:speed>
    </extensions>
   </trkpt>
   <trkpt lat="47.2199911" lon="38.9278840">
    <ele>14</ele>
    <time>2026-08-30T05:08:09Z</time>
    <extensions>
     <gpxdata:hr>168</gpxdata:hr>
     <gpxdata:distance>977.00</gpxdata:distance>
     <gpxdata:cadence>80</gpxdata:cadence>
     <gpxdata:speed>3.889</gpxdata:speed>
    </extensions>
   </trkpt>
   <trkpt lat="47.2200232" lon="38.9278645">
    <ele>14</ele>
    <time>2026-08-30T05:08:10Z</time>
    <extensions>
     <gpxdata:hr>168</gpxdata:hr>
     <gpxdata:distance>979.50</gpxdata:distance>
     <gpxdata:cadence>80</gpxdata:cadence>
     <gpxdata:speed>3.892</gpxdata:speed>
    </extensions>
   </trkpt>
   <trkpt lat="47.2200553" lon="38.9278451">
    <ele>14</ele>
    <time>2026-08-30T05:08:11Z</time>
    <extensions>
     <gpxdata:hr>168</gpxdata:hr>
     <gpxdata:distance>982.00</gpxdata:distance>
     <gpxdata:cadence>80</gpxdata:cadence>
     <gpxdata:speed>3.897</gpxdata:speed>
    </extensions>
   </trkpt>
   <trkpt lat="47.2200867" lon="38.9278265">
    <ele>14</ele>
    <time>2026-08-30T05:08:12Z</time>
    <extensions>
     <gpxdata:hr>168</gpxdata:hr>
     <gpxdata:distance>986.50</gpxdata:distance>
     <gpxdata:cadence>80</gpxdata:cadence>
     <gpxdata:speed>3.892</gpxdata:speed>
    </extensions>
   </trkpt>
   <trkpt lat="47.2201182" lon="38.9278080">
    <ele>13</ele>
    <time>2026-08-30T05:08:13Z</time>
    <extensions>
     <gpxdata:hr>168</gpxdata:hr>
     <gpxdata:distance>991.00</gpxdata:distance>
     <gpxdata:cadence>80</gpxdata:cadence>
     <gpxdata:speed>3.889</gpxdata:speed>
    </extensions>
   </trkpt>
   <trkpt lat="47.2201498" lon="38.9277880">
    <ele>13</ele>
    <time>2026-08-30T05:08:14Z</time>
    <extensions>
     <gpxdata:hr>169</gpxdata:hr>
     <gpxdata:distance>995.50</gpxdata:distance>
     <gpxdata:cadence>80</gpxdata:cadence>
     <gpxdata:speed>3.892</gpxdata:speed>
    </extensions>
   </trkpt>
   <trkpt lat="47.2201814" lon="38.9277681">
    <ele>13</ele>
    <time>2026-08-30T05:08:15Z</time>
    <extensions>
     <gpxdata:hr>169</gpxdata:hr>
     <gpxdata:distance>1000.00</gpxdata:distance>
     <gpxdata:cadence>81</gpxdata:cadence>
     <gpxdata:speed>3.897</gpxdata:speed>
    </extensions>
   </trkpt>
   <trkpt lat="47.2202138" lon="38.9277464">
    <ele>13</ele>
    <time>2026-08-30T05:08:16Z</time>
    <extensions>
     <gpxdata:hr>169</gpxdata:hr>
     <gpxdata:distance>1004.50</gpxdata:distance>
     <gpxdata:cadence>81</gpxdata:cadence>
     <gpxdata:speed>3.903</gpxdata:speed>
    </extensions>
   </trkpt>
   <trkpt lat="47.2202462" lon="38.9277247">
    <ele>13</ele>
    <time>2026-08-30T05:08:17Z</time>
    <extensions>
     <gpxdata:hr>169</gpxdata:hr>
     <gpxdata:distance>1009.00</gpxdata:distance>
     <gpxdata:cadence>81</gpxdata:cadence>
     <gpxdata:speed>3.908</gpxdata:speed>
    </extensions>
   </trkpt>
   <trkpt lat="47.2202788" lon="38.9277024">
    <ele>13</ele>
    <time>2026-08-30T05:08:18Z</time>
    <extensions>
     <gpxdata:hr>169</gpxdata:hr>
     <gpxdata:distance>1011.50</gpxdata:distance>
     <gpxdata:cadence>81</gpxdata:cadence>
     <gpxdata:speed>3.911</gpxdata:speed>
    </extensions>
   </trkpt>
   <trkpt lat="47.2203115" lon="38.9276802">
    <ele>13</ele>
    <time>2026-08-30T05:08:19Z</time>
    <extensions>
     <gpxdata:hr>169</gpxdata:hr>
     <gpxdata:distance>1014.00</gpxdata:distance>
     <gpxdata:cadence>81</gpxdata:cadence>
     <gpxdata:speed>3.917</gpxdata:speed>
    </extensions>
   </trkpt>
   <trkpt lat="47.2203421" lon="38.9276585">
    <ele>13</ele>
    <time>2026-08-30T05:08:20Z</time>
    <extensions>
     <gpxdata:hr>169</gpxdata:hr>
     <gpxdata:distance>1018.50</gpxdata:distance>
     <gpxdata:cadence>80</gpxdata:cadence>
     <gpxdata:speed>3.908</gpxdata:speed>
    </extensions>
   </trkpt>
   <trkpt lat="47.2203727" lon="38.9276368">
    <ele>13</ele>
    <time>2026-08-30T05:08:21Z</time>
    <extensions>
     <gpxdata:hr>170</gpxdata:hr>
     <gpxdata:distance>1023.00</gpxdata:distance>
     <gpxdata:cadence>80</gpxdata:cadence>
     <gpxdata:speed>3.900</gpxdata:speed>
    </extensions>
   </trkpt>
   <trkpt lat="47.2204027" lon="38.9276162">
    <ele>13</ele>
    <time>2026-08-30T05:08:22Z</time>
    <extensions>
     <gpxdata:hr>170</gpxdata:hr>
     <gpxdata:distance>1026.00</gpxdata:distance>
     <gpxdata:cadence>80</gpxdata:cadence>
     <gpxdata:speed>3.900</gpxdata:speed>
    </extensions>
   </trkpt>
   <trkpt lat="47.2204328" lon="38.9275956">
    <ele>13</ele>
    <time>2026-08-30T05:08:23Z</time>
    <extensions>
     <gpxdata:hr>171</gpxdata:hr>
     <gpxdata:distance>1029.00</gpxdata:distance>
     <gpxdata:cadence>80</gpxdata:cadence>
     <gpxdata:speed>3.900</gpxdata:speed>
    </extensions>
   </trkpt>
   <trkpt lat="47.2204622" lon="38.9275744">
    <ele>13</ele>
    <time>2026-08-30T05:08:24Z</time>
    <extensions>
     <gpxdata:hr>171</gpxdata:hr>
     <gpxdata:distance>1034.50</gpxdata:distance>
     <gpxdata:cadence>80</gpxdata:cadence>
     <gpxdata:speed>3.883</gpxdata:speed>
    </extensions>
   </trkpt>
   <trkpt lat="47.2204917" lon="38.9275533">
    <ele>13</ele>
    <time>2026-08-30T05:08:25Z</time>
    <extensions>
     <gpxdata:hr>171</gpxdata:hr>
     <gpxdata:distance>1040.00</gpxdata:distance>
     <gpxdata:cadence>80</gpxdata:cadence>
     <gpxdata:speed>3.869</gpxdata:speed>
    </extensions>
   </trkpt>
   <trkpt lat="47.2205194" lon="38.9275268">
    <ele>13</ele>
    <time>2026-08-30T05:08:26Z</time>
    <extensions>
     <gpxdata:hr>171</gpxdata:hr>
     <gpxdata:distance>1044.50</gpxdata:distance>
     <gpxdata:cadence>80</gpxdata:cadence>
     <gpxdata:speed>3.858</gpxdata:speed>
    </extensions>
   </trkpt>
   <trkpt lat="47.2205471" lon="38.9275004">
    <ele>13</ele>
    <time>2026-08-30T05:08:27Z</time>
    <extensions>
     <gpxdata:hr>171</gpxdata:hr>
     <gpxdata:distance>1049.00</gpxdata:distance>
     <gpxdata:cadence>81</gpxdata:cadence>
     <gpxdata:speed>3.850</gpxdata:speed>
    </extensions>
   </trkpt>
   <trkpt lat="47.2205696" lon="38.9274665">
    <ele>13</ele>
    <time>2026-08-30T05:08:28Z</time>
    <extensions>
     <gpxdata:hr>170</gpxdata:hr>
     <gpxdata:distance>1052.00</gpxdata:distance>
     <gpxdata:cadence>81</gpxdata:cadence>
     <gpxdata:speed>3.853</gpxdata:speed>
    </extensions>
   </trkpt>
   <trkpt lat="47.2205921" lon="38.9274327">
    <ele>13</ele>
    <time>2026-08-30T05:08:29Z</time>
    <extensions>
     <gpxdata:hr>170</gpxdata:hr>
     <gpxdata:distance>1055.00</gpxdata:distance>
     <gpxdata:cadence>81</gpxdata:cadence>
     <gpxdata:speed>3.858</gpxdata:speed>
    </extensions>
   </trkpt>
   <trkpt lat="47.2206117" lon="38.9273964">
    <ele>13</ele>
    <time>2026-08-30T05:08:30Z</time>
    <extensions>
     <gpxdata:hr>170</gpxdata:hr>
     <gpxdata:distance>1057.50</gpxdata:distance>
     <gpxdata:cadence>80</gpxdata:cadence>
     <gpxdata:speed>3.853</gpxdata:speed>
    </extensions>
   </trkpt>
   <trkpt lat="47.2206313" lon="38.9273602">
    <ele>13</ele>
    <time>2026-08-30T05:08:31Z</time>
    <extensions>
     <gpxdata:hr>170</gpxdata:hr>
     <gpxdata:distance>1060.00</gpxdata:distance>
     <gpxdata:cadence>79</gpxdata:cadence>
     <gpxdata:speed>3.847</gpxdata:speed>
    </extensions>
   </trkpt>
   <trkpt lat="47.2206511" lon="38.9273242">
    <ele>13</ele>
    <time>2026-08-30T05:08:32Z</time>
    <extensions>
     <gpxdata:hr>171</gpxdata:hr>
     <gpxdata:distance>1064.50</gpxdata:distance>
     <gpxdata:cadence>79</gpxdata:cadence>
     <gpxdata:speed>3.836</gpxdata:speed>
    </extensions>
   </trkpt>
   <trkpt lat="47.2206709" lon="38.9272883">
    <ele>13</ele>
    <time>2026-08-30T05:08:33Z</time>
    <extensions>
     <gpxdata:hr>171</gpxdata:hr>
     <gpxdata:distance>1069.00</gpxdata:distance>
     <gpxdata:cadence>79</gpxdata:cadence>
     <gpxdata:speed>3.828</gpxdata:speed>
    </extensions>
   </trkpt>
   <trkpt lat="47.2206917" lon="38.9272533">
    <ele>13</ele>
    <time>2026-08-30T05:08:34Z</time>
    <extensions>
     <gpxdata:hr>171</gpxdata:hr>
     <gpxdata:distance>1072.00</gpxdata:distance>
     <gpxdata:cadence>79</gpxdata:cadence>
     <gpxdata:speed>3.831</gpxdata:speed>
    </extensions>
   </trkpt>
   <trkpt lat="47.2207125" lon="38.9272183">
    <ele>13</ele>
    <time>2026-08-30T05:08:35Z</time>
    <extensions>
     <gpxdata:hr>171</gpxdata:hr>
     <gpxdata:distance>1075.00</gpxdata:distance>
     <gpxdata:cadence>80</gpxdata:cadence>
     <gpxdata:speed>3.833</gpxdata:speed>
    </extensions>
   </trkpt>
   <trkpt lat="47.2207333" lon="38.9271825">
    <ele>13</ele>
    <time>2026-08-30T05:08:36Z</time>
    <extensions>
     <gpxdata:hr>171</gpxdata:hr>
     <gpxdata:distance>1080.50</gpxdata:distance>
     <gpxdata:cadence>80</gpxdata:cadence>
     <gpxdata:speed>3.836</gpxdata:speed>
    </extensions>
   </trkpt>
   <trkpt lat="47.2207542" lon="38.9271468">
    <ele>13</ele>
    <time>2026-08-30T05:08:37Z</time>
    <extensions>
     <gpxdata:hr>171</gpxdata:hr>
     <gpxdata:distance>1086.00</gpxdata:distance>
     <gpxdata:cadence>80</gpxdata:cadence>
     <gpxdata:speed>3.839</gpxdata:speed>
    </extensions>
   </trkpt>
   <trkpt lat="47.2207771" lon="38.9271108">
    <ele>13</ele>
    <time>2026-08-30T05:08:38Z</time>
    <extensions>
     <gpxdata:hr>170</gpxdata:hr>
     <gpxdata:distance>1089.00</gpxdata:distance>
     <gpxdata:cadence>80</gpxdata:cadence>
     <gpxdata:speed>3.836</gpxdata:speed>
    </extensions>
   </trkpt>
   <trkpt lat="47.2208000" lon="38.9270748">
    <ele>13</ele>
    <time>2026-08-30T05:08:39Z</time>
    <extensions>
     <gpxdata:hr>170</gpxdata:hr>
     <gpxdata:distance>1092.00</gpxdata:distance>
     <gpxdata:cadence>80</gpxdata:cadence>
     <gpxdata:speed>3.836</gpxdata:speed>
    </extensions>
   </trkpt>
   <trkpt lat="47.2208247" lon="38.9270393">
    <ele>13</ele>
    <time>2026-08-30T05:08:40Z</time>
    <extensions>
     <gpxdata:hr>170</gpxdata:hr>
     <gpxdata:distance>1096.50</gpxdata:distance>
     <gpxdata:cadence>80</gpxdata:cadence>
     <gpxdata:speed>3.831</gpxdata:speed>
    </extensions>
   </trkpt>
   <trkpt lat="47.2208494" lon="38.9270038">
    <ele>13</ele>
    <time>2026-08-30T05:08:41Z</time>
    <extensions>
     <gpxdata:hr>169</gpxdata:hr>
     <gpxdata:distance>1101.00</gpxdata:distance>
     <gpxdata:cadence>80</gpxdata:cadence>
     <gpxdata:speed>3.825</gpxdata:speed>
    </extensions>
   </trkpt>
   <trkpt lat="47.2208740" lon="38.9269665">
    <ele>13</ele>
    <time>2026-08-30T05:08:42Z</time>
    <extensions>
     <gpxdata:hr>169</gpxdata:hr>
     <gpxdata:distance>1103.50</gpxdata:distance>
     <gpxdata:cadence>80</gpxdata:cadence>
     <gpxdata:speed>3.811</gpxdata:speed>
    </extensions>
   </trkpt>
   <trkpt lat="47.2208987" lon="38.9269293">
    <ele>13</ele>
    <time>2026-08-30T05:08:43Z</time>
    <extensions>
     <gpxdata:hr>169</gpxdata:hr>
     <gpxdata:distance>1106.00</gpxdata:distance>
     <gpxdata:cadence>80</gpxdata:cadence>
     <gpxdata:speed>3.797</gpxdata:speed>
    </extensions>
   </trkpt>
   <trkpt lat="47.2209209" lon="38.9268871">
    <ele>13</ele>
    <time>2026-08-30T05:08:44Z</time>
    <extensions>
     <gpxdata:hr>168</gpxdata:hr>
     <gpxdata:distance>1110.50</gpxdata:distance>
     <gpxdata:cadence>80</gpxdata:cadence>
     <gpxdata:speed>3.797</gpxdata:speed>
    </extensions>
   </trkpt>
   <trkpt lat="47.2209431" lon="38.9268450">
    <ele>13</ele>
    <time>2026-08-30T05:08:45Z</time>
    <extensions>
     <gpxdata:hr>168</gpxdata:hr>
     <gpxdata:distance>1115.00</gpxdata:distance>
     <gpxdata:cadence>80</gpxdata:cadence>
     <gpxdata:speed>3.797</gpxdata:speed>
    </extensions>
   </trkpt>
   <trkpt lat="47.2209576" lon="38.9267970">
    <ele>13</ele>
    <time>2026-08-30T05:08:46Z</time>
    <extensions>
     <gpxdata:hr>168</gpxdata:hr>
     <gpxdata:distance>1118.00</gpxdata:distance>
     <gpxdata:cadence>80</gpxdata:cadence>
     <gpxdata:speed>3.803</gpxdata:speed>
    </extensions>
   </trkpt>
   <trkpt lat="47.2209722" lon="38.9267490">
    <ele>13</ele>
    <time>2026-08-30T05:08:47Z</time>
    <extensions>
     <gpxdata:hr>168</gpxdata:hr>
     <gpxdata:distance>1121.00</gpxdata:distance>
     <gpxdata:cadence>80</gpxdata:cadence>
     <gpxdata:speed>3.808</gpxdata:speed>
    </extensions>
   </trkpt>
   <trkpt lat="47.2209719" lon="38.9266985">
    <ele>13</ele>
    <time>2026-08-30T05:08:48Z</time>
    <extensions>
     <gpxdata:hr>168</gpxdata:hr>
     <gpxdata:distance>1126.50</gpxdata:distance>
     <gpxdata:cadence>80</gpxdata:cadence>
     <gpxdata:speed>3.808</gpxdata:speed>
    </extensions>
   </trkpt>
   <trkpt lat="47.2209717" lon="38.9266481">
    <ele>13</ele>
    <time>2026-08-30T05:08:49Z</time>
    <extensions>
     <gpxdata:hr>168</gpxdata:hr>
     <gpxdata:distance>1132.00</gpxdata:distance>
     <gpxdata:cadence>80</gpxdata:cadence>
     <gpxdata:speed>3.811</gpxdata:speed>
    </extensions>
   </trkpt>
   <trkpt lat="47.2209568" lon="38.9266032">
    <ele>13</ele>
    <time>2026-08-30T05:08:50Z</time>
    <extensions>
     <gpxdata:hr>168</gpxdata:hr>
     <gpxdata:distance>1135.00</gpxdata:distance>
     <gpxdata:cadence>80</gpxdata:cadence>
     <gpxdata:speed>3.806</gpxdata:speed>
    </extensions>
   </trkpt>
   <trkpt lat="47.2209420" lon="38.9265583">
    <ele>13</ele>
    <time>2026-08-30T05:08:51Z</time>
    <extensions>
     <gpxdata:hr>168</gpxdata:hr>
     <gpxdata:distance>1138.00</gpxdata:distance>
     <gpxdata:cadence>80</gpxdata:cadence>
     <gpxdata:speed>3.800</gpxdata:speed>
    </extensions>
   </trkpt>
   <trkpt lat="47.2209169" lon="38.9265207">
    <ele>13</ele>
    <time>2026-08-30T05:08:52Z</time>
    <extensions>
     <gpxdata:hr>168</gpxdata:hr>
     <gpxdata:distance>1142.00</gpxdata:distance>
     <gpxdata:cadence>80</gpxdata:cadence>
     <gpxdata:speed>3.786</gpxdata:speed>
    </extensions>
   </trkpt>
   <trkpt lat="47.2208918" lon="38.9264832">
    <ele>13</ele>
    <time>2026-08-30T05:08:53Z</time>
    <extensions>
     <gpxdata:hr>168</gpxdata:hr>
     <gpxdata:distance>1146.00</gpxdata:distance>
     <gpxdata:cadence>80</gpxdata:cadence>
     <gpxdata:speed>3.772</gpxdata:speed>
    </extensions>
   </trkpt>
   <trkpt lat="47.2208640" lon="38.9264453">
    <ele>13</ele>
    <time>2026-08-30T05:08:54Z</time>
    <extensions>
     <gpxdata:hr>169</gpxdata:hr>
     <gpxdata:distance>1149.00</gpxdata:distance>
     <gpxdata:cadence>80</gpxdata:cadence>
     <gpxdata:speed>3.786</gpxdata:speed>
    </extensions>
   </trkpt>
   <trkpt lat="47.2208363" lon="38.9264075">
    <ele>13</ele>
    <time>2026-08-30T05:08:55Z</time>
    <extensions>
     <gpxdata:hr>169</gpxdata:hr>
     <gpxdata:distance>1152.00</gpxdata:distance>
     <gpxdata:cadence>81</gpxdata:cadence>
     <gpxdata:speed>3.803</gpxdata:speed>
    </extensions>
   </trkpt>
   <trkpt lat="47.2208087" lon="38.9263713">
    <ele>13</ele>
    <time>2026-08-30T05:08:56Z</time>
    <extensions>
     <gpxdata:hr>169</gpxdata:hr>
     <gpxdata:distance>1156.50</gpxdata:distance>
     <gpxdata:cadence>81</gpxdata:cadence>
     <gpxdata:speed>3.831</gpxdata:speed>
    </extensions>
   </trkpt>
   <trkpt lat="47.2207811" lon="38.9263351">
    <ele>13</ele>
    <time>2026-08-30T05:08:57Z</time>
    <extensions>
     <gpxdata:hr>168</gpxdata:hr>
     <gpxdata:distance>1161.00</gpxdata:distance>
     <gpxdata:cadence>82</gpxdata:cadence>
     <gpxdata:speed>3.861</gpxdata:speed>
    </extensions>
   </trkpt>
   <trkpt lat="47.2207532" lon="38.9262998">
    <ele>13</ele>
    <time>2026-08-30T05:08:58Z</time>
    <extensions>
     <gpxdata:hr>169</gpxdata:hr>
     <gpxdata:distance>1165.50</gpxdata:distance>
     <gpxdata:cadence>82</gpxdata:cadence>
     <gpxdata:speed>3.903</gpxdata:speed>
    </extensions>
   </trkpt>
   <trkpt lat="47.2207254" lon="38.9262646">
    <ele>13</ele>
    <time>2026-08-30T05:08:59Z</time>
    <extensions>
     <gpxdata:hr>168</gpxdata:hr>
     <gpxdata:distance>1170.00</gpxdata:distance>
     <gpxdata:cadence>82</gpxdata:cadence>
     <gpxdata:speed>3.947</gpxdata:speed>
    </extensions>
   </trkpt>
   <trkpt lat="47.2206978" lon="38.9262298">
    <ele>13</ele>
    <time>2026-08-30T05:09:00Z</time>
    <extensions>
     <gpxdata:hr>169</gpxdata:hr>
     <gpxdata:distance>1174.50</gpxdata:distance>
     <gpxdata:cadence>82</gpxdata:cadence>
     <gpxdata:speed>4.003</gpxdata:speed>
    </extensions>
   </trkpt>
   <trkpt lat="47.2206703" lon="38.9261950">
    <ele>13</ele>
    <time>2026-08-30T05:09:01Z</time>
    <extensions>
     <gpxdata:hr>169</gpxdata:hr>
     <gpxdata:distance>1179.00</gpxdata:distance>
     <gpxdata:cadence>82</gpxdata:cadence>
     <gpxdata:speed>4.061</gpxdata:speed>
    </extensions>
   </trkpt>
   <trkpt lat="47.2206441" lon="38.9261608">
    <ele>13</ele>
    <time>2026-08-30T05:09:02Z</time>
    <extensions>
     <gpxdata:hr>169</gpxdata:hr>
     <gpxdata:distance>1182.00</gpxdata:distance>
     <gpxdata:cadence>82</gpxdata:cadence>
     <gpxdata:speed>4.069</gpxdata:speed>
    </extensions>
   </trkpt>
   <trkpt lat="47.2206179" lon="38.9261267">
    <ele>13</ele>
    <time>2026-08-30T05:09:03Z</time>
    <extensions>
     <gpxdata:hr>169</gpxdata:hr>
     <gpxdata:distance>1185.00</gpxdata:distance>
     <gpxdata:cadence>82</gpxdata:cadence>
     <gpxdata:speed>4.081</gpxdata:speed>
    </extensions>
   </trkpt>
   <trkpt lat="47.2205929" lon="38.9260946">
    <ele>13</ele>
    <time>2026-08-30T05:09:04Z</time>
    <extensions>
     <gpxdata:hr>169</gpxdata:hr>
     <gpxdata:distance>1189.00</gpxdata:distance>
     <gpxdata:cadence>82</gpxdata:cadence>
     <gpxdata:speed>4.078</gpxdata:speed>
    </extensions>
   </trkpt>
   <trkpt lat="47.2205679" lon="38.9260625">
    <ele>13</ele>
    <time>2026-08-30T05:09:05Z</time>
    <extensions>
     <gpxdata:hr>168</gpxdata:hr>
     <gpxdata:distance>1193.00</gpxdata:distance>
     <gpxdata:cadence>82</gpxdata:cadence>
     <gpxdata:speed>4.078</gpxdata:speed>
    </extensions>
   </trkpt>
   <trkpt lat="47.2205432" lon="38.9260299">
    <ele>13</ele>
    <time>2026-08-30T05:09:06Z</time>
    <extensions>
     <gpxdata:hr>168</gpxdata:hr>
     <gpxdata:distance>1197.50</gpxdata:distance>
     <gpxdata:cadence>82</gpxdata:cadence>
     <gpxdata:speed>4.058</gpxdata:speed>
    </extensions>
   </trkpt>
   <trkpt lat="47.2205186" lon="38.9259973">
    <ele>14</ele>
    <time>2026-08-30T05:09:07Z</time>
    <extensions>
     <gpxdata:hr>168</gpxdata:hr>
     <gpxdata:distance>1202.00</gpxdata:distance>
     <gpxdata:cadence>82</gpxdata:cadence>
     <gpxdata:speed>4.039</gpxdata:speed>
    </extensions>
   </trkpt>
   <trkpt lat="47.2204932" lon="38.9259640">
    <ele>14</ele>
    <time>2026-08-30T05:09:08Z</time>
    <extensions>
     <gpxdata:hr>168</gpxdata:hr>
     <gpxdata:distance>1206.50</gpxdata:distance>
     <gpxdata:cadence>82</gpxdata:cadence>
     <gpxdata:speed>3.994</gpxdata:speed>
    </extensions>
   </trkpt>
   <trkpt lat="47.2204678" lon="38.9259307">
    <ele>14</ele>
    <time>2026-08-30T05:09:09Z</time>
    <extensions>
     <gpxdata:hr>168</gpxdata:hr>
     <gpxdata:distance>1211.00</gpxdata:distance>
     <gpxdata:cadence>82</gpxdata:cadence>
     <gpxdata:speed>3.953</gpxdata:speed>
    </extensions>
   </trkpt>
   <trkpt lat="47.2204421" lon="38.9258949">
    <ele>14</ele>
    <time>2026-08-30T05:09:10Z</time>
    <extensions>
     <gpxdata:hr>168</gpxdata:hr>
     <gpxdata:distance>1213.50</gpxdata:distance>
     <gpxdata:cadence>82</gpxdata:cadence>
     <gpxdata:speed>3.942</gpxdata:speed>
    </extensions>
   </trkpt>
   <trkpt lat="47.2204165" lon="38.9258592">
    <ele>14</ele>
    <time>2026-08-30T05:09:11Z</time>
    <extensions>
     <gpxdata:hr>168</gpxdata:hr>
     <gpxdata:distance>1216.00</gpxdata:distance>
     <gpxdata:cadence>82</gpxdata:cadence>
     <gpxdata:speed>3.933</gpxdata:speed>
    </extensions>
   </trkpt>
   <trkpt lat="47.2203929" lon="38.9258222">
    <ele>14</ele>
    <time>2026-08-30T05:09:12Z</time>
    <extensions>
     <gpxdata:hr>168</gpxdata:hr>
     <gpxdata:distance>1220.50</gpxdata:distance>
     <gpxdata:cadence>82</gpxdata:cadence>
     <gpxdata:speed>3.933</gpxdata:speed>
    </extensions>
   </trkpt>
   <trkpt lat="47.2203694" lon="38.9257852">
    <ele>14</ele>
    <time>2026-08-30T05:09:13Z</time>
    <extensions>
     <gpxdata:hr>168</gpxdata:hr>
     <gpxdata:distance>1225.00</gpxdata:distance>
     <gpxdata:cadence>82</gpxdata:cadence>
     <gpxdata:speed>3.933</gpxdata:speed>
    </extensions>
   </trkpt>
   <trkpt lat="47.2203494" lon="38.9257453">
    <ele>14</ele>
    <time>2026-08-30T05:09:14Z</time>
    <extensions>
     <gpxdata:hr>168</gpxdata:hr>
     <gpxdata:distance>1229.50</gpxdata:distance>
     <gpxdata:cadence>82</gpxdata:cadence>
     <gpxdata:speed>3.933</gpxdata:speed>
    </extensions>
   </trkpt>
   <trkpt lat="47.2203294" lon="38.9257054">
    <ele>14</ele>
    <time>2026-08-30T05:09:15Z</time>
    <extensions>
     <gpxdata:hr>168</gpxdata:hr>
     <gpxdata:distance>1234.00</gpxdata:distance>
     <gpxdata:cadence>82</gpxdata:cadence>
     <gpxdata:speed>3.933</gpxdata:speed>
    </extensions>
   </trkpt>
   <trkpt lat="47.2203133" lon="38.9256613">
    <ele>14</ele>
    <time>2026-08-30T05:09:16Z</time>
    <extensions>
     <gpxdata:hr>168</gpxdata:hr>
     <gpxdata:distance>1238.00</gpxdata:distance>
     <gpxdata:cadence>82</gpxdata:cadence>
     <gpxdata:speed>3.933</gpxdata:speed>
    </extensions>
   </trkpt>
   <trkpt lat="47.2202972" lon="38.9256173">
    <ele>14</ele>
    <time>2026-08-30T05:09:17Z</time>
    <extensions>
     <gpxdata:hr>168</gpxdata:hr>
     <gpxdata:distance>1242.00</gpxdata:distance>
     <gpxdata:cadence>81</gpxdata:cadence>
     <gpxdata:speed>3.933</gpxdata:speed>
    </extensions>
   </trkpt>
   <trkpt lat="47.2202837" lon="38.9255709">
    <ele>14</ele>
    <time>2026-08-30T05:09:18Z</time>
    <extensions>
     <gpxdata:hr>168</gpxdata:hr>
     <gpxdata:distance>1245.00</gpxdata:distance>
     <gpxdata:cadence>81</gpxdata:cadence>
     <gpxdata:speed>3.922</gpxdata:speed>
    </extensions>
   </trkpt>
   <trkpt lat="47.2202703" lon="38.9255246">
    <ele>14</ele>
    <time>2026-08-30T05:09:19Z</time>
    <extensions>
     <gpxdata:hr>168</gpxdata:hr>
     <gpxdata:distance>1248.00</gpxdata:distance>
     <gpxdata:cadence>81</gpxdata:cadence>
     <gpxdata:speed>3.914</gpxdata:speed>
    </extensions>
   </trkpt>
   <trkpt lat="47.2202585" lon="38.9254778">
    <ele>14</ele>
    <time>2026-08-30T05:09:20Z</time>
    <extensions>
     <gpxdata:hr>168</gpxdata:hr>
     <gpxdata:distance>1252.50</gpxdata:distance>
     <gpxdata:cadence>81</gpxdata:cadence>
     <gpxdata:speed>3.894</gpxdata:speed>
    </extensions>
   </trkpt>
   <trkpt lat="47.2202467" lon="38.9254311">
    <ele>14</ele>
    <time>2026-08-30T05:09:21Z</time>
    <extensions>
     <gpxdata:hr>168</gpxdata:hr>
     <gpxdata:distance>1257.00</gpxdata:distance>
     <gpxdata:cadence>81</gpxdata:cadence>
     <gpxdata:speed>3.875</gpxdata:speed>
    </extensions>
   </trkpt>
   <trkpt lat="47.2202365" lon="38.9253861">
    <ele>15</ele>
    <time>2026-08-30T05:09:22Z</time>
    <extensions>
     <gpxdata:hr>169</gpxdata:hr>
     <gpxdata:distance>1259.50</gpxdata:distance>
     <gpxdata:cadence>81</gpxdata:cadence>
     <gpxdata:speed>3.864</gpxdata:speed>
    </extensions>
   </trkpt>
   <trkpt lat="47.2202264" lon="38.9253411">
    <ele>15</ele>
    <time>2026-08-30T05:09:23Z</time>
    <extensions>
     <gpxdata:hr>169</gpxdata:hr>
     <gpxdata:distance>1262.00</gpxdata:distance>
     <gpxdata:cadence>81</gpxdata:cadence>
     <gpxdata:speed>3.856</gpxdata:speed>
    </extensions>
   </trkpt>
   <trkpt lat="47.2202208" lon="38.9252973">
    <ele>15</ele>
    <time>2026-08-30T05:09:24Z</time>
    <extensions>
     <gpxdata:hr>169</gpxdata:hr>
     <gpxdata:distance>1267.50</gpxdata:distance>
     <gpxdata:cadence>80</gpxdata:cadence>
     <gpxdata:speed>3.828</gpxdata:speed>
    </extensions>
   </trkpt>
   <trkpt lat="47.2202153" lon="38.9252536">
    <ele>15</ele>
    <time>2026-08-30T05:09:25Z</time>
    <extensions>
     <gpxdata:hr>169</gpxdata:hr>
     <gpxdata:distance>1273.00</gpxdata:distance>
     <gpxdata:cadence>80</gpxdata:cadence>
     <gpxdata:speed>3.800</gpxdata:speed>
    </extensions>
   </trkpt>
   <trkpt lat="47.2202204" lon="38.9252113">
    <ele>15</ele>
    <time>2026-08-30T05:09:26Z</time>
    <extensions>
     <gpxdata:hr>168</gpxdata:hr>
     <gpxdata:distance>1276.00</gpxdata:distance>
     <gpxdata:cadence>80</gpxdata:cadence>
     <gpxdata:speed>3.794</gpxdata:speed>
    </extensions>
   </trkpt>
   <trkpt lat="47.2202256" lon="38.9251691">
    <ele>15</ele>
    <time>2026-08-30T05:09:27Z</time>
    <extensions>
     <gpxdata:hr>168</gpxdata:hr>
     <gpxdata:distance>1279.00</gpxdata:distance>
     <gpxdata:cadence>81</gpxdata:cadence>
     <gpxdata:speed>3.789</gpxdata:speed>
    </extensions>
   </trkpt>
   <trkpt lat="47.2202434" lon="38.9251294">
    <ele>15</ele>
    <time>2026-08-30T05:09:28Z</time>
    <extensions>
     <gpxdata:hr>168</gpxdata:hr>
     <gpxdata:distance>1283.00</gpxdata:distance>
     <gpxdata:cadence>81</gpxdata:cadence>
     <gpxdata:speed>3.772</gpxdata:speed>
    </extensions>
   </trkpt>
   <trkpt lat="47.2202612" lon="38.9250897">
    <ele>15</ele>
    <time>2026-08-30T05:09:29Z</time>
    <extensions>
     <gpxdata:hr>168</gpxdata:hr>
     <gpxdata:distance>1287.00</gpxdata:distance>
     <gpxdata:cadence>81</gpxdata:cadence>
     <gpxdata:speed>3.758</gpxdata:speed>
    </extensions>
   </trkpt>
   <trkpt lat="47.2202874" lon="38.9250535">
    <ele>15</ele>
    <time>2026-08-30T05:09:30Z</time>
    <extensions>
     <gpxdata:hr>168</gpxdata:hr>
     <gpxdata:distance>1290.00</gpxdata:distance>
     <gpxdata:cadence>81</gpxdata:cadence>
     <gpxdata:speed>3.761</gpxdata:speed>
    </extensions>
   </trkpt>
   <trkpt lat="47.2203136" lon="38.9250174">
    <ele>15</ele>
    <time>2026-08-30T05:09:31Z</time>
    <extensions>
     <gpxdata:hr>168</gpxdata:hr>
     <gpxdata:distance>1293.00</gpxdata:distance>
     <gpxdata:cadence>81</gpxdata:cadence>
     <gpxdata:speed>3.764</gpxdata:speed>
    </extensions>
   </trkpt>
   <trkpt lat="47.2203442" lon="38.9249816">
    <ele>15</ele>
    <time>2026-08-30T05:09:32Z</time>
    <extensions>
     <gpxdata:hr>168</gpxdata:hr>
     <gpxdata:distance>1297.50</gpxdata:distance>
     <gpxdata:cadence>80</gpxdata:cadence>
     <gpxdata:speed>3.783</gpxdata:speed>
    </extensions>
   </trkpt>
   <trkpt lat="47.2203749" lon="38.9249459">
    <ele>15</ele>
    <time>2026-08-30T05:09:33Z</time>
    <extensions>
     <gpxdata:hr>168</gpxdata:hr>
     <gpxdata:distance>1302.00</gpxdata:distance>
     <gpxdata:cadence>80</gpxdata:cadence>
     <gpxdata:speed>3.803</gpxdata:speed>
    </extensions>
   </trkpt>
   <trkpt lat="47.2204042" lon="38.9249131">
    <ele>15</ele>
    <time>2026-08-30T05:09:34Z</time>
    <extensions>
     <gpxdata:hr>168</gpxdata:hr>
     <gpxdata:distance>1306.00</gpxdata:distance>
     <gpxdata:cadence>80</gpxdata:cadence>
     <gpxdata:speed>3.803</gpxdata:speed>
    </extensions>
   </trkpt>
   <trkpt lat="47.2204336" lon="38.9248803">
    <ele>15</ele>
    <time>2026-08-30T05:09:35Z</time>
    <extensions>
     <gpxdata:hr>168</gpxdata:hr>
     <gpxdata:distance>1310.00</gpxdata:distance>
     <gpxdata:cadence>80</gpxdata:cadence>
     <gpxdata:speed>3.806</gpxdata:speed>
    </extensions>
   </trkpt>
   <trkpt lat="47.2204609" lon="38.9248527">
    <ele>15</ele>
    <time>2026-08-30T05:09:36Z</time>
    <extensions>
     <gpxdata:hr>168</gpxdata:hr>
     <gpxdata:distance>1314.00</gpxdata:distance>
     <gpxdata:cadence>80</gpxdata:cadence>
     <gpxdata:speed>3.811</gpxdata:speed>
    </extensions>
   </trkpt>
   <trkpt lat="47.2204882" lon="38.9248251">
    <ele>15</ele>
    <time>2026-08-30T05:09:37Z</time>
    <extensions>
     <gpxdata:hr>168</gpxdata:hr>
     <gpxdata:distance>1318.00</gpxdata:distance>
     <gpxdata:cadence>80</gpxdata:cadence>
     <gpxdata:speed>3.817</gpxdata:speed>
    </extensions>
   </trkpt>
   <trkpt lat="47.2205143" lon="38.9247995">
    <ele>15</ele>
    <time>2026-08-30T05:09:38Z</time>
    <extensions>
     <gpxdata:hr>168</gpxdata:hr>
     <gpxdata:distance>1321.00</gpxdata:distance>
     <gpxdata:cadence>80</gpxdata:cadence>
     <gpxdata:speed>3.819</gpxdata:speed>
    </extensions>
   </trkpt>
   <trkpt lat="47.2205405" lon="38.9247739">
    <ele>15</ele>
    <time>2026-08-30T05:09:39Z</time>
    <extensions>
     <gpxdata:hr>168</gpxdata:hr>
     <gpxdata:distance>1324.00</gpxdata:distance>
     <gpxdata:cadence>80</gpxdata:cadence>
     <gpxdata:speed>3.825</gpxdata:speed>
    </extensions>
   </trkpt>
   <trkpt lat="47.2205676" lon="38.9247518">
    <ele>15</ele>
    <time>2026-08-30T05:09:40Z</time>
    <extensions>
     <gpxdata:hr>168</gpxdata:hr>
     <gpxdata:distance>1328.50</gpxdata:distance>
     <gpxdata:cadence>80</gpxdata:cadence>
     <gpxdata:speed>3.800</gpxdata:speed>
    </extensions>
   </trkpt>
   <trkpt lat="47.2205947" lon="38.9247297">
    <ele>15</ele>
    <time>2026-08-30T05:09:41Z</time>
    <extensions>
     <gpxdata:hr>168</gpxdata:hr>
     <gpxdata:distance>1333.00</gpxdata:distance>
     <gpxdata:cadence>79</gpxdata:cadence>
     <gpxdata:speed>3.778</gpxdata:speed>
    </extensions>
   </trkpt>
   <trkpt lat="47.2206248" lon="38.9247198">
    <ele>15</ele>
    <time>2026-08-30T05:09:42Z</time>
    <extensions>
     <gpxdata:hr>168</gpxdata:hr>
     <gpxdata:distance>1335.50</gpxdata:distance>
     <gpxdata:cadence>79</gpxdata:cadence>
     <gpxdata:speed>3.767</gpxdata:speed>
    </extensions>
   </trkpt>
   <trkpt lat="47.2206550" lon="38.9247099">
    <ele>15</ele>
    <time>2026-08-30T05:09:43Z</time>
    <extensions>
     <gpxdata:hr>169</gpxdata:hr>
     <gpxdata:distance>1338.00</gpxdata:distance>
     <gpxdata:cadence>79</gpxdata:cadence>
     <gpxdata:speed>3.756</gpxdata:speed>
    </extensions>
   </trkpt>
   <trkpt lat="47.2206834" lon="38.9247201">
    <ele>15</ele>
    <time>2026-08-30T05:09:44Z</time>
    <extensions>
     <gpxdata:hr>169</gpxdata:hr>
     <gpxdata:distance>1342.00</gpxdata:distance>
     <gpxdata:cadence>79</gpxdata:cadence>
     <gpxdata:speed>3.744</gpxdata:speed>
    </extensions>
   </trkpt>
   <trkpt lat="47.2207119" lon="38.9247303">
    <ele>15</ele>
    <time>2026-08-30T05:09:45Z</time>
    <extensions>
     <gpxdata:hr>169</gpxdata:hr>
     <gpxdata:distance>1346.00</gpxdata:distance>
     <gpxdata:cadence>79</gpxdata:cadence>
     <gpxdata:speed>3.736</gpxdata:speed>
    </extensions>
   </trkpt>
   <trkpt lat="47.2207341" lon="38.9247598">
    <ele>15</ele>
    <time>2026-08-30T05:09:46Z</time>
    <extensions>
     <gpxdata:hr>169</gpxdata:hr>
     <gpxdata:distance>1349.00</gpxdata:distance>
     <gpxdata:cadence>79</gpxdata:cadence>
     <gpxdata:speed>3.711</gpxdata:speed>
    </extensions>
   </trkpt>
   <trkpt lat="47.2207563" lon="38.9247893">
    <ele>15</ele>
    <time>2026-08-30T05:09:47Z</time>
    <extensions>
     <gpxdata:hr>169</gpxdata:hr>
     <gpxdata:distance>1352.00</gpxdata:distance>
     <gpxdata:cadence>79</gpxdata:cadence>
     <gpxdata:speed>3.686</gpxdata:speed>
    </extensions>
   </trkpt>
   <trkpt lat="47.2207729" lon="38.9248327">
    <ele>15</ele>
    <time>2026-08-30T05:09:48Z</time>
    <extensions>
     <gpxdata:hr>169</gpxdata:hr>
     <gpxdata:distance>1357.50</gpxdata:distance>
     <gpxdata:cadence>79</gpxdata:cadence>
     <gpxdata:speed>3.661</gpxdata:speed>
    </extensions>
   </trkpt>
   <trkpt lat="47.2207895" lon="38.9248761">
    <ele>15</ele>
    <time>2026-08-30T05:09:49Z</time>
    <extensions>
     <gpxdata:hr>169</gpxdata:hr>
     <gpxdata:distance>1363.00</gpxdata:distance>
     <gpxdata:cadence>79</gpxdata:cadence>
     <gpxdata:speed>3.639</gpxdata:speed>
    </extensions>
   </trkpt>
   <trkpt lat="47.2208059" lon="38.9249231">
    <ele>15</ele>
    <time>2026-08-30T05:09:50Z</time>
    <extensions>
     <gpxdata:hr>170</gpxdata:hr>
     <gpxdata:distance>1365.50</gpxdata:distance>
     <gpxdata:cadence>79</gpxdata:cadence>
     <gpxdata:speed>3.631</gpxdata:speed>
    </extensions>
   </trkpt>
   <trkpt lat="47.2208223" lon="38.9249701">
    <ele>15</ele>
    <time>2026-08-30T05:09:51Z</time>
    <extensions>
     <gpxdata:hr>170</gpxdata:hr>
     <gpxdata:distance>1368.00</gpxdata:distance>
     <gpxdata:cadence>79</gpxdata:cadence>
     <gpxdata:speed>3.622</gpxdata:speed>
    </extensions>
   </trkpt>
   <trkpt lat="47.2208385" lon="38.9250161">
    <ele>15</ele>
    <time>2026-08-30T05:09:52Z</time>
    <extensions>
     <gpxdata:hr>170</gpxdata:hr>
     <gpxdata:distance>1372.00</gpxdata:distance>
     <gpxdata:cadence>79</gpxdata:cadence>
     <gpxdata:speed>3.617</gpxdata:speed>
    </extensions>
   </trkpt>
   <trkpt lat="47.2208548" lon="38.9250622">
    <ele>14</ele>
    <time>2026-08-30T05:09:53Z</time>
    <extensions>
     <gpxdata:hr>170</gpxdata:hr>
     <gpxdata:distance>1376.00</gpxdata:distance>
     <gpxdata:cadence>80</gpxdata:cadence>
     <gpxdata:speed>3.614</gpxdata:speed>
    </extensions>
   </trkpt>
   <trkpt lat="47.2208707" lon="38.9251066">
    <ele>14</ele>
    <time>2026-08-30T05:09:54Z</time>
    <extensions>
     <gpxdata:hr>170</gpxdata:hr>
     <gpxdata:distance>1379.00</gpxdata:distance>
     <gpxdata:cadence>79</gpxdata:cadence>
     <gpxdata:speed>3.622</gpxdata:speed>
    </extensions>
   </trkpt>
   <trkpt lat="47.2208866" lon="38.9251510">
    <ele>14</ele>
    <time>2026-08-30T05:09:55Z</time>
    <extensions>
     <gpxdata:hr>170</gpxdata:hr>
     <gpxdata:distance>1382.00</gpxdata:distance>
     <gpxdata:cadence>79</gpxdata:cadence>
     <gpxdata:speed>3.631</gpxdata:speed>
    </extensions>
   </trkpt>
   <trkpt lat="47.2209032" lon="38.9251949">
    <ele>14</ele>
    <time>2026-08-30T05:09:56Z</time>
    <extensions>
     <gpxdata:hr>170</gpxdata:hr>
     <gpxdata:distance>1386.50</gpxdata:distance>
     <gpxdata:cadence>79</gpxdata:cadence>
     <gpxdata:speed>3.656</gpxdata:speed>
    </extensions>
   </trkpt>
   <trkpt lat="47.2209199" lon="38.9252388">
    <ele>14</ele>
    <time>2026-08-30T05:09:57Z</time>
    <extensions>
     <gpxdata:hr>170</gpxdata:hr>
     <gpxdata:distance>1391.00</gpxdata:distance>
     <gpxdata:cadence>80</gpxdata:cadence>
     <gpxdata:speed>3.681</gpxdata:speed>
    </extensions>
   </trkpt>
   <trkpt lat="47.2209377" lon="38.9252828">
    <ele>14</ele>
    <time>2026-08-30T05:09:58Z</time>
    <extensions>
     <gpxdata:hr>170</gpxdata:hr>
     <gpxdata:distance>1393.50</gpxdata:distance>
     <gpxdata:cadence>80</gpxdata:cadence>
     <gpxdata:speed>3.697</gpxdata:speed>
    </extensions>
   </trkpt>
   <trkpt lat="47.2209555" lon="38.9253269">
    <ele>14</ele>
    <time>2026-08-30T05:09:59Z</time>
    <extensions>
     <gpxdata:hr>170</gpxdata:hr>
     <gpxdata:distance>1396.00</gpxdata:distance>
     <gpxdata:cadence>80</gpxdata:cadence>
     <gpxdata:speed>3.717</gpxdata:speed>
    </extensions>
   </trkpt>
   <trkpt lat="47.2209728" lon="38.9253711">
    <ele>14</ele>
    <time>2026-08-30T05:10:00Z</time>
    <extensions>
     <gpxdata:hr>169</gpxdata:hr>
     <gpxdata:distance>1402.00</gpxdata:distance>
     <gpxdata:cadence>80</gpxdata:cadence>
     <gpxdata:speed>3.758</gpxdata:speed>
    </extensions>
   </trkpt>
   <trkpt lat="47.2209902" lon="38.9254153">
    <ele>14</ele>
    <time>2026-08-30T05:10:01Z</time>
    <extensions>
     <gpxdata:hr>169</gpxdata:hr>
     <gpxdata:distance>1408.00</gpxdata:distance>
     <gpxdata:cadence>80</gpxdata:cadence>
     <gpxdata:speed>3.803</gpxdata:speed>
    </extensions>
   </trkpt>
   <trkpt lat="47.2210071" lon="38.9254625">
    <ele>14</ele>
    <time>2026-08-30T05:10:02Z</time>
    <extensions>
     <gpxdata:hr>169</gpxdata:hr>
     <gpxdata:distance>1411.00</gpxdata:distance>
     <gpxdata:cadence>80</gpxdata:cadence>
     <gpxdata:speed>3.817</gpxdata:speed>
    </extensions>
   </trkpt>
   <trkpt lat="47.2210240" lon="38.9255097">
    <ele>14</ele>
    <time>2026-08-30T05:10:03Z</time>
    <extensions>
     <gpxdata:hr>169</gpxdata:hr>
     <gpxdata:distance>1414.00</gpxdata:distance>
     <gpxdata:cadence>80</gpxdata:cadence>
     <gpxdata:speed>3.833</gpxdata:speed>
    </extensions>
   </trkpt>
   <trkpt lat="47.2210395" lon="38.9255568">
    <ele>14</ele>
    <time>2026-08-30T05:10:04Z</time>
    <extensions>
     <gpxdata:hr>169</gpxdata:hr>
     <gpxdata:distance>1418.50</gpxdata:distance>
     <gpxdata:cadence>80</gpxdata:cadence>
     <gpxdata:speed>3.856</gpxdata:speed>
    </extensions>
   </trkpt>
   <trkpt lat="47.2210550" lon="38.9256040">
    <ele>14</ele>
    <time>2026-08-30T05:10:05Z</time>
    <extensions>
     <gpxdata:hr>169</gpxdata:hr>
     <gpxdata:distance>1423.00</gpxdata:distance>
     <gpxdata:cadence>80</gpxdata:cadence>
     <gpxdata:speed>3.881</gpxdata:speed>
    </extensions>
   </trkpt>
   <trkpt lat="47.2210703" lon="38.9256494">
    <ele>14</ele>
    <time>2026-08-30T05:10:06Z</time>
    <extensions>
     <gpxdata:hr>169</gpxdata:hr>
     <gpxdata:distance>1425.50</gpxdata:distance>
     <gpxdata:cadence>80</gpxdata:cadence>
     <gpxdata:speed>3.892</gpxdata:speed>
    </extensions>
   </trkpt>
   <trkpt lat="47.2210856" lon="38.9256948">
    <ele>14</ele>
    <time>2026-08-30T05:10:07Z</time>
    <extensions>
     <gpxdata:hr>169</gpxdata:hr>
     <gpxdata:distance>1428.00</gpxdata:distance>
     <gpxdata:cadence>80</gpxdata:cadence>
     <gpxdata:speed>3.903</gpxdata:speed>
    </extensions>
   </trkpt>
   <trkpt lat="47.2211022" lon="38.9257358">
    <ele>13</ele>
    <time>2026-08-30T05:10:08Z</time>
    <extensions>
     <gpxdata:hr>169</gpxdata:hr>
     <gpxdata:distance>1432.50</gpxdata:distance>
     <gpxdata:cadence>80</gpxdata:cadence>
     <gpxdata:speed>3.906</gpxdata:speed>
    </extensions>
   </trkpt>
   <trkpt lat="47.2211189" lon="38.9257769">
    <ele>13</ele>
    <time>2026-08-30T05:10:09Z</time>
    <extensions>
     <gpxdata:hr>169</gpxdata:hr>
     <gpxdata:distance>1437.00</gpxdata:distance>
     <gpxdata:cadence>80</gpxdata:cadence>
     <gpxdata:speed>3.911</gpxdata:speed>
    </extensions>
   </trkpt>
   <trkpt lat="47.2211362" lon="38.9258172">
    <ele>13</ele>
    <time>2026-08-30T05:10:10Z</time>
    <extensions>
     <gpxdata:hr>169</gpxdata:hr>
     <gpxdata:distance>1441.50</gpxdata:distance>
     <gpxdata:cadence>80</gpxdata:cadence>
     <gpxdata:speed>3.906</gpxdata:speed>
    </extensions>
   </trkpt>
   <trkpt lat="47.2211535" lon="38.9258576">
    <ele>13</ele>
    <time>2026-08-30T05:10:11Z</time>
    <extensions>
     <gpxdata:hr>169</gpxdata:hr>
     <gpxdata:distance>1446.00</gpxdata:distance>
     <gpxdata:cadence>80</gpxdata:cadence>
     <gpxdata:speed>3.900</gpxdata:speed>
    </extensions>
   </trkpt>
   <trkpt lat="47.2211702" lon="38.9259022">
    <ele>13</ele>
    <time>2026-08-30T05:10:12Z</time>
    <extensions>
     <gpxdata:hr>169</gpxdata:hr>
     <gpxdata:distance>1450.50</gpxdata:distance>
     <gpxdata:cadence>80</gpxdata:cadence>
     <gpxdata:speed>3.894</gpxdata:speed>
    </extensions>
   </trkpt>
   <trkpt lat="47.2211869" lon="38.9259469">
    <ele>13</ele>
    <time>2026-08-30T05:10:13Z</time>
    <extensions>
     <gpxdata:hr>169</gpxdata:hr>
     <gpxdata:distance>1455.00</gpxdata:distance>
     <gpxdata:cadence>80</gpxdata:cadence>
     <gpxdata:speed>3.889</gpxdata:speed>
    </extensions>
   </trkpt>
   <trkpt lat="47.2212023" lon="38.9259919">
    <ele>13</ele>
    <time>2026-08-30T05:10:14Z</time>
    <extensions>
     <gpxdata:hr>169</gpxdata:hr>
     <gpxdata:distance>1457.50</gpxdata:distance>
     <gpxdata:cadence>80</gpxdata:cadence>
     <gpxdata:speed>3.883</gpxdata:speed>
    </extensions>
   </trkpt>
   <trkpt lat="47.2212177" lon="38.9260369">
    <ele>13</ele>
    <time>2026-08-30T05:10:15Z</time>
    <extensions>
     <gpxdata:hr>169</gpxdata:hr>
     <gpxdata:distance>1460.00</gpxdata:distance>
     <gpxdata:cadence>80</gpxdata:cadence>
     <gpxdata:speed>3.881</gpxdata:speed>
    </extensions>
   </trkpt>
   <trkpt lat="47.2212295" lon="38.9260812">
    <ele>13</ele>
    <time>2026-08-30T05:10:16Z</time>
    <extensions>
     <gpxdata:hr>169</gpxdata:hr>
     <gpxdata:distance>1464.50</gpxdata:distance>
     <gpxdata:cadence>80</gpxdata:cadence>
     <gpxdata:speed>3.881</gpxdata:speed>
    </extensions>
   </trkpt>
   <trkpt lat="47.2212414" lon="38.9261256">
    <ele>13</ele>
    <time>2026-08-30T05:10:17Z</time>
    <extensions>
     <gpxdata:hr>169</gpxdata:hr>
     <gpxdata:distance>1469.00</gpxdata:distance>
     <gpxdata:cadence>80</gpxdata:cadence>
     <gpxdata:speed>3.881</gpxdata:speed>
    </extensions>
   </trkpt>
   <trkpt lat="47.2212460" lon="38.9261717">
    <ele>13</ele>
    <time>2026-08-30T05:10:18Z</time>
    <extensions>
     <gpxdata:hr>169</gpxdata:hr>
     <gpxdata:distance>1472.00</gpxdata:distance>
     <gpxdata:cadence>80</gpxdata:cadence>
     <gpxdata:speed>3.889</gpxdata:speed>
    </extensions>
   </trkpt>
   <trkpt lat="47.2212507" lon="38.9262178">
    <ele>13</ele>
    <time>2026-08-30T05:10:19Z</time>
    <extensions>
     <gpxdata:hr>169</gpxdata:hr>
     <gpxdata:distance>1475.00</gpxdata:distance>
     <gpxdata:cadence>80</gpxdata:cadence>
     <gpxdata:speed>3.900</gpxdata:speed>
    </extensions>
   </trkpt>
   <trkpt lat="47.2212471" lon="38.9262655">
    <ele>13</ele>
    <time>2026-08-30T05:10:20Z</time>
    <extensions>
     <gpxdata:hr>169</gpxdata:hr>
     <gpxdata:distance>1479.50</gpxdata:distance>
     <gpxdata:cadence>80</gpxdata:cadence>
     <gpxdata:speed>3.906</gpxdata:speed>
    </extensions>
   </trkpt>
   <trkpt lat="47.2212436" lon="38.9263133">
    <ele>13</ele>
    <time>2026-08-30T05:10:21Z</time>
    <extensions>
     <gpxdata:hr>169</gpxdata:hr>
     <gpxdata:distance>1484.00</gpxdata:distance>
     <gpxdata:cadence>80</gpxdata:cadence>
     <gpxdata:speed>3.914</gpxdata:speed>
    </extensions>
   </trkpt>
   <trkpt lat="47.2212339" lon="38.9263592">
    <ele>13</ele>
    <time>2026-08-30T05:10:22Z</time>
    <extensions>
     <gpxdata:hr>169</gpxdata:hr>
     <gpxdata:distance>1488.50</gpxdata:distance>
     <gpxdata:cadence>80</gpxdata:cadence>
     <gpxdata:speed>3.917</gpxdata:speed>
    </extensions>
   </trkpt>
   <trkpt lat="47.2212243" lon="38.9264052">
    <ele>13</ele>
    <time>2026-08-30T05:10:23Z</time>
    <extensions>
     <gpxdata:hr>168</gpxdata:hr>
     <gpxdata:distance>1493.00</gpxdata:distance>
     <gpxdata:cadence>80</gpxdata:cadence>
     <gpxdata:speed>3.922</gpxdata:speed>
    </extensions>
   </trkpt>
   <trkpt lat="47.2212067" lon="38.9264448">
    <ele>13</ele>
    <time>2026-08-30T05:10:24Z</time>
    <extensions>
     <gpxdata:hr>168</gpxdata:hr>
     <gpxdata:distance>1497.00</gpxdata:distance>
     <gpxdata:cadence>80</gpxdata:cadence>
     <gpxdata:speed>3.911</gpxdata:speed>
    </extensions>
   </trkpt>
   <trkpt lat="47.2211892" lon="38.9264845">
    <ele>13</ele>
    <time>2026-08-30T05:10:25Z</time>
    <extensions>
     <gpxdata:hr>169</gpxdata:hr>
     <gpxdata:distance>1501.00</gpxdata:distance>
     <gpxdata:cadence>80</gpxdata:cadence>
     <gpxdata:speed>3.903</gpxdata:speed>
    </extensions>
   </trkpt>
   <trkpt lat="47.2211657" lon="38.9265203">
    <ele>13</ele>
    <time>2026-08-30T05:10:26Z</time>
    <extensions>
     <gpxdata:hr>169</gpxdata:hr>
     <gpxdata:distance>1504.00</gpxdata:distance>
     <gpxdata:cadence>80</gpxdata:cadence>
     <gpxdata:speed>3.886</gpxdata:speed>
    </extensions>
   </trkpt>
   <trkpt lat="47.2211423" lon="38.9265562">
    <ele>13</ele>
    <time>2026-08-30T05:10:27Z</time>
    <extensions>
     <gpxdata:hr>169</gpxdata:hr>
     <gpxdata:distance>1507.00</gpxdata:distance>
     <gpxdata:cadence>80</gpxdata:cadence>
     <gpxdata:speed>3.872</gpxdata:speed>
    </extensions>
   </trkpt>
   <trkpt lat="47.2211148" lon="38.9265937">
    <ele>13</ele>
    <time>2026-08-30T05:10:28Z</time>
    <extensions>
     <gpxdata:hr>169</gpxdata:hr>
     <gpxdata:distance>1511.50</gpxdata:distance>
     <gpxdata:cadence>80</gpxdata:cadence>
     <gpxdata:speed>3.858</gpxdata:speed>
    </extensions>
   </trkpt>
   <trkpt lat="47.2210874" lon="38.9266313">
    <ele>13</ele>
    <time>2026-08-30T05:10:29Z</time>
    <extensions>
     <gpxdata:hr>169</gpxdata:hr>
     <gpxdata:distance>1516.00</gpxdata:distance>
     <gpxdata:cadence>80</gpxdata:cadence>
     <gpxdata:speed>3.844</gpxdata:speed>
    </extensions>
   </trkpt>
   <trkpt lat="47.2210588" lon="38.9266701">
    <ele>13</ele>
    <time>2026-08-30T05:10:30Z</time>
    <extensions>
     <gpxdata:hr>169</gpxdata:hr>
     <gpxdata:distance>1518.50</gpxdata:distance>
     <gpxdata:cadence>80</gpxdata:cadence>
     <gpxdata:speed>3.844</gpxdata:speed>
    </extensions>
   </trkpt>
   <trkpt lat="47.2210302" lon="38.9267089">
    <ele>13</ele>
    <time>2026-08-30T05:10:31Z</time>
    <extensions>
     <gpxdata:hr>169</gpxdata:hr>
     <gpxdata:distance>1521.00</gpxdata:distance>
     <gpxdata:cadence>80</gpxdata:cadence>
     <gpxdata:speed>3.844</gpxdata:speed>
    </extensions>
   </trkpt>
   <trkpt lat="47.2210042" lon="38.9267468">
    <ele>13</ele>
    <time>2026-08-30T05:10:32Z</time>
    <extensions>
     <gpxdata:hr>169</gpxdata:hr>
     <gpxdata:distance>1527.00</gpxdata:distance>
     <gpxdata:cadence>80</gpxdata:cadence>
     <gpxdata:speed>3.858</gpxdata:speed>
    </extensions>
   </trkpt>
   <trkpt lat="47.2209783" lon="38.9267847">
    <ele>13</ele>
    <time>2026-08-30T05:10:33Z</time>
    <extensions>
     <gpxdata:hr>169</gpxdata:hr>
     <gpxdata:distance>1533.00</gpxdata:distance>
     <gpxdata:cadence>80</gpxdata:cadence>
     <gpxdata:speed>3.875</gpxdata:speed>
    </extensions>
   </trkpt>
   <trkpt lat="47.2209532" lon="38.9268206">
    <ele>13</ele>
    <time>2026-08-30T05:10:34Z</time>
    <extensions>
     <gpxdata:hr>169</gpxdata:hr>
     <gpxdata:distance>1536.00</gpxdata:distance>
     <gpxdata:cadence>80</gpxdata:cadence>
     <gpxdata:speed>3.875</gpxdata:speed>
    </extensions>
   </trkpt>
   <trkpt lat="47.2209282" lon="38.9268566">
    <ele>13</ele>
    <time>2026-08-30T05:10:35Z</time>
    <extensions>
     <gpxdata:hr>169</gpxdata:hr>
     <gpxdata:distance>1539.00</gpxdata:distance>
     <gpxdata:cadence>80</gpxdata:cadence>
     <gpxdata:speed>3.875</gpxdata:speed>
    </extensions>
   </trkpt>
   <trkpt lat="47.2209030" lon="38.9268925">
    <ele>13</ele>
    <time>2026-08-30T05:10:36Z</time>
    <extensions>
     <gpxdata:hr>169</gpxdata:hr>
     <gpxdata:distance>1543.00</gpxdata:distance>
     <gpxdata:cadence>80</gpxdata:cadence>
     <gpxdata:speed>3.867</gpxdata:speed>
    </extensions>
   </trkpt>
   <trkpt lat="47.2208779" lon="38.9269284">
    <ele>13</ele>
    <time>2026-08-30T05:10:37Z</time>
    <extensions>
     <gpxdata:hr>169</gpxdata:hr>
     <gpxdata:distance>1547.00</gpxdata:distance>
     <gpxdata:cadence>80</gpxdata:cadence>
     <gpxdata:speed>3.858</gpxdata:speed>
    </extensions>
   </trkpt>
   <trkpt lat="47.2208536" lon="38.9269664">
    <ele>13</ele>
    <time>2026-08-30T05:10:38Z</time>
    <extensions>
     <gpxdata:hr>169</gpxdata:hr>
     <gpxdata:distance>1550.00</gpxdata:distance>
     <gpxdata:cadence>80</gpxdata:cadence>
     <gpxdata:speed>3.847</gpxdata:speed>
    </extensions>
   </trkpt>
   <trkpt lat="47.2208294" lon="38.9270044">
    <ele>13</ele>
    <time>2026-08-30T05:10:39Z</time>
    <extensions>
     <gpxdata:hr>169</gpxdata:hr>
     <gpxdata:distance>1553.00</gpxdata:distance>
     <gpxdata:cadence>80</gpxdata:cadence>
     <gpxdata:speed>3.839</gpxdata:speed>
    </extensions>
   </trkpt>
   <trkpt lat="47.2208044" lon="38.9270432">
    <ele>13</ele>
    <time>2026-08-30T05:10:40Z</time>
    <extensions>
     <gpxdata:hr>170</gpxdata:hr>
     <gpxdata:distance>1557.00</gpxdata:distance>
     <gpxdata:cadence>80</gpxdata:cadence>
     <gpxdata:speed>3.825</gpxdata:speed>
    </extensions>
   </trkpt>
   <trkpt lat="47.2207794" lon="38.9270820">
    <ele>13</ele>
    <time>2026-08-30T05:10:41Z</time>
    <extensions>
     <gpxdata:hr>169</gpxdata:hr>
     <gpxdata:distance>1561.00</gpxdata:distance>
     <gpxdata:cadence>80</gpxdata:cadence>
     <gpxdata:speed>3.811</gpxdata:speed>
    </extensions>
   </trkpt>
   <trkpt lat="47.2207560" lon="38.9271180">
    <ele>13</ele>
    <time>2026-08-30T05:10:42Z</time>
    <extensions>
     <gpxdata:hr>169</gpxdata:hr>
     <gpxdata:distance>1564.00</gpxdata:distance>
     <gpxdata:cadence>80</gpxdata:cadence>
     <gpxdata:speed>3.803</gpxdata:speed>
    </extensions>
   </trkpt>
   <trkpt lat="47.2207327" lon="38.9271541">
    <ele>13</ele>
    <time>2026-08-30T05:10:43Z</time>
    <extensions>
     <gpxdata:hr>169</gpxdata:hr>
     <gpxdata:distance>1567.00</gpxdata:distance>
     <gpxdata:cadence>81</gpxdata:cadence>
     <gpxdata:speed>3.794</gpxdata:speed>
    </extensions>
   </trkpt>
   <trkpt lat="47.2207126" lon="38.9271910">
    <ele>13</ele>
    <time>2026-08-30T05:10:44Z</time>
    <extensions>
     <gpxdata:hr>169</gpxdata:hr>
     <gpxdata:distance>1573.00</gpxdata:distance>
     <gpxdata:cadence>80</gpxdata:cadence>
     <gpxdata:speed>3.811</gpxdata:speed>
    </extensions>
   </trkpt>
   <trkpt lat="47.2206926" lon="38.9272280">
    <ele>13</ele>
    <time>2026-08-30T05:10:45Z</time>
    <extensions>
     <gpxdata:hr>169</gpxdata:hr>
     <gpxdata:distance>1579.00</gpxdata:distance>
     <gpxdata:cadence>80</gpxdata:cadence>
     <gpxdata:speed>3.831</gpxdata:speed>
    </extensions>
   </trkpt>
   <trkpt lat="47.2206781" lon="38.9272699">
    <ele>13</ele>
    <time>2026-08-30T05:10:46Z</time>
    <extensions>
     <gpxdata:hr>169</gpxdata:hr>
     <gpxdata:distance>1582.00</gpxdata:distance>
     <gpxdata:cadence>80</gpxdata:cadence>
     <gpxdata:speed>3.844</gpxdata:speed>
    </extensions>
   </trkpt>
   <trkpt lat="47.2206636" lon="38.9273119">
    <ele>13</ele>
    <time>2026-08-30T05:10:47Z</time>
    <extensions>
     <gpxdata:hr>169</gpxdata:hr>
     <gpxdata:distance>1585.00</gpxdata:distance>
     <gpxdata:cadence>80</gpxdata:cadence>
     <gpxdata:speed>3.858</gpxdata:speed>
    </extensions>
   </trkpt>
   <trkpt lat="47.2206520" lon="38.9273609">
    <ele>13</ele>
    <time>2026-08-30T05:10:48Z</time>
    <extensions>
     <gpxdata:hr>169</gpxdata:hr>
     <gpxdata:distance>1589.50</gpxdata:distance>
     <gpxdata:cadence>80</gpxdata:cadence>
     <gpxdata:speed>3.886</gpxdata:speed>
    </extensions>
   </trkpt>
   <trkpt lat="47.2206405" lon="38.9274100">
    <ele>13</ele>
    <time>2026-08-30T05:10:49Z</time>
    <extensions>
     <gpxdata:hr>169</gpxdata:hr>
     <gpxdata:distance>1594.00</gpxdata:distance>
     <gpxdata:cadence>80</gpxdata:cadence>
     <gpxdata:speed>3.914</gpxdata:speed>
    </extensions>
   </trkpt>
   <trkpt lat="47.2206324" lon="38.9274628">
    <ele>13</ele>
    <time>2026-08-30T05:10:50Z</time>
    <extensions>
     <gpxdata:hr>169</gpxdata:hr>
     <gpxdata:distance>1596.50</gpxdata:distance>
     <gpxdata:cadence>80</gpxdata:cadence>
     <gpxdata:speed>3.928</gpxdata:speed>
    </extensions>
   </trkpt>
   <trkpt lat="47.2206243" lon="38.9275157">
    <ele>13</ele>
    <time>2026-08-30T05:10:51Z</time>
    <extensions>
     <gpxdata:hr>169</gpxdata:hr>
     <gpxdata:distance>1599.00</gpxdata:distance>
     <gpxdata:cadence>80</gpxdata:cadence>
     <gpxdata:speed>3.942</gpxdata:speed>
    </extensions>
   </trkpt>
   <trkpt lat="47.2206260" lon="38.9275687">
    <ele>13</ele>
    <time>2026-08-30T05:10:52Z</time>
    <extensions>
     <gpxdata:hr>169</gpxdata:hr>
     <gpxdata:distance>1603.50</gpxdata:distance>
     <gpxdata:cadence>80</gpxdata:cadence>
     <gpxdata:speed>3.942</gpxdata:speed>
    </extensions>
   </trkpt>
   <trkpt lat="47.2206278" lon="38.9276217">
    <ele>13</ele>
    <time>2026-08-30T05:10:53Z</time>
    <extensions>
     <gpxdata:hr>169</gpxdata:hr>
     <gpxdata:distance>1608.00</gpxdata:distance>
     <gpxdata:cadence>80</gpxdata:cadence>
     <gpxdata:speed>3.942</gpxdata:speed>
    </extensions>
   </trkpt>
   <trkpt lat="47.2206443" lon="38.9276681">
    <ele>13</ele>
    <time>2026-08-30T05:10:54Z</time>
    <extensions>
     <gpxdata:hr>169</gpxdata:hr>
     <gpxdata:distance>1611.00</gpxdata:distance>
     <gpxdata:cadence>80</gpxdata:cadence>
     <gpxdata:speed>3.939</gpxdata:speed>
    </extensions>
   </trkpt>
   <trkpt lat="47.2206608" lon="38.9277145">
    <ele>13</ele>
    <time>2026-08-30T05:10:55Z</time>
    <extensions>
     <gpxdata:hr>169</gpxdata:hr>
     <gpxdata:distance>1614.00</gpxdata:distance>
     <gpxdata:cadence>80</gpxdata:cadence>
     <gpxdata:speed>3.936</gpxdata:speed>
    </extensions>
   </trkpt>
   <trkpt lat="47.2206862" lon="38.9277540">
    <ele>13</ele>
    <time>2026-08-30T05:10:56Z</time>
    <extensions>
     <gpxdata:hr>169</gpxdata:hr>
     <gpxdata:distance>1619.50</gpxdata:distance>
     <gpxdata:cadence>80</gpxdata:cadence>
     <gpxdata:speed>3.900</gpxdata:speed>
    </extensions>
   </trkpt>
   <trkpt lat="47.2207116" lon="38.9277936">
    <ele>13</ele>
    <time>2026-08-30T05:10:57Z</time>
    <extensions>
     <gpxdata:hr>170</gpxdata:hr>
     <gpxdata:distance>1625.00</gpxdata:distance>
     <gpxdata:cadence>80</gpxdata:cadence>
     <gpxdata:speed>3.867</gpxdata:speed>
    </extensions>
   </trkpt>
   <trkpt lat="47.2207413" lon="38.9278280">
    <ele>13</ele>
    <time>2026-08-30T05:10:58Z</time>
    <extensions>
     <gpxdata:hr>170</gpxdata:hr>
     <gpxdata:distance>1628.00</gpxdata:distance>
     <gpxdata:cadence>80</gpxdata:cadence>
     <gpxdata:speed>3.858</gpxdata:speed>
    </extensions>
   </trkpt>
   <trkpt lat="47.2207711" lon="38.9278624">
    <ele>13</ele>
    <time>2026-08-30T05:10:59Z</time>
    <extensions>
     <gpxdata:hr>170</gpxdata:hr>
     <gpxdata:distance>1631.00</gpxdata:distance>
     <gpxdata:cadence>80</gpxdata:cadence>
     <gpxdata:speed>3.850</gpxdata:speed>
    </extensions>
   </trkpt>
   <trkpt lat="47.2208039" lon="38.9278907">
    <ele>13</ele>
    <time>2026-08-30T05:11:00Z</time>
    <extensions>
     <gpxdata:hr>170</gpxdata:hr>
     <gpxdata:distance>1635.50</gpxdata:distance>
     <gpxdata:cadence>80</gpxdata:cadence>
     <gpxdata:speed>3.850</gpxdata:speed>
    </extensions>
   </trkpt>
   <trkpt lat="47.2208368" lon="38.9279191">
    <ele>13</ele>
    <time>2026-08-30T05:11:01Z</time>
    <extensions>
     <gpxdata:hr>170</gpxdata:hr>
     <gpxdata:distance>1640.00</gpxdata:distance>
     <gpxdata:cadence>80</gpxdata:cadence>
     <gpxdata:speed>3.850</gpxdata:speed>
    </extensions>
   </trkpt>
   <trkpt lat="47.2208689" lon="38.9279443">
    <ele>13</ele>
    <time>2026-08-30T05:11:02Z</time>
    <extensions>
     <gpxdata:hr>170</gpxdata:hr>
     <gpxdata:distance>1643.00</gpxdata:distance>
     <gpxdata:cadence>80</gpxdata:cadence>
     <gpxdata:speed>3.861</gpxdata:speed>
    </extensions>
   </trkpt>
   <trkpt lat="47.2209010" lon="38.9279696">
    <ele>12</ele>
    <time>2026-08-30T05:11:03Z</time>
    <extensions>
     <gpxdata:hr>170</gpxdata:hr>
     <gpxdata:distance>1646.00</gpxdata:distance>
     <gpxdata:cadence>80</gpxdata:cadence>
     <gpxdata:speed>3.872</gpxdata:speed>
    </extensions>
   </trkpt>
   <trkpt lat="47.2209301" lon="38.9279984">
    <ele>12</ele>
    <time>2026-08-30T05:11:04Z</time>
    <extensions>
     <gpxdata:hr>170</gpxdata:hr>
     <gpxdata:distance>1650.00</gpxdata:distance>
     <gpxdata:cadence>80</gpxdata:cadence>
     <gpxdata:speed>3.872</gpxdata:speed>
    </extensions>
   </trkpt>
   <trkpt lat="47.2209592" lon="38.9280272">
    <ele>12</ele>
    <time>2026-08-30T05:11:05Z</time>
    <extensions>
     <gpxdata:hr>171</gpxdata:hr>
     <gpxdata:distance>1654.00</gpxdata:distance>
     <gpxdata:cadence>80</gpxdata:cadence>
     <gpxdata:speed>3.872</gpxdata:speed>
    </extensions>
   </trkpt>
   <trkpt lat="47.2209830" lon="38.9280651">
    <ele>12</ele>
    <time>2026-08-30T05:11:06Z</time>
    <extensions>
     <gpxdata:hr>171</gpxdata:hr>
     <gpxdata:distance>1657.00</gpxdata:distance>
     <gpxdata:cadence>80</gpxdata:cadence>
     <gpxdata:speed>3.861</gpxdata:speed>
    </extensions>
   </trkpt>
   <trkpt lat="47.2210069" lon="38.9281030">
    <ele>12</ele>
    <time>2026-08-30T05:11:07Z</time>
    <extensions>
     <gpxdata:hr>170</gpxdata:hr>
     <gpxdata:distance>1660.00</gpxdata:distance>
     <gpxdata:cadence>80</gpxdata:cadence>
     <gpxdata:speed>3.853</gpxdata:speed>
    </extensions>
   </trkpt>
   <trkpt lat="47.2210268" lon="38.9281454">
    <ele>12</ele>
    <time>2026-08-30T05:11:08Z</time>
    <extensions>
     <gpxdata:hr>170</gpxdata:hr>
     <gpxdata:distance>1665.50</gpxdata:distance>
     <gpxdata:cadence>80</gpxdata:cadence>
     <gpxdata:speed>3.808</gpxdata:speed>
    </extensions>
   </trkpt>
   <trkpt lat="47.2210468" lon="38.9281879">
    <ele>12</ele>
    <time>2026-08-30T05:11:09Z</time>
    <extensions>
     <gpxdata:hr>170</gpxdata:hr>
     <gpxdata:distance>1671.00</gpxdata:distance>
     <gpxdata:cadence>80</gpxdata:cadence>
     <gpxdata:speed>3.767</gpxdata:speed>
    </extensions>
   </trkpt>
   <trkpt lat="47.2210659" lon="38.9282301">
    <ele>12</ele>
    <time>2026-08-30T05:11:10Z</time>
    <extensions>
     <gpxdata:hr>170</gpxdata:hr>
     <gpxdata:distance>1673.50</gpxdata:distance>
     <gpxdata:cadence>80</gpxdata:cadence>
     <gpxdata:speed>3.747</gpxdata:speed>
    </extensions>
   </trkpt>
   <trkpt lat="47.2210851" lon="38.9282724">
    <ele>12</ele>
    <time>2026-08-30T05:11:11Z</time>
    <extensions>
     <gpxdata:hr>169</gpxdata:hr>
     <gpxdata:distance>1676.00</gpxdata:distance>
     <gpxdata:cadence>80</gpxdata:cadence>
     <gpxdata:speed>3.728</gpxdata:speed>
    </extensions>
   </trkpt>
   <trkpt lat="47.2211050" lon="38.9283093">
    <ele>12</ele>
    <time>2026-08-30T05:11:12Z</time>
    <extensions>
     <gpxdata:hr>169</gpxdata:hr>
     <gpxdata:distance>1680.50</gpxdata:distance>
     <gpxdata:cadence>79</gpxdata:cadence>
     <gpxdata:speed>3.717</gpxdata:speed>
    </extensions>
   </trkpt>
   <trkpt lat="47.2211249" lon="38.9283463">
    <ele>11</ele>
    <time>2026-08-30T05:11:13Z</time>
    <extensions>
     <gpxdata:hr>169</gpxdata:hr>
     <gpxdata:distance>1685.00</gpxdata:distance>
     <gpxdata:cadence>79</gpxdata:cadence>
     <gpxdata:speed>3.708</gpxdata:speed>
    </extensions>
   </trkpt>
   <trkpt lat="47.2211461" lon="38.9283775">
    <ele>11</ele>
    <time>2026-08-30T05:11:14Z</time>
    <extensions>
     <gpxdata:hr>169</gpxdata:hr>
     <gpxdata:distance>1688.00</gpxdata:distance>
     <gpxdata:cadence>79</gpxdata:cadence>
     <gpxdata:speed>3.697</gpxdata:speed>
    </extensions>
   </trkpt>
   <trkpt lat="47.2211674" lon="38.9284087">
    <ele>11</ele>
    <time>2026-08-30T05:11:15Z</time>
    <extensions>
     <gpxdata:hr>168</gpxdata:hr>
     <gpxdata:distance>1691.00</gpxdata:distance>
     <gpxdata:cadence>79</gpxdata:cadence>
     <gpxdata:speed>3.689</gpxdata:speed>
    </extensions>
   </trkpt>
   <trkpt lat="47.2211933" lon="38.9284345">
    <ele>11</ele>
    <time>2026-08-30T05:11:16Z</time>
    <extensions>
     <gpxdata:hr>168</gpxdata:hr>
     <gpxdata:distance>1695.00</gpxdata:distance>
     <gpxdata:cadence>79</gpxdata:cadence>
     <gpxdata:speed>3.711</gpxdata:speed>
    </extensions>
   </trkpt>
   <trkpt lat="47.2212193" lon="38.9284604">
    <ele>11</ele>
    <time>2026-08-30T05:11:17Z</time>
    <extensions>
     <gpxdata:hr>168</gpxdata:hr>
     <gpxdata:distance>1699.00</gpxdata:distance>
     <gpxdata:cadence>79</gpxdata:cadence>
     <gpxdata:speed>3.736</gpxdata:speed>
    </extensions>
   </trkpt>
   <trkpt lat="47.2212526" lon="38.9284782">
    <ele>11</ele>
    <time>2026-08-30T05:11:18Z</time>
    <extensions>
     <gpxdata:hr>168</gpxdata:hr>
     <gpxdata:distance>1702.00</gpxdata:distance>
     <gpxdata:cadence>79</gpxdata:cadence>
     <gpxdata:speed>3.750</gpxdata:speed>
    </extensions>
   </trkpt>
   <trkpt lat="47.2212859" lon="38.9284960">
    <ele>11</ele>
    <time>2026-08-30T05:11:19Z</time>
    <extensions>
     <gpxdata:hr>168</gpxdata:hr>
     <gpxdata:distance>1705.00</gpxdata:distance>
     <gpxdata:cadence>80</gpxdata:cadence>
     <gpxdata:speed>3.764</gpxdata:speed>
    </extensions>
   </trkpt>
   <trkpt lat="47.2213227" lon="38.9285029">
    <ele>11</ele>
    <time>2026-08-30T05:11:20Z</time>
    <extensions>
     <gpxdata:hr>168</gpxdata:hr>
     <gpxdata:distance>1711.00</gpxdata:distance>
     <gpxdata:cadence>80</gpxdata:cadence>
     <gpxdata:speed>3.783</gpxdata:speed>
    </extensions>
   </trkpt>
   <trkpt lat="47.2213595" lon="38.9285099">
    <ele>11</ele>
    <time>2026-08-30T05:11:21Z</time>
    <extensions>
     <gpxdata:hr>168</gpxdata:hr>
     <gpxdata:distance>1717.00</gpxdata:distance>
     <gpxdata:cadence>80</gpxdata:cadence>
     <gpxdata:speed>3.803</gpxdata:speed>
    </extensions>
   </trkpt>
   <trkpt lat="47.2213951" lon="38.9285149">
    <ele>11</ele>
    <time>2026-08-30T05:11:22Z</time>
    <extensions>
     <gpxdata:hr>168</gpxdata:hr>
     <gpxdata:distance>1720.00</gpxdata:distance>
     <gpxdata:cadence>80</gpxdata:cadence>
     <gpxdata:speed>3.811</gpxdata:speed>
    </extensions>
   </trkpt>
   <trkpt lat="47.2214308" lon="38.9285200">
    <ele>11</ele>
    <time>2026-08-30T05:11:23Z</time>
    <extensions>
     <gpxdata:hr>168</gpxdata:hr>
     <gpxdata:distance>1723.00</gpxdata:distance>
     <gpxdata:cadence>80</gpxdata:cadence>
     <gpxdata:speed>3.822</gpxdata:speed>
    </extensions>
   </trkpt>
   <trkpt lat="47.2214635" lon="38.9285264">
    <ele>11</ele>
    <time>2026-08-30T05:11:24Z</time>
    <extensions>
     <gpxdata:hr>168</gpxdata:hr>
     <gpxdata:distance>1727.00</gpxdata:distance>
     <gpxdata:cadence>80</gpxdata:cadence>
     <gpxdata:speed>3.831</gpxdata:speed>
    </extensions>
   </trkpt>
   <trkpt lat="47.2214963" lon="38.9285329">
    <ele>11</ele>
    <time>2026-08-30T05:11:25Z</time>
    <extensions>
     <gpxdata:hr>168</gpxdata:hr>
     <gpxdata:distance>1731.00</gpxdata:distance>
     <gpxdata:cadence>80</gpxdata:cadence>
     <gpxdata:speed>3.839</gpxdata:speed>
    </extensions>
   </trkpt>
   <trkpt lat="47.2215266" lon="38.9285367">
    <ele>11</ele>
    <time>2026-08-30T05:11:26Z</time>
    <extensions>
     <gpxdata:hr>168</gpxdata:hr>
     <gpxdata:distance>1734.00</gpxdata:distance>
     <gpxdata:cadence>80</gpxdata:cadence>
     <gpxdata:speed>3.839</gpxdata:speed>
    </extensions>
   </trkpt>
   <trkpt lat="47.2215570" lon="38.9285406">
    <ele>11</ele>
    <time>2026-08-30T05:11:27Z</time>
    <extensions>
     <gpxdata:hr>169</gpxdata:hr>
     <gpxdata:distance>1737.00</gpxdata:distance>
     <gpxdata:cadence>80</gpxdata:cadence>
     <gpxdata:speed>3.839</gpxdata:speed>
    </extensions>
   </trkpt>
   <trkpt lat="47.2215854" lon="38.9285413">
    <ele>11</ele>
    <time>2026-08-30T05:11:28Z</time>
    <extensions>
     <gpxdata:hr>169</gpxdata:hr>
     <gpxdata:distance>1741.50</gpxdata:distance>
     <gpxdata:cadence>80</gpxdata:cadence>
     <gpxdata:speed>3.839</gpxdata:speed>
    </extensions>
   </trkpt>
   <trkpt lat="47.2216138" lon="38.9285421">
    <ele>11</ele>
    <time>2026-08-30T05:11:29Z</time>
    <extensions>
     <gpxdata:hr>169</gpxdata:hr>
     <gpxdata:distance>1746.00</gpxdata:distance>
     <gpxdata:cadence>80</gpxdata:cadence>
     <gpxdata:speed>3.839</gpxdata:speed>
    </extensions>
   </trkpt>
   <trkpt lat="47.2216427" lon="38.9285309">
    <ele>11</ele>
    <time>2026-08-30T05:11:30Z</time>
    <extensions>
     <gpxdata:hr>169</gpxdata:hr>
     <gpxdata:distance>1749.00</gpxdata:distance>
     <gpxdata:cadence>80</gpxdata:cadence>
     <gpxdata:speed>3.833</gpxdata:speed>
    </extensions>
   </trkpt>
   <trkpt lat="47.2216717" lon="38.9285198">
    <ele>11</ele>
    <time>2026-08-30T05:11:31Z</time>
    <extensions>
     <gpxdata:hr>169</gpxdata:hr>
     <gpxdata:distance>1752.00</gpxdata:distance>
     <gpxdata:cadence>80</gpxdata:cadence>
     <gpxdata:speed>3.831</gpxdata:speed>
    </extensions>
   </trkpt>
   <trkpt lat="47.2217002" lon="38.9284990">
    <ele>11</ele>
    <time>2026-08-30T05:11:32Z</time>
    <extensions>
     <gpxdata:hr>169</gpxdata:hr>
     <gpxdata:distance>1757.50</gpxdata:distance>
     <gpxdata:cadence>80</gpxdata:cadence>
     <gpxdata:speed>3.822</gpxdata:speed>
    </extensions>
   </trkpt>
   <trkpt lat="47.2217288" lon="38.9284782">
    <ele>11</ele>
    <time>2026-08-30T05:11:33Z</time>
    <extensions>
     <gpxdata:hr>169</gpxdata:hr>
     <gpxdata:distance>1763.00</gpxdata:distance>
     <gpxdata:cadence>80</gpxdata:cadence>
     <gpxdata:speed>3.817</gpxdata:speed>
    </extensions>
   </trkpt>
   <trkpt lat="47.2217571" lon="38.9284546">
    <ele>11</ele>
    <time>2026-08-30T05:11:34Z</time>
    <extensions>
     <gpxdata:hr>169</gpxdata:hr>
     <gpxdata:distance>1766.00</gpxdata:distance>
     <gpxdata:cadence>80</gpxdata:cadence>
     <gpxdata:speed>3.819</gpxdata:speed>
    </extensions>
   </trkpt>
   <trkpt lat="47.2217854" lon="38.9284310">
    <ele>11</ele>
    <time>2026-08-30T05:11:35Z</time>
    <extensions>
     <gpxdata:hr>169</gpxdata:hr>
     <gpxdata:distance>1769.00</gpxdata:distance>
     <gpxdata:cadence>80</gpxdata:cadence>
     <gpxdata:speed>3.822</gpxdata:speed>
    </extensions>
   </trkpt>
   <trkpt lat="47.2218110" lon="38.9284060">
    <ele>11</ele>
    <time>2026-08-30T05:11:36Z</time>
    <extensions>
     <gpxdata:hr>169</gpxdata:hr>
     <gpxdata:distance>1773.00</gpxdata:distance>
     <gpxdata:cadence>80</gpxdata:cadence>
     <gpxdata:speed>3.808</gpxdata:speed>
    </extensions>
   </trkpt>
   <trkpt lat="47.2218367" lon="38.9283811">
    <ele>11</ele>
    <time>2026-08-30T05:11:37Z</time>
    <extensions>
     <gpxdata:hr>169</gpxdata:hr>
     <gpxdata:distance>1777.00</gpxdata:distance>
     <gpxdata:cadence>80</gpxdata:cadence>
     <gpxdata:speed>3.797</gpxdata:speed>
    </extensions>
   </trkpt>
   <trkpt lat="47.2218648" lon="38.9283588">
    <ele>11</ele>
    <time>2026-08-30T05:11:38Z</time>
    <extensions>
     <gpxdata:hr>169</gpxdata:hr>
     <gpxdata:distance>1780.00</gpxdata:distance>
     <gpxdata:cadence>80</gpxdata:cadence>
     <gpxdata:speed>3.786</gpxdata:speed>
    </extensions>
   </trkpt>
   <trkpt lat="47.2218929" lon="38.9283365">
    <ele>11</ele>
    <time>2026-08-30T05:11:39Z</time>
    <extensions>
     <gpxdata:hr>169</gpxdata:hr>
     <gpxdata:distance>1783.00</gpxdata:distance>
     <gpxdata:cadence>80</gpxdata:cadence>
     <gpxdata:speed>3.775</gpxdata:speed>
    </extensions>
   </trkpt>
   <trkpt lat="47.2219238" lon="38.9283186">
    <ele>11</ele>
    <time>2026-08-30T05:11:40Z</time>
    <extensions>
     <gpxdata:hr>169</gpxdata:hr>
     <gpxdata:distance>1787.00</gpxdata:distance>
     <gpxdata:cadence>80</gpxdata:cadence>
     <gpxdata:speed>3.767</gpxdata:speed>
    </extensions>
   </trkpt>
   <trkpt lat="47.2219547" lon="38.9283007">
    <ele>11</ele>
    <time>2026-08-30T05:11:41Z</time>
    <extensions>
     <gpxdata:hr>169</gpxdata:hr>
     <gpxdata:distance>1791.00</gpxdata:distance>
     <gpxdata:cadence>80</gpxdata:cadence>
     <gpxdata:speed>3.761</gpxdata:speed>
    </extensions>
   </trkpt>
   <trkpt lat="47.2219903" lon="38.9282917">
    <ele>11</ele>
    <time>2026-08-30T05:11:42Z</time>
    <extensions>
     <gpxdata:hr>169</gpxdata:hr>
     <gpxdata:distance>1794.00</gpxdata:distance>
     <gpxdata:cadence>80</gpxdata:cadence>
     <gpxdata:speed>3.753</gpxdata:speed>
    </extensions>
   </trkpt>
   <trkpt lat="47.2220259" lon="38.9282827">
    <ele>11</ele>
    <time>2026-08-30T05:11:43Z</time>
    <extensions>
     <gpxdata:hr>169</gpxdata:hr>
     <gpxdata:distance>1797.00</gpxdata:distance>
     <gpxdata:cadence>80</gpxdata:cadence>
     <gpxdata:speed>3.747</gpxdata:speed>
    </extensions>
   </trkpt>
   <trkpt lat="47.2220612" lon="38.9282726">
    <ele>11</ele>
    <time>2026-08-30T05:11:44Z</time>
    <extensions>
     <gpxdata:hr>169</gpxdata:hr>
     <gpxdata:distance>1802.50</gpxdata:distance>
     <gpxdata:cadence>80</gpxdata:cadence>
     <gpxdata:speed>3.761</gpxdata:speed>
    </extensions>
   </trkpt>
   <trkpt lat="47.2220965" lon="38.9282625">
    <ele>11</ele>
    <time>2026-08-30T05:11:45Z</time>
    <extensions>
     <gpxdata:hr>170</gpxdata:hr>
     <gpxdata:distance>1808.00</gpxdata:distance>
     <gpxdata:cadence>80</gpxdata:cadence>
     <gpxdata:speed>3.775</gpxdata:speed>
    </extensions>
   </trkpt>
   <trkpt lat="47.2221203" lon="38.9282338">
    <ele>11</ele>
    <time>2026-08-30T05:11:46Z</time>
    <extensions>
     <gpxdata:hr>170</gpxdata:hr>
     <gpxdata:distance>1811.00</gpxdata:distance>
     <gpxdata:cadence>80</gpxdata:cadence>
     <gpxdata:speed>3.786</gpxdata:speed>
    </extensions>
   </trkpt>
   <trkpt lat="47.2221442" lon="38.9282052">
    <ele>11</ele>
    <time>2026-08-30T05:11:47Z</time>
    <extensions>
     <gpxdata:hr>169</gpxdata:hr>
     <gpxdata:distance>1814.00</gpxdata:distance>
     <gpxdata:cadence>80</gpxdata:cadence>
     <gpxdata:speed>3.797</gpxdata:speed>
    </extensions>
   </trkpt>
   <trkpt lat="47.2221545" lon="38.9281584">
    <ele>11</ele>
    <time>2026-08-30T05:11:48Z</time>
    <extensions>
     <gpxdata:hr>170</gpxdata:hr>
     <gpxdata:distance>1818.50</gpxdata:distance>
     <gpxdata:cadence>80</gpxdata:cadence>
     <gpxdata:speed>3.803</gpxdata:speed>
    </extensions>
   </trkpt>
   <trkpt lat="47.2221648" lon="38.9281117">
    <ele>11</ele>
    <time>2026-08-30T05:11:49Z</time>
    <extensions>
     <gpxdata:hr>170</gpxdata:hr>
     <gpxdata:distance>1823.00</gpxdata:distance>
     <gpxdata:cadence>80</gpxdata:cadence>
     <gpxdata:speed>3.811</gpxdata:speed>
    </extensions>
   </trkpt>
   <trkpt lat="47.2221657" lon="38.9280567">
    <ele>11</ele>
    <time>2026-08-30T05:11:50Z</time>
    <extensions>
     <gpxdata:hr>169</gpxdata:hr>
     <gpxdata:distance>1825.50</gpxdata:distance>
     <gpxdata:cadence>80</gpxdata:cadence>
     <gpxdata:speed>3.817</gpxdata:speed>
    </extensions>
   </trkpt>
   <trkpt lat="47.2221667" lon="38.9280017">
    <ele>11</ele>
    <time>2026-08-30T05:11:51Z</time>
    <extensions>
     <gpxdata:hr>169</gpxdata:hr>
     <gpxdata:distance>1828.00</gpxdata:distance>
     <gpxdata:cadence>80</gpxdata:cadence>
     <gpxdata:speed>3.822</gpxdata:speed>
    </extensions>
   </trkpt>
   <trkpt lat="47.2221634" lon="38.9279477">
    <ele>11</ele>
    <time>2026-08-30T05:11:52Z</time>
    <extensions>
     <gpxdata:hr>169</gpxdata:hr>
     <gpxdata:distance>1832.50</gpxdata:distance>
     <gpxdata:cadence>80</gpxdata:cadence>
     <gpxdata:speed>3.828</gpxdata:speed>
    </extensions>
   </trkpt>
   <trkpt lat="47.2221601" lon="38.9278938">
    <ele>11</ele>
    <time>2026-08-30T05:11:53Z</time>
    <extensions>
     <gpxdata:hr>169</gpxdata:hr>
     <gpxdata:distance>1837.00</gpxdata:distance>
     <gpxdata:cadence>80</gpxdata:cadence>
     <gpxdata:speed>3.833</gpxdata:speed>
    </extensions>
   </trkpt>
   <trkpt lat="47.2221539" lon="38.9278448">
    <ele>11</ele>
    <time>2026-08-30T05:11:54Z</time>
    <extensions>
     <gpxdata:hr>169</gpxdata:hr>
     <gpxdata:distance>1839.50</gpxdata:distance>
     <gpxdata:cadence>79</gpxdata:cadence>
     <gpxdata:speed>3.825</gpxdata:speed>
    </extensions>
   </trkpt>
   <trkpt lat="47.2221477" lon="38.9277958">
    <ele>11</ele>
    <time>2026-08-30T05:11:55Z</time>
    <extensions>
     <gpxdata:hr>169</gpxdata:hr>
     <gpxdata:distance>1842.00</gpxdata:distance>
     <gpxdata:cadence>79</gpxdata:cadence>
     <gpxdata:speed>3.817</gpxdata:speed>
    </extensions>
   </trkpt>
   <trkpt lat="47.2221400" lon="38.9277535">
    <ele>11</ele>
    <time>2026-08-30T05:11:56Z</time>
    <extensions>
     <gpxdata:hr>169</gpxdata:hr>
     <gpxdata:distance>1848.00</gpxdata:distance>
     <gpxdata:cadence>79</gpxdata:cadence>
     <gpxdata:speed>3.786</gpxdata:speed>
    </extensions>
   </trkpt>
   <trkpt lat="47.2221323" lon="38.9277112">
    <ele>11</ele>
    <time>2026-08-30T05:11:57Z</time>
    <extensions>
     <gpxdata:hr>169</gpxdata:hr>
     <gpxdata:distance>1854.00</gpxdata:distance>
     <gpxdata:cadence>79</gpxdata:cadence>
     <gpxdata:speed>3.758</gpxdata:speed>
    </extensions>
   </trkpt>
   <trkpt lat="47.2221235" lon="38.9276708">
    <ele>11</ele>
    <time>2026-08-30T05:11:58Z</time>
    <extensions>
     <gpxdata:hr>169</gpxdata:hr>
     <gpxdata:distance>1856.50</gpxdata:distance>
     <gpxdata:cadence>79</gpxdata:cadence>
     <gpxdata:speed>3.747</gpxdata:speed>
    </extensions>
   </trkpt>
   <trkpt lat="47.2221147" lon="38.9276304">
    <ele>11</ele>
    <time>2026-08-30T05:11:59Z</time>
    <extensions>
     <gpxdata:hr>169</gpxdata:hr>
     <gpxdata:distance>1859.00</gpxdata:distance>
     <gpxdata:cadence>80</gpxdata:cadence>
     <gpxdata:speed>3.739</gpxdata:speed>
    </extensions>
   </trkpt>
   <trkpt lat="47.2221034" lon="38.9275894">
    <ele>11</ele>
    <time>2026-08-30T05:12:00Z</time>
    <extensions>
     <gpxdata:hr>169</gpxdata:hr>
     <gpxdata:distance>1863.50</gpxdata:distance>
     <gpxdata:cadence>80</gpxdata:cadence>
     <gpxdata:speed>3.733</gpxdata:speed>
    </extensions>
   </trkpt>
   <trkpt lat="47.2220922" lon="38.9275484">
    <ele>11</ele>
    <time>2026-08-30T05:12:01Z</time>
    <extensions>
     <gpxdata:hr>169</gpxdata:hr>
     <gpxdata:distance>1868.00</gpxdata:distance>
     <gpxdata:cadence>80</gpxdata:cadence>
     <gpxdata:speed>3.728</gpxdata:speed>
    </extensions>
   </trkpt>
   <trkpt lat="47.2220788" lon="38.9275006">
    <ele>11</ele>
    <time>2026-08-30T05:12:02Z</time>
    <extensions>
     <gpxdata:hr>169</gpxdata:hr>
     <gpxdata:distance>1870.50</gpxdata:distance>
     <gpxdata:cadence>80</gpxdata:cadence>
     <gpxdata:speed>3.725</gpxdata:speed>
    </extensions>
   </trkpt>
   <trkpt lat="47.2220654" lon="38.9274529">
    <ele>11</ele>
    <time>2026-08-30T05:12:03Z</time>
    <extensions>
     <gpxdata:hr>169</gpxdata:hr>
     <gpxdata:distance>1873.00</gpxdata:distance>
     <gpxdata:cadence>80</gpxdata:cadence>
     <gpxdata:speed>3.725</gpxdata:speed>
    </extensions>
   </trkpt>
   <trkpt lat="47.2220507" lon="38.9274012">
    <ele>11</ele>
    <time>2026-08-30T05:12:04Z</time>
    <extensions>
     <gpxdata:hr>169</gpxdata:hr>
     <gpxdata:distance>1877.50</gpxdata:distance>
     <gpxdata:cadence>80</gpxdata:cadence>
     <gpxdata:speed>3.725</gpxdata:speed>
    </extensions>
   </trkpt>
   <trkpt lat="47.2220361" lon="38.9273495">
    <ele>11</ele>
    <time>2026-08-30T05:12:05Z</time>
    <extensions>
     <gpxdata:hr>169</gpxdata:hr>
     <gpxdata:distance>1882.00</gpxdata:distance>
     <gpxdata:cadence>81</gpxdata:cadence>
     <gpxdata:speed>3.725</gpxdata:speed>
    </extensions>
   </trkpt>
   <trkpt lat="47.2220215" lon="38.9273011">
    <ele>11</ele>
    <time>2026-08-30T05:12:06Z</time>
    <extensions>
     <gpxdata:hr>169</gpxdata:hr>
     <gpxdata:distance>1886.00</gpxdata:distance>
     <gpxdata:cadence>81</gpxdata:cadence>
     <gpxdata:speed>3.722</gpxdata:speed>
    </extensions>
   </trkpt>
   <trkpt lat="47.2220070" lon="38.9272528">
    <ele>12</ele>
    <time>2026-08-30T05:12:07Z</time>
    <extensions>
     <gpxdata:hr>169</gpxdata:hr>
     <gpxdata:distance>1890.00</gpxdata:distance>
     <gpxdata:cadence>81</gpxdata:cadence>
     <gpxdata:speed>3.719</gpxdata:speed>
    </extensions>
   </trkpt>
   <trkpt lat="47.2219936" lon="38.9272095">
    <ele>12</ele>
    <time>2026-08-30T05:12:08Z</time>
    <extensions>
     <gpxdata:hr>169</gpxdata:hr>
     <gpxdata:distance>1894.00</gpxdata:distance>
     <gpxdata:cadence>81</gpxdata:cadence>
     <gpxdata:speed>3.714</gpxdata:speed>
    </extensions>
   </trkpt>
   <trkpt lat="47.2219802" lon="38.9271662">
    <ele>12</ele>
    <time>2026-08-30T05:12:09Z</time>
    <extensions>
     <gpxdata:hr>169</gpxdata:hr>
     <gpxdata:distance>1898.00</gpxdata:distance>
     <gpxdata:cadence>81</gpxdata:cadence>
     <gpxdata:speed>3.711</gpxdata:speed>
    </extensions>
   </trkpt>
   <trkpt lat="47.2219682" lon="38.9271245">
    <ele>12</ele>
    <time>2026-08-30T05:12:10Z</time>
    <extensions>
     <gpxdata:hr>169</gpxdata:hr>
     <gpxdata:distance>1901.00</gpxdata:distance>
     <gpxdata:cadence>80</gpxdata:cadence>
     <gpxdata:speed>3.711</gpxdata:speed>
    </extensions>
   </trkpt>
   <trkpt lat="47.2219562" lon="38.9270828">
    <ele>12</ele>
    <time>2026-08-30T05:12:11Z</time>
    <extensions>
     <gpxdata:hr>169</gpxdata:hr>
     <gpxdata:distance>1904.00</gpxdata:distance>
     <gpxdata:cadence>80</gpxdata:cadence>
     <gpxdata:speed>3.714</gpxdata:speed>
    </extensions>
   </trkpt>
   <trkpt lat="47.2219457" lon="38.9270403">
    <ele>12</ele>
    <time>2026-08-30T05:12:12Z</time>
    <extensions>
     <gpxdata:hr>169</gpxdata:hr>
     <gpxdata:distance>1908.00</gpxdata:distance>
     <gpxdata:cadence>80</gpxdata:cadence>
     <gpxdata:speed>3.708</gpxdata:speed>
    </extensions>
   </trkpt>
   <trkpt lat="47.2219352" lon="38.9269978">
    <ele>12</ele>
    <time>2026-08-30T05:12:13Z</time>
    <extensions>
     <gpxdata:hr>169</gpxdata:hr>
     <gpxdata:distance>1912.00</gpxdata:distance>
     <gpxdata:cadence>80</gpxdata:cadence>
     <gpxdata:speed>3.703</gpxdata:speed>
    </extensions>
   </trkpt>
   <trkpt lat="47.2219252" lon="38.9269551">
    <ele>12</ele>
    <time>2026-08-30T05:12:14Z</time>
    <extensions>
     <gpxdata:hr>169</gpxdata:hr>
     <gpxdata:distance>1915.00</gpxdata:distance>
     <gpxdata:cadence>80</gpxdata:cadence>
     <gpxdata:speed>3.703</gpxdata:speed>
    </extensions>
   </trkpt>
   <trkpt lat="47.2219152" lon="38.9269124">
    <ele>12</ele>
    <time>2026-08-30T05:12:15Z</time>
    <extensions>
     <gpxdata:hr>170</gpxdata:hr>
     <gpxdata:distance>1918.00</gpxdata:distance>
     <gpxdata:cadence>80</gpxdata:cadence>
     <gpxdata:speed>3.703</gpxdata:speed>
    </extensions>
   </trkpt>
   <trkpt lat="47.2219034" lon="38.9268685">
    <ele>12</ele>
    <time>2026-08-30T05:12:16Z</time>
    <extensions>
     <gpxdata:hr>170</gpxdata:hr>
     <gpxdata:distance>1922.00</gpxdata:distance>
     <gpxdata:cadence>80</gpxdata:cadence>
     <gpxdata:speed>3.700</gpxdata:speed>
    </extensions>
   </trkpt>
   <trkpt lat="47.2218917" lon="38.9268246">
    <ele>12</ele>
    <time>2026-08-30T05:12:17Z</time>
    <extensions>
     <gpxdata:hr>170</gpxdata:hr>
     <gpxdata:distance>1926.00</gpxdata:distance>
     <gpxdata:cadence>80</gpxdata:cadence>
     <gpxdata:speed>3.700</gpxdata:speed>
    </extensions>
   </trkpt>
   <trkpt lat="47.2218804" lon="38.9267799">
    <ele>12</ele>
    <time>2026-08-30T05:12:18Z</time>
    <extensions>
     <gpxdata:hr>170</gpxdata:hr>
     <gpxdata:distance>1930.00</gpxdata:distance>
     <gpxdata:cadence>80</gpxdata:cadence>
     <gpxdata:speed>3.703</gpxdata:speed>
    </extensions>
   </trkpt>
   <trkpt lat="47.2218692" lon="38.9267352">
    <ele>12</ele>
    <time>2026-08-30T05:12:19Z</time>
    <extensions>
     <gpxdata:hr>169</gpxdata:hr>
     <gpxdata:distance>1934.00</gpxdata:distance>
     <gpxdata:cadence>80</gpxdata:cadence>
     <gpxdata:speed>3.708</gpxdata:speed>
    </extensions>
   </trkpt>
   <trkpt lat="47.2218604" lon="38.9266869">
    <ele>12</ele>
    <time>2026-08-30T05:12:20Z</time>
    <extensions>
     <gpxdata:hr>169</gpxdata:hr>
     <gpxdata:distance>1938.50</gpxdata:distance>
     <gpxdata:cadence>80</gpxdata:cadence>
     <gpxdata:speed>3.714</gpxdata:speed>
    </extensions>
   </trkpt>
   <trkpt lat="47.2218517" lon="38.9266387">
    <ele>12</ele>
    <time>2026-08-30T05:12:21Z</time>
    <extensions>
     <gpxdata:hr>170</gpxdata:hr>
     <gpxdata:distance>1943.00</gpxdata:distance>
     <gpxdata:cadence>80</gpxdata:cadence>
     <gpxdata:speed>3.719</gpxdata:speed>
    </extensions>
   </trkpt>
   <trkpt lat="47.2218446" lon="38.9265885">
    <ele>12</ele>
    <time>2026-08-30T05:12:22Z</time>
    <extensions>
     <gpxdata:hr>170</gpxdata:hr>
     <gpxdata:distance>1945.50</gpxdata:distance>
     <gpxdata:cadence>80</gpxdata:cadence>
     <gpxdata:speed>3.719</gpxdata:speed>
    </extensions>
   </trkpt>
   <trkpt lat="47.2218375" lon="38.9265383">
    <ele>12</ele>
    <time>2026-08-30T05:12:23Z</time>
    <extensions>
     <gpxdata:hr>169</gpxdata:hr>
     <gpxdata:distance>1948.00</gpxdata:distance>
     <gpxdata:cadence>80</gpxdata:cadence>
     <gpxdata:speed>3.719</gpxdata:speed>
    </extensions>
   </trkpt>
   <trkpt lat="47.2218294" lon="38.9264923">
    <ele>12</ele>
    <time>2026-08-30T05:12:24Z</time>
    <extensions>
     <gpxdata:hr>170</gpxdata:hr>
     <gpxdata:distance>1952.00</gpxdata:distance>
     <gpxdata:cadence>80</gpxdata:cadence>
     <gpxdata:speed>3.708</gpxdata:speed>
    </extensions>
   </trkpt>
   <trkpt lat="47.2218213" lon="38.9264463">
    <ele>12</ele>
    <time>2026-08-30T05:12:25Z</time>
    <extensions>
     <gpxdata:hr>170</gpxdata:hr>
     <gpxdata:distance>1956.00</gpxdata:distance>
     <gpxdata:cadence>80</gpxdata:cadence>
     <gpxdata:speed>3.700</gpxdata:speed>
    </extensions>
   </trkpt>
   <trkpt lat="47.2218113" lon="38.9264030">
    <ele>12</ele>
    <time>2026-08-30T05:12:26Z</time>
    <extensions>
     <gpxdata:hr>169</gpxdata:hr>
     <gpxdata:distance>1959.00</gpxdata:distance>
     <gpxdata:cadence>80</gpxdata:cadence>
     <gpxdata:speed>3.700</gpxdata:speed>
    </extensions>
   </trkpt>
   <trkpt lat="47.2218013" lon="38.9263598">
    <ele>12</ele>
    <time>2026-08-30T05:12:27Z</time>
    <extensions>
     <gpxdata:hr>169</gpxdata:hr>
     <gpxdata:distance>1962.00</gpxdata:distance>
     <gpxdata:cadence>80</gpxdata:cadence>
     <gpxdata:speed>3.700</gpxdata:speed>
    </extensions>
   </trkpt>
   <trkpt lat="47.2217922" lon="38.9263175">
    <ele>12</ele>
    <time>2026-08-30T05:12:28Z</time>
    <extensions>
     <gpxdata:hr>169</gpxdata:hr>
     <gpxdata:distance>1967.50</gpxdata:distance>
     <gpxdata:cadence>80</gpxdata:cadence>
     <gpxdata:speed>3.681</gpxdata:speed>
    </extensions>
   </trkpt>
   <trkpt lat="47.2217831" lon="38.9262752">
    <ele>12</ele>
    <time>2026-08-30T05:12:29Z</time>
    <extensions>
     <gpxdata:hr>169</gpxdata:hr>
     <gpxdata:distance>1973.00</gpxdata:distance>
     <gpxdata:cadence>80</gpxdata:cadence>
     <gpxdata:speed>3.664</gpxdata:speed>
    </extensions>
   </trkpt>
   <trkpt lat="47.2217768" lon="38.9262318">
    <ele>12</ele>
    <time>2026-08-30T05:12:30Z</time>
    <extensions>
     <gpxdata:hr>170</gpxdata:hr>
     <gpxdata:distance>1975.50</gpxdata:distance>
     <gpxdata:cadence>80</gpxdata:cadence>
     <gpxdata:speed>3.653</gpxdata:speed>
    </extensions>
   </trkpt>
   <trkpt lat="47.2217706" lon="38.9261885">
    <ele>12</ele>
    <time>2026-08-30T05:12:31Z</time>
    <extensions>
     <gpxdata:hr>170</gpxdata:hr>
     <gpxdata:distance>1978.00</gpxdata:distance>
     <gpxdata:cadence>80</gpxdata:cadence>
     <gpxdata:speed>3.642</gpxdata:speed>
    </extensions>
   </trkpt>
   <trkpt lat="47.2217670" lon="38.9261444">
    <ele>12</ele>
    <time>2026-08-30T05:12:32Z</time>
    <extensions>
     <gpxdata:hr>170</gpxdata:hr>
     <gpxdata:distance>1982.50</gpxdata:distance>
     <gpxdata:cadence>79</gpxdata:cadence>
     <gpxdata:speed>3.642</gpxdata:speed>
    </extensions>
   </trkpt>
   <trkpt lat="47.2217634" lon="38.9261004">
    <ele>12</ele>
    <time>2026-08-30T05:12:33Z</time>
    <extensions>
     <gpxdata:hr>170</gpxdata:hr>
     <gpxdata:distance>1987.00</gpxdata:distance>
     <gpxdata:cadence>79</gpxdata:cadence>
     <gpxdata:speed>3.642</gpxdata:speed>
    </extensions>
   </trkpt>
   <trkpt lat="47.2217588" lon="38.9260543">
    <ele>12</ele>
    <time>2026-08-30T05:12:34Z</time>
    <extensions>
     <gpxdata:hr>170</gpxdata:hr>
     <gpxdata:distance>1989.50</gpxdata:distance>
     <gpxdata:cadence>79</gpxdata:cadence>
     <gpxdata:speed>3.644</gpxdata:speed>
    </extensions>
   </trkpt>
   <trkpt lat="47.2217543" lon="38.9260083">
    <ele>12</ele>
    <time>2026-08-30T05:12:35Z</time>
    <extensions>
     <gpxdata:hr>170</gpxdata:hr>
     <gpxdata:distance>1992.00</gpxdata:distance>
     <gpxdata:cadence>80</gpxdata:cadence>
     <gpxdata:speed>3.647</gpxdata:speed>
    </extensions>
   </trkpt>
   <trkpt lat="47.2217474" lon="38.9259613">
    <ele>12</ele>
    <time>2026-08-30T05:12:36Z</time>
    <extensions>
     <gpxdata:hr>171</gpxdata:hr>
     <gpxdata:distance>1996.00</gpxdata:distance>
     <gpxdata:cadence>80</gpxdata:cadence>
     <gpxdata:speed>3.636</gpxdata:speed>
    </extensions>
   </trkpt>
   <trkpt lat="47.2217406" lon="38.9259144">
    <ele>12</ele>
    <time>2026-08-30T05:12:37Z</time>
    <extensions>
     <gpxdata:hr>171</gpxdata:hr>
     <gpxdata:distance>2000.00</gpxdata:distance>
     <gpxdata:cadence>80</gpxdata:cadence>
     <gpxdata:speed>3.625</gpxdata:speed>
    </extensions>
   </trkpt>
   <trkpt lat="47.2217315" lon="38.9258691">
    <ele>12</ele>
    <time>2026-08-30T05:12:38Z</time>
    <extensions>
     <gpxdata:hr>171</gpxdata:hr>
     <gpxdata:distance>2002.50</gpxdata:distance>
     <gpxdata:cadence>79</gpxdata:cadence>
     <gpxdata:speed>3.619</gpxdata:speed>
    </extensions>
   </trkpt>
   <trkpt lat="47.2217225" lon="38.9258239">
    <ele>12</ele>
    <time>2026-08-30T05:12:39Z</time>
    <extensions>
     <gpxdata:hr>171</gpxdata:hr>
     <gpxdata:distance>2005.00</gpxdata:distance>
     <gpxdata:cadence>79</gpxdata:cadence>
     <gpxdata:speed>3.617</gpxdata:speed>
    </extensions>
   </trkpt>
   <trkpt lat="47.2217125" lon="38.9257806">
    <ele>12</ele>
    <time>2026-08-30T05:12:40Z</time>
    <extensions>
     <gpxdata:hr>171</gpxdata:hr>
     <gpxdata:distance>2009.50</gpxdata:distance>
     <gpxdata:cadence>79</gpxdata:cadence>
     <gpxdata:speed>3.597</gpxdata:speed>
    </extensions>
   </trkpt>
   <trkpt lat="47.2217026" lon="38.9257373">
    <ele>12</ele>
    <time>2026-08-30T05:12:41Z</time>
    <extensions>
     <gpxdata:hr>170</gpxdata:hr>
     <gpxdata:distance>2014.00</gpxdata:distance>
     <gpxdata:cadence>79</gpxdata:cadence>
     <gpxdata:speed>3.578</gpxdata:speed>
    </extensions>
   </trkpt>
   <trkpt lat="47.2216920" lon="38.9256927">
    <ele>12</ele>
    <time>2026-08-30T05:12:42Z</time>
    <extensions>
     <gpxdata:hr>171</gpxdata:hr>
     <gpxdata:distance>2018.00</gpxdata:distance>
     <gpxdata:cadence>79</gpxdata:cadence>
     <gpxdata:speed>3.561</gpxdata:speed>
    </extensions>
   </trkpt>
   <trkpt lat="47.2216814" lon="38.9256481">
    <ele>12</ele>
    <time>2026-08-30T05:12:43Z</time>
    <extensions>
     <gpxdata:hr>170</gpxdata:hr>
     <gpxdata:distance>2022.00</gpxdata:distance>
     <gpxdata:cadence>79</gpxdata:cadence>
     <gpxdata:speed>3.547</gpxdata:speed>
    </extensions>
   </trkpt>
   <trkpt lat="47.2216705" lon="38.9256030">
    <ele>12</ele>
    <time>2026-08-30T05:12:44Z</time>
    <extensions>
     <gpxdata:hr>171</gpxdata:hr>
     <gpxdata:distance>2026.00</gpxdata:distance>
     <gpxdata:cadence>79</gpxdata:cadence>
     <gpxdata:speed>3.561</gpxdata:speed>
    </extensions>
   </trkpt>
   <trkpt lat="47.2216596" lon="38.9255579">
    <ele>12</ele>
    <time>2026-08-30T05:12:45Z</time>
    <extensions>
     <gpxdata:hr>171</gpxdata:hr>
     <gpxdata:distance>2030.00</gpxdata:distance>
     <gpxdata:cadence>79</gpxdata:cadence>
     <gpxdata:speed>3.575</gpxdata:speed>
    </extensions>
   </trkpt>
   <trkpt lat="47.2216499" lon="38.9255126">
    <ele>12</ele>
    <time>2026-08-30T05:12:46Z</time>
    <extensions>
     <gpxdata:hr>171</gpxdata:hr>
     <gpxdata:distance>2032.50</gpxdata:distance>
     <gpxdata:cadence>79</gpxdata:cadence>
     <gpxdata:speed>3.583</gpxdata:speed>
    </extensions>
   </trkpt>
   <trkpt lat="47.2216403" lon="38.9254674">
    <ele>13</ele>
    <time>2026-08-30T05:12:47Z</time>
    <extensions>
     <gpxdata:hr>171</gpxdata:hr>
     <gpxdata:distance>2035.00</gpxdata:distance>
     <gpxdata:cadence>79</gpxdata:cadence>
     <gpxdata:speed>3.594</gpxdata:speed>
    </extensions>
   </trkpt>
   <trkpt lat="47.2216306" lon="38.9254201">
    <ele>13</ele>
    <time>2026-08-30T05:12:48Z</time>
    <extensions>
     <gpxdata:hr>171</gpxdata:hr>
     <gpxdata:distance>2039.50</gpxdata:distance>
     <gpxdata:cadence>79</gpxdata:cadence>
     <gpxdata:speed>3.608</gpxdata:speed>
    </extensions>
   </trkpt>
   <trkpt lat="47.2216210" lon="38.9253729">
    <ele>13</ele>
    <time>2026-08-30T05:12:49Z</time>
    <extensions>
     <gpxdata:hr>171</gpxdata:hr>
     <gpxdata:distance>2044.00</gpxdata:distance>
     <gpxdata:cadence>79</gpxdata:cadence>
     <gpxdata:speed>3.622</gpxdata:speed>
    </extensions>
   </trkpt>
   <trkpt lat="47.2216099" lon="38.9253250">
    <ele>13</ele>
    <time>2026-08-30T05:12:50Z</time>
    <extensions>
     <gpxdata:hr>171</gpxdata:hr>
     <gpxdata:distance>2046.50</gpxdata:distance>
     <gpxdata:cadence>79</gpxdata:cadence>
     <gpxdata:speed>3.628</gpxdata:speed>
    </extensions>
   </trkpt>
   <trkpt lat="47.2215989" lon="38.9252771">
    <ele>13</ele>
    <time>2026-08-30T05:12:51Z</time>
    <extensions>
     <gpxdata:hr>171</gpxdata:hr>
     <gpxdata:distance>2049.00</gpxdata:distance>
     <gpxdata:cadence>79</gpxdata:cadence>
     <gpxdata:speed>3.633</gpxdata:speed>
    </extensions>
   </trkpt>
   <trkpt lat="47.2215884" lon="38.9252314">
    <ele>13</ele>
    <time>2026-08-30T05:12:52Z</time>
    <extensions>
     <gpxdata:hr>171</gpxdata:hr>
     <gpxdata:distance>2053.00</gpxdata:distance>
     <gpxdata:cadence>79</gpxdata:cadence>
     <gpxdata:speed>3.639</gpxdata:speed>
    </extensions>
   </trkpt>
   <trkpt lat="47.2215780" lon="38.9251857">
    <ele>13</ele>
    <time>2026-08-30T05:12:53Z</time>
    <extensions>
     <gpxdata:hr>171</gpxdata:hr>
     <gpxdata:distance>2057.00</gpxdata:distance>
     <gpxdata:cadence>79</gpxdata:cadence>
     <gpxdata:speed>3.644</gpxdata:speed>
    </extensions>
   </trkpt>
   <trkpt lat="47.2215694" lon="38.9251404">
    <ele>13</ele>
    <time>2026-08-30T05:12:54Z</time>
    <extensions>
     <gpxdata:hr>171</gpxdata:hr>
     <gpxdata:distance>2061.50</gpxdata:distance>
     <gpxdata:cadence>79</gpxdata:cadence>
     <gpxdata:speed>3.633</gpxdata:speed>
    </extensions>
   </trkpt>
   <trkpt lat="47.2215608" lon="38.9250951">
    <ele>13</ele>
    <time>2026-08-30T05:12:55Z</time>
    <extensions>
     <gpxdata:hr>171</gpxdata:hr>
     <gpxdata:distance>2066.00</gpxdata:distance>
     <gpxdata:cadence>79</gpxdata:cadence>
     <gpxdata:speed>3.625</gpxdata:speed>
    </extensions>
   </trkpt>
   <trkpt lat="47.2215530" lon="38.9250488">
    <ele>13</ele>
    <time>2026-08-30T05:12:56Z</time>
    <extensions>
     <gpxdata:hr>170</gpxdata:hr>
     <gpxdata:distance>2070.00</gpxdata:distance>
     <gpxdata:cadence>79</gpxdata:cadence>
     <gpxdata:speed>3.625</gpxdata:speed>
    </extensions>
   </trkpt>
   <trkpt lat="47.2215452" lon="38.9250026">
    <ele>13</ele>
    <time>2026-08-30T05:12:57Z</time>
    <extensions>
     <gpxdata:hr>170</gpxdata:hr>
     <gpxdata:distance>2074.00</gpxdata:distance>
     <gpxdata:cadence>80</gpxdata:cadence>
     <gpxdata:speed>3.625</gpxdata:speed>
    </extensions>
   </trkpt>
   <trkpt lat="47.2215382" lon="38.9249568">
    <ele>13</ele>
    <time>2026-08-30T05:12:58Z</time>
    <extensions>
     <gpxdata:hr>170</gpxdata:hr>
     <gpxdata:distance>2076.50</gpxdata:distance>
     <gpxdata:cadence>80</gpxdata:cadence>
     <gpxdata:speed>3.619</gpxdata:speed>
    </extensions>
   </trkpt>
   <trkpt lat="47.2215313" lon="38.9249110">
    <ele>13</ele>
    <time>2026-08-30T05:12:59Z</time>
    <extensions>
     <gpxdata:hr>170</gpxdata:hr>
     <gpxdata:distance>2079.00</gpxdata:distance>
     <gpxdata:cadence>80</gpxdata:cadence>
     <gpxdata:speed>3.617</gpxdata:speed>
    </extensions>
   </trkpt>
   <trkpt lat="47.2215250" lon="38.9248656">
    <ele>13</ele>
    <time>2026-08-30T05:13:00Z</time>
    <extensions>
     <gpxdata:hr>170</gpxdata:hr>
     <gpxdata:distance>2083.00</gpxdata:distance>
     <gpxdata:cadence>80</gpxdata:cadence>
     <gpxdata:speed>3.611</gpxdata:speed>
    </extensions>
   </trkpt>
   <trkpt lat="47.2215188" lon="38.9248203">
    <ele>13</ele>
    <time>2026-08-30T05:13:01Z</time>
    <extensions>
     <gpxdata:hr>170</gpxdata:hr>
     <gpxdata:distance>2087.00</gpxdata:distance>
     <gpxdata:cadence>80</gpxdata:cadence>
     <gpxdata:speed>3.608</gpxdata:speed>
    </extensions>
   </trkpt>
   <trkpt lat="47.2215138" lon="38.9247731">
    <ele>13</ele>
    <time>2026-08-30T05:13:02Z</time>
    <extensions>
     <gpxdata:hr>170</gpxdata:hr>
     <gpxdata:distance>2090.00</gpxdata:distance>
     <gpxdata:cadence>80</gpxdata:cadence>
     <gpxdata:speed>3.603</gpxdata:speed>
    </extensions>
   </trkpt>
   <trkpt lat="47.2215089" lon="38.9247259">
    <ele>13</ele>
    <time>2026-08-30T05:13:03Z</time>
    <extensions>
     <gpxdata:hr>169</gpxdata:hr>
     <gpxdata:distance>2093.00</gpxdata:distance>
     <gpxdata:cadence>80</gpxdata:cadence>
     <gpxdata:speed>3.597</gpxdata:speed>
    </extensions>
   </trkpt>
   <trkpt lat="47.2215039" lon="38.9246798">
    <ele>13</ele>
    <time>2026-08-30T05:13:04Z</time>
    <extensions>
     <gpxdata:hr>169</gpxdata:hr>
     <gpxdata:distance>2097.00</gpxdata:distance>
     <gpxdata:cadence>80</gpxdata:cadence>
     <gpxdata:speed>3.603</gpxdata:speed>
    </extensions>
   </trkpt>
   <trkpt lat="47.2214990" lon="38.9246338">
    <ele>13</ele>
    <time>2026-08-30T05:13:05Z</time>
    <extensions>
     <gpxdata:hr>169</gpxdata:hr>
     <gpxdata:distance>2101.00</gpxdata:distance>
     <gpxdata:cadence>80</gpxdata:cadence>
     <gpxdata:speed>3.608</gpxdata:speed>
    </extensions>
   </trkpt>
   <trkpt lat="47.2214928" lon="38.9245878">
    <ele>13</ele>
    <time>2026-08-30T05:13:06Z</time>
    <extensions>
     <gpxdata:hr>169</gpxdata:hr>
     <gpxdata:distance>2104.00</gpxdata:distance>
     <gpxdata:cadence>80</gpxdata:cadence>
     <gpxdata:speed>3.617</gpxdata:speed>
    </extensions>
   </trkpt>
   <trkpt lat="47.2214867" lon="38.9245419">
    <ele>14</ele>
    <time>2026-08-30T05:13:07Z</time>
    <extensions>
     <gpxdata:hr>169</gpxdata:hr>
     <gpxdata:distance>2107.00</gpxdata:distance>
     <gpxdata:cadence>80</gpxdata:cadence>
     <gpxdata:speed>3.625</gpxdata:speed>
    </extensions>
   </trkpt>
   <trkpt lat="47.2214798" lon="38.9244954">
    <ele>14</ele>
    <time>2026-08-30T05:13:08Z</time>
    <extensions>
     <gpxdata:hr>169</gpxdata:hr>
     <gpxdata:distance>2112.00</gpxdata:distance>
     <gpxdata:cadence>79</gpxdata:cadence>
     <gpxdata:speed>3.639</gpxdata:speed>
    </extensions>
   </trkpt>
   <trkpt lat="47.2214730" lon="38.9244489">
    <ele>14</ele>
    <time>2026-08-30T05:13:09Z</time>
    <extensions>
     <gpxdata:hr>169</gpxdata:hr>
     <gpxdata:distance>2117.00</gpxdata:distance>
     <gpxdata:cadence>79</gpxdata:cadence>
     <gpxdata:speed>3.653</gpxdata:speed>
    </extensions>
   </trkpt>
   <trkpt lat="47.2214632" lon="38.9244045">
    <ele>14</ele>
    <time>2026-08-30T05:13:10Z</time>
    <extensions>
     <gpxdata:hr>169</gpxdata:hr>
     <gpxdata:distance>2120.00</gpxdata:distance>
     <gpxdata:cadence>79</gpxdata:cadence>
     <gpxdata:speed>3.653</gpxdata:speed>
    </extensions>
   </trkpt>
   <trkpt lat="47.2214534" lon="38.9243601">
    <ele>14</ele>
    <time>2026-08-30T05:13:11Z</time>
    <extensions>
     <gpxdata:hr>169</gpxdata:hr>
     <gpxdata:distance>2123.00</gpxdata:distance>
     <gpxdata:cadence>79</gpxdata:cadence>
     <gpxdata:speed>3.653</gpxdata:speed>
    </extensions>
   </trkpt>
   <trkpt lat="47.2214424" lon="38.9243158">
    <ele>14</ele>
    <time>2026-08-30T05:13:12Z</time>
    <extensions>
     <gpxdata:hr>169</gpxdata:hr>
     <gpxdata:distance>2127.00</gpxdata:distance>
     <gpxdata:cadence>79</gpxdata:cadence>
     <gpxdata:speed>3.642</gpxdata:speed>
    </extensions>
   </trkpt>
   <trkpt lat="47.2214315" lon="38.9242716">
    <ele>14</ele>
    <time>2026-08-30T05:13:13Z</time>
    <extensions>
     <gpxdata:hr>169</gpxdata:hr>
     <gpxdata:distance>2131.00</gpxdata:distance>
     <gpxdata:cadence>79</gpxdata:cadence>
     <gpxdata:speed>3.633</gpxdata:speed>
    </extensions>
   </trkpt>
   <trkpt lat="47.2214228" lon="38.9242266">
    <ele>14</ele>
    <time>2026-08-30T05:13:14Z</time>
    <extensions>
     <gpxdata:hr>169</gpxdata:hr>
     <gpxdata:distance>2134.00</gpxdata:distance>
     <gpxdata:cadence>79</gpxdata:cadence>
     <gpxdata:speed>3.622</gpxdata:speed>
    </extensions>
   </trkpt>
   <trkpt lat="47.2214141" lon="38.9241817">
    <ele>14</ele>
    <time>2026-08-30T05:13:15Z</time>
    <extensions>
     <gpxdata:hr>169</gpxdata:hr>
     <gpxdata:distance>2137.00</gpxdata:distance>
     <gpxdata:cadence>80</gpxdata:cadence>
     <gpxdata:speed>3.614</gpxdata:speed>
    </extensions>
   </trkpt>
   <trkpt lat="47.2214077" lon="38.9241344">
    <ele>14</ele>
    <time>2026-08-30T05:13:16Z</time>
    <extensions>
     <gpxdata:hr>169</gpxdata:hr>
     <gpxdata:distance>2141.00</gpxdata:distance>
     <gpxdata:cadence>80</gpxdata:cadence>
     <gpxdata:speed>3.633</gpxdata:speed>
    </extensions>
   </trkpt>
   <trkpt lat="47.2214013" lon="38.9240871">
    <ele>14</ele>
    <time>2026-08-30T05:13:17Z</time>
    <extensions>
     <gpxdata:hr>169</gpxdata:hr>
     <gpxdata:distance>2145.00</gpxdata:distance>
     <gpxdata:cadence>80</gpxdata:cadence>
     <gpxdata:speed>3.653</gpxdata:speed>
    </extensions>
   </trkpt>
   <trkpt lat="47.2213929" lon="38.9240407">
    <ele>14</ele>
    <time>2026-08-30T05:13:18Z</time>
    <extensions>
     <gpxdata:hr>169</gpxdata:hr>
     <gpxdata:distance>2149.00</gpxdata:distance>
     <gpxdata:cadence>80</gpxdata:cadence>
     <gpxdata:speed>3.669</gpxdata:speed>
    </extensions>
   </trkpt>
   <trkpt lat="47.2213846" lon="38.9239943">
    <ele>14</ele>
    <time>2026-08-30T05:13:19Z</time>
    <extensions>
     <gpxdata:hr>169</gpxdata:hr>
     <gpxdata:distance>2153.00</gpxdata:distance>
     <gpxdata:cadence>80</gpxdata:cadence>
     <gpxdata:speed>3.689</gpxdata:speed>
    </extensions>
   </trkpt>
   <trkpt lat="47.2213751" lon="38.9239510">
    <ele>14</ele>
    <time>2026-08-30T05:13:20Z</time>
    <extensions>
     <gpxdata:hr>169</gpxdata:hr>
     <gpxdata:distance>2157.50</gpxdata:distance>
     <gpxdata:cadence>80</gpxdata:cadence>
     <gpxdata:speed>3.703</gpxdata:speed>
    </extensions>
   </trkpt>
   <trkpt lat="47.2213656" lon="38.9239077">
    <ele>14</ele>
    <time>2026-08-30T05:13:21Z</time>
    <extensions>
     <gpxdata:hr>169</gpxdata:hr>
     <gpxdata:distance>2162.00</gpxdata:distance>
     <gpxdata:cadence>80</gpxdata:cadence>
     <gpxdata:speed>3.719</gpxdata:speed>
    </extensions>
   </trkpt>
   <trkpt lat="47.2213572" lon="38.9238629">
    <ele>14</ele>
    <time>2026-08-30T05:13:22Z</time>
    <extensions>
     <gpxdata:hr>169</gpxdata:hr>
     <gpxdata:distance>2164.50</gpxdata:distance>
     <gpxdata:cadence>80</gpxdata:cadence>
     <gpxdata:speed>3.722</gpxdata:speed>
    </extensions>
   </trkpt>
   <trkpt lat="47.2213489" lon="38.9238182">
    <ele>14</ele>
    <time>2026-08-30T05:13:23Z</time>
    <extensions>
     <gpxdata:hr>169</gpxdata:hr>
     <gpxdata:distance>2167.00</gpxdata:distance>
     <gpxdata:cadence>80</gpxdata:cadence>
     <gpxdata:speed>3.728</gpxdata:speed>
    </extensions>
   </trkpt>
   <trkpt lat="47.2213407" lon="38.9237706">
    <ele>14</ele>
    <time>2026-08-30T05:13:24Z</time>
    <extensions>
     <gpxdata:hr>170</gpxdata:hr>
     <gpxdata:distance>2171.50</gpxdata:distance>
     <gpxdata:cadence>80</gpxdata:cadence>
     <gpxdata:speed>3.717</gpxdata:speed>
    </extensions>
   </trkpt>
   <trkpt lat="47.2213325" lon="38.9237230">
    <ele>14</ele>
    <time>2026-08-30T05:13:25Z</time>
    <extensions>
     <gpxdata:hr>169</gpxdata:hr>
     <gpxdata:distance>2176.00</gpxdata:distance>
     <gpxdata:cadence>80</gpxdata:cadence>
     <gpxdata:speed>3.708</gpxdata:speed>
    </extensions>
   </trkpt>
   <trkpt lat="47.2213230" lon="38.9236748">
    <ele>14</ele>
    <time>2026-08-30T05:13:26Z</time>
    <extensions>
     <gpxdata:hr>170</gpxdata:hr>
     <gpxdata:distance>2178.50</gpxdata:distance>
     <gpxdata:cadence>80</gpxdata:cadence>
     <gpxdata:speed>3.703</gpxdata:speed>
    </extensions>
   </trkpt>
   <trkpt lat="47.2213136" lon="38.9236266">
    <ele>15</ele>
    <time>2026-08-30T05:13:27Z</time>
    <extensions>
     <gpxdata:hr>169</gpxdata:hr>
     <gpxdata:distance>2181.00</gpxdata:distance>
     <gpxdata:cadence>80</gpxdata:cadence>
     <gpxdata:speed>3.700</gpxdata:speed>
    </extensions>
   </trkpt>
   <trkpt lat="47.2213043" lon="38.9235792">
    <ele>15</ele>
    <time>2026-08-30T05:13:28Z</time>
    <extensions>
     <gpxdata:hr>170</gpxdata:hr>
     <gpxdata:distance>2185.50</gpxdata:distance>
     <gpxdata:cadence>80</gpxdata:cadence>
     <gpxdata:speed>3.700</gpxdata:speed>
    </extensions>
   </trkpt>
   <trkpt lat="47.2212950" lon="38.9235318">
    <ele>15</ele>
    <time>2026-08-30T05:13:29Z</time>
    <extensions>
     <gpxdata:hr>170</gpxdata:hr>
     <gpxdata:distance>2190.00</gpxdata:distance>
     <gpxdata:cadence>80</gpxdata:cadence>
     <gpxdata:speed>3.700</gpxdata:speed>
    </extensions>
   </trkpt>
   <trkpt lat="47.2212855" lon="38.9234862">
    <ele>15</ele>
    <time>2026-08-30T05:13:30Z</time>
    <extensions>
     <gpxdata:hr>170</gpxdata:hr>
     <gpxdata:distance>2194.00</gpxdata:distance>
     <gpxdata:cadence>80</gpxdata:cadence>
     <gpxdata:speed>3.708</gpxdata:speed>
    </extensions>
   </trkpt>
   <trkpt lat="47.2212761" lon="38.9234406">
    <ele>15</ele>
    <time>2026-08-30T05:13:31Z</time>
    <extensions>
     <gpxdata:hr>170</gpxdata:hr>
     <gpxdata:distance>2198.00</gpxdata:distance>
     <gpxdata:cadence>80</gpxdata:cadence>
     <gpxdata:speed>3.719</gpxdata:speed>
    </extensions>
   </trkpt>
   <trkpt lat="47.2212665" lon="38.9233961">
    <ele>15</ele>
    <time>2026-08-30T05:13:32Z</time>
    <extensions>
     <gpxdata:hr>170</gpxdata:hr>
     <gpxdata:distance>2202.00</gpxdata:distance>
     <gpxdata:cadence>80</gpxdata:cadence>
     <gpxdata:speed>3.719</gpxdata:speed>
    </extensions>
   </trkpt>
   <trkpt lat="47.2212570" lon="38.9233516">
    <ele>15</ele>
    <time>2026-08-30T05:13:33Z</time>
    <extensions>
     <gpxdata:hr>170</gpxdata:hr>
     <gpxdata:distance>2206.00</gpxdata:distance>
     <gpxdata:cadence>80</gpxdata:cadence>
     <gpxdata:speed>3.719</gpxdata:speed>
    </extensions>
   </trkpt>
   <trkpt lat="47.2212467" lon="38.9233064">
    <ele>15</ele>
    <time>2026-08-30T05:13:34Z</time>
    <extensions>
     <gpxdata:hr>170</gpxdata:hr>
     <gpxdata:distance>2209.00</gpxdata:distance>
     <gpxdata:cadence>79</gpxdata:cadence>
     <gpxdata:speed>3.719</gpxdata:speed>
    </extensions>
   </trkpt>
   <trkpt lat="47.2212365" lon="38.9232613">
    <ele>15</ele>
    <time>2026-08-30T05:13:35Z</time>
    <extensions>
     <gpxdata:hr>170</gpxdata:hr>
     <gpxdata:distance>2212.00</gpxdata:distance>
     <gpxdata:cadence>79</gpxdata:cadence>
     <gpxdata:speed>3.719</gpxdata:speed>
    </extensions>
   </trkpt>
   <trkpt lat="47.2212266" lon="38.9232171">
    <ele>15</ele>
    <time>2026-08-30T05:13:36Z</time>
    <extensions>
     <gpxdata:hr>170</gpxdata:hr>
     <gpxdata:distance>2216.00</gpxdata:distance>
     <gpxdata:cadence>79</gpxdata:cadence>
     <gpxdata:speed>3.714</gpxdata:speed>
    </extensions>
   </trkpt>
   <trkpt lat="47.2212167" lon="38.9231730">
    <ele>15</ele>
    <time>2026-08-30T05:13:37Z</time>
    <extensions>
     <gpxdata:hr>170</gpxdata:hr>
     <gpxdata:distance>2220.00</gpxdata:distance>
     <gpxdata:cadence>79</gpxdata:cadence>
     <gpxdata:speed>3.708</gpxdata:speed>
    </extensions>
   </trkpt>
   <trkpt lat="47.2212075" lon="38.9231285">
    <ele>15</ele>
    <time>2026-08-30T05:13:38Z</time>
    <extensions>
     <gpxdata:hr>171</gpxdata:hr>
     <gpxdata:distance>2223.00</gpxdata:distance>
     <gpxdata:cadence>79</gpxdata:cadence>
     <gpxdata:speed>3.703</gpxdata:speed>
    </extensions>
   </trkpt>
   <trkpt lat="47.2211983" lon="38.9230841">
    <ele>15</ele>
    <time>2026-08-30T05:13:39Z</time>
    <extensions>
     <gpxdata:hr>171</gpxdata:hr>
     <gpxdata:distance>2226.00</gpxdata:distance>
     <gpxdata:cadence>79</gpxdata:cadence>
     <gpxdata:speed>3.697</gpxdata:speed>
    </extensions>
   </trkpt>
   <trkpt lat="47.2211869" lon="38.9230414">
    <ele>15</ele>
    <time>2026-08-30T05:13:40Z</time>
    <extensions>
     <gpxdata:hr>171</gpxdata:hr>
     <gpxdata:distance>2230.00</gpxdata:distance>
     <gpxdata:cadence>79</gpxdata:cadence>
     <gpxdata:speed>3.686</gpxdata:speed>
    </extensions>
   </trkpt>
   <trkpt lat="47.2211755" lon="38.9229988">
    <ele>15</ele>
    <time>2026-08-30T05:13:41Z</time>
    <extensions>
     <gpxdata:hr>171</gpxdata:hr>
     <gpxdata:distance>2234.00</gpxdata:distance>
     <gpxdata:cadence>79</gpxdata:cadence>
     <gpxdata:speed>3.678</gpxdata:speed>
    </extensions>
   </trkpt>
   <trkpt lat="47.2211615" lon="38.9229590">
    <ele>15</ele>
    <time>2026-08-30T05:13:42Z</time>
    <extensions>
     <gpxdata:hr>171</gpxdata:hr>
     <gpxdata:distance>2238.00</gpxdata:distance>
     <gpxdata:cadence>79</gpxdata:cadence>
     <gpxdata:speed>3.667</gpxdata:speed>
    </extensions>
   </trkpt>
   <trkpt lat="47.2211475" lon="38.9229193">
    <ele>15</ele>
    <time>2026-08-30T05:13:43Z</time>
    <extensions>
     <gpxdata:hr>171</gpxdata:hr>
     <gpxdata:distance>2242.00</gpxdata:distance>
     <gpxdata:cadence>79</gpxdata:cadence>
     <gpxdata:speed>3.658</gpxdata:speed>
    </extensions>
   </trkpt>
   <trkpt lat="47.2211344" lon="38.9228782">
    <ele>15</ele>
    <time>2026-08-30T05:13:44Z</time>
    <extensions>
     <gpxdata:hr>171</gpxdata:hr>
     <gpxdata:distance>2246.50</gpxdata:distance>
     <gpxdata:cadence>79</gpxdata:cadence>
     <gpxdata:speed>3.647</gpxdata:speed>
    </extensions>
   </trkpt>
   <trkpt lat="47.2211214" lon="38.9228371">
    <ele>15</ele>
    <time>2026-08-30T05:13:45Z</time>
    <extensions>
     <gpxdata:hr>172</gpxdata:hr>
     <gpxdata:distance>2251.00</gpxdata:distance>
     <gpxdata:cadence>79</gpxdata:cadence>
     <gpxdata:speed>3.639</gpxdata:speed>
    </extensions>
   </trkpt>
   <trkpt lat="47.2211062" lon="38.9227933">
    <ele>15</ele>
    <time>2026-08-30T05:13:46Z</time>
    <extensions>
     <gpxdata:hr>171</gpxdata:hr>
     <gpxdata:distance>2253.50</gpxdata:distance>
     <gpxdata:cadence>79</gpxdata:cadence>
     <gpxdata:speed>3.639</gpxdata:speed>
    </extensions>
   </trkpt>
   <trkpt lat="47.2210911" lon="38.9227496">
    <ele>15</ele>
    <time>2026-08-30T05:13:47Z</time>
    <extensions>
     <gpxdata:hr>171</gpxdata:hr>
     <gpxdata:distance>2256.00</gpxdata:distance>
     <gpxdata:cadence>79</gpxdata:cadence>
     <gpxdata:speed>3.639</gpxdata:speed>
    </extensions>
   </trkpt>
   <trkpt lat="47.2210698" lon="38.9227088">
    <ele>15</ele>
    <time>2026-08-30T05:13:48Z</time>
    <extensions>
     <gpxdata:hr>171</gpxdata:hr>
     <gpxdata:distance>2260.00</gpxdata:distance>
     <gpxdata:cadence>79</gpxdata:cadence>
     <gpxdata:speed>3.639</gpxdata:speed>
    </extensions>
   </trkpt>
   <trkpt lat="47.2210485" lon="38.9226681">
    <ele>15</ele>
    <time>2026-08-30T05:13:49Z</time>
    <extensions>
     <gpxdata:hr>171</gpxdata:hr>
     <gpxdata:distance>2264.00</gpxdata:distance>
     <gpxdata:cadence>79</gpxdata:cadence>
     <gpxdata:speed>3.639</gpxdata:speed>
    </extensions>
   </trkpt>
   <trkpt lat="47.2210229" lon="38.9226351">
    <ele>15</ele>
    <time>2026-08-30T05:13:50Z</time>
    <extensions>
     <gpxdata:hr>171</gpxdata:hr>
     <gpxdata:distance>2267.00</gpxdata:distance>
     <gpxdata:cadence>79</gpxdata:cadence>
     <gpxdata:speed>3.647</gpxdata:speed>
    </extensions>
   </trkpt>
   <trkpt lat="47.2209974" lon="38.9226022">
    <ele>15</ele>
    <time>2026-08-30T05:13:51Z</time>
    <extensions>
     <gpxdata:hr>171</gpxdata:hr>
     <gpxdata:distance>2270.00</gpxdata:distance>
     <gpxdata:cadence>80</gpxdata:cadence>
     <gpxdata:speed>3.658</gpxdata:speed>
    </extensions>
   </trkpt>
   <trkpt lat="47.2209687" lon="38.9225731">
    <ele>16</ele>
    <time>2026-08-30T05:13:52Z</time>
    <extensions>
     <gpxdata:hr>171</gpxdata:hr>
     <gpxdata:distance>2274.50</gpxdata:distance>
     <gpxdata:cadence>80</gpxdata:cadence>
     <gpxdata:speed>3.686</gpxdata:speed>
    </extensions>
   </trkpt>
   <trkpt lat="47.2209401" lon="38.9225441">
    <ele>16</ele>
    <time>2026-08-30T05:13:53Z</time>
    <extensions>
     <gpxdata:hr>171</gpxdata:hr>
     <gpxdata:distance>2279.00</gpxdata:distance>
     <gpxdata:cadence>80</gpxdata:cadence>
     <gpxdata:speed>3.717</gpxdata:speed>
    </extensions>
   </trkpt>
   <trkpt lat="47.2209121" lon="38.9225179">
    <ele>16</ele>
    <time>2026-08-30T05:13:54Z</time>
    <extensions>
     <gpxdata:hr>171</gpxdata:hr>
     <gpxdata:distance>2280.00</gpxdata:distance>
     <gpxdata:cadence>80</gpxdata:cadence>
     <gpxdata:speed>3.719</gpxdata:speed>
    </extensions>
   </trkpt>
   <trkpt lat="47.2208841" lon="38.9224918">
    <ele>16</ele>
    <time>2026-08-30T05:13:55Z</time>
    <extensions>
     <gpxdata:hr>171</gpxdata:hr>
     <gpxdata:distance>2281.00</gpxdata:distance>
     <gpxdata:cadence>80</gpxdata:cadence>
     <gpxdata:speed>3.725</gpxdata:speed>
    </extensions>
   </trkpt>
   <trkpt lat="47.2208573" lon="38.9224655">
    <ele>16</ele>
    <time>2026-08-30T05:13:56Z</time>
    <extensions>
     <gpxdata:hr>172</gpxdata:hr>
     <gpxdata:distance>2287.00</gpxdata:distance>
     <gpxdata:cadence>80</gpxdata:cadence>
     <gpxdata:speed>3.753</gpxdata:speed>
    </extensions>
   </trkpt>
   <trkpt lat="47.2208305" lon="38.9224392">
    <ele>16</ele>
    <time>2026-08-30T05:13:57Z</time>
    <extensions>
     <gpxdata:hr>171</gpxdata:hr>
     <gpxdata:distance>2293.00</gpxdata:distance>
     <gpxdata:cadence>80</gpxdata:cadence>
     <gpxdata:speed>3.783</gpxdata:speed>
    </extensions>
   </trkpt>
   <trkpt lat="47.2208027" lon="38.9224097">
    <ele>16</ele>
    <time>2026-08-30T05:13:58Z</time>
    <extensions>
     <gpxdata:hr>171</gpxdata:hr>
     <gpxdata:distance>2297.00</gpxdata:distance>
     <gpxdata:cadence>79</gpxdata:cadence>
     <gpxdata:speed>3.786</gpxdata:speed>
    </extensions>
   </trkpt>
   <trkpt lat="47.2207750" lon="38.9223803">
    <ele>16</ele>
    <time>2026-08-30T05:13:59Z</time>
    <extensions>
     <gpxdata:hr>171</gpxdata:hr>
     <gpxdata:distance>2301.00</gpxdata:distance>
     <gpxdata:cadence>79</gpxdata:cadence>
     <gpxdata:speed>3.792</gpxdata:speed>
    </extensions>
   </trkpt>
   <trkpt lat="47.2207477" lon="38.9223518">
    <ele>16</ele>
    <time>2026-08-30T05:14:00Z</time>
    <extensions>
     <gpxdata:hr>171</gpxdata:hr>
     <gpxdata:distance>2305.50</gpxdata:distance>
     <gpxdata:cadence>79</gpxdata:cadence>
     <gpxdata:speed>3.781</gpxdata:speed>
    </extensions>
   </trkpt>
   <trkpt lat="47.2207204" lon="38.9223233">
    <ele>16</ele>
    <time>2026-08-30T05:14:01Z</time>
    <extensions>
     <gpxdata:hr>171</gpxdata:hr>
     <gpxdata:distance>2310.00</gpxdata:distance>
     <gpxdata:cadence>79</gpxdata:cadence>
     <gpxdata:speed>3.772</gpxdata:speed>
    </extensions>
   </trkpt>
   <trkpt lat="47.2206922" lon="38.9223027">
    <ele>17</ele>
    <time>2026-08-30T05:14:02Z</time>
    <extensions>
     <gpxdata:hr>171</gpxdata:hr>
     <gpxdata:distance>2312.50</gpxdata:distance>
     <gpxdata:cadence>79</gpxdata:cadence>
     <gpxdata:speed>3.767</gpxdata:speed>
    </extensions>
   </trkpt>
   <trkpt lat="47.2206640" lon="38.9222822">
    <ele>17</ele>
    <time>2026-08-30T05:14:03Z</time>
    <extensions>
     <gpxdata:hr>171</gpxdata:hr>
     <gpxdata:distance>2315.00</gpxdata:distance>
     <gpxdata:cadence>79</gpxdata:cadence>
     <gpxdata:speed>3.764</gpxdata:speed>
    </extensions>
   </trkpt>
   <trkpt lat="47.2206335" lon="38.9222650">
    <ele>17</ele>
    <time>2026-08-30T05:14:04Z</time>
    <extensions>
     <gpxdata:hr>172</gpxdata:hr>
     <gpxdata:distance>2319.50</gpxdata:distance>
     <gpxdata:cadence>79</gpxdata:cadence>
     <gpxdata:speed>3.744</gpxdata:speed>
    </extensions>
   </trkpt>
   <trkpt lat="47.2206031" lon="38.9222478">
    <ele>17</ele>
    <time>2026-08-30T05:14:05Z</time>
    <extensions>
     <gpxdata:hr>172</gpxdata:hr>
     <gpxdata:distance>2324.00</gpxdata:distance>
     <gpxdata:cadence>79</gpxdata:cadence>
     <gpxdata:speed>3.725</gpxdata:speed>
    </extensions>
   </trkpt>
   <trkpt lat="47.2205716" lon="38.9222287">
    <ele>17</ele>
    <time>2026-08-30T05:14:06Z</time>
    <extensions>
     <gpxdata:hr>172</gpxdata:hr>
     <gpxdata:distance>2327.00</gpxdata:distance>
     <gpxdata:cadence>79</gpxdata:cadence>
     <gpxdata:speed>3.725</gpxdata:speed>
    </extensions>
   </trkpt>
   <trkpt lat="47.2205402" lon="38.9222096">
    <ele>17</ele>
    <time>2026-08-30T05:14:07Z</time>
    <extensions>
     <gpxdata:hr>172</gpxdata:hr>
     <gpxdata:distance>2330.00</gpxdata:distance>
     <gpxdata:cadence>79</gpxdata:cadence>
     <gpxdata:speed>3.725</gpxdata:speed>
    </extensions>
   </trkpt>
   <trkpt lat="47.2205116" lon="38.9221851">
    <ele>17</ele>
    <time>2026-08-30T05:14:08Z</time>
    <extensions>
     <gpxdata:hr>172</gpxdata:hr>
     <gpxdata:distance>2335.50</gpxdata:distance>
     <gpxdata:cadence>79</gpxdata:cadence>
     <gpxdata:speed>3.711</gpxdata:speed>
    </extensions>
   </trkpt>
   <trkpt lat="47.2204830" lon="38.9221607">
    <ele>17</ele>
    <time>2026-08-30T05:14:09Z</time>
    <extensions>
     <gpxdata:hr>172</gpxdata:hr>
     <gpxdata:distance>2341.00</gpxdata:distance>
     <gpxdata:cadence>80</gpxdata:cadence>
     <gpxdata:speed>3.697</gpxdata:speed>
    </extensions>
   </trkpt>
   <trkpt lat="47.2204547" lon="38.9221368">
    <ele>17</ele>
    <time>2026-08-30T05:14:10Z</time>
    <extensions>
     <gpxdata:hr>172</gpxdata:hr>
     <gpxdata:distance>2343.50</gpxdata:distance>
     <gpxdata:cadence>80</gpxdata:cadence>
     <gpxdata:speed>3.692</gpxdata:speed>
    </extensions>
   </trkpt>
   <trkpt lat="47.2204265" lon="38.9221129">
    <ele>17</ele>
    <time>2026-08-30T05:14:11Z</time>
    <extensions>
     <gpxdata:hr>172</gpxdata:hr>
     <gpxdata:distance>2346.00</gpxdata:distance>
     <gpxdata:cadence>80</gpxdata:cadence>
     <gpxdata:speed>3.686</gpxdata:speed>
    </extensions>
   </trkpt>
   <trkpt lat="47.2203978" lon="38.9221059">
    <ele>17</ele>
    <time>2026-08-30T05:14:12Z</time>
    <extensions>
     <gpxdata:hr>173</gpxdata:hr>
     <gpxdata:distance>2350.00</gpxdata:distance>
     <gpxdata:cadence>79</gpxdata:cadence>
     <gpxdata:speed>3.644</gpxdata:speed>
    </extensions>
   </trkpt>
   <trkpt lat="47.2203692" lon="38.9220990">
    <ele>17</ele>
    <time>2026-08-30T05:14:13Z</time>
    <extensions>
     <gpxdata:hr>173</gpxdata:hr>
     <gpxdata:distance>2354.00</gpxdata:distance>
     <gpxdata:cadence>79</gpxdata:cadence>
     <gpxdata:speed>3.603</gpxdata:speed>
    </extensions>
   </trkpt>
   <trkpt lat="47.2203398" lon="38.9221199">
    <ele>17</ele>
    <time>2026-08-30T05:14:14Z</time>
    <extensions>
     <gpxdata:hr>173</gpxdata:hr>
     <gpxdata:distance>2356.50</gpxdata:distance>
     <gpxdata:cadence>79</gpxdata:cadence>
     <gpxdata:speed>3.583</gpxdata:speed>
    </extensions>
   </trkpt>
   <trkpt lat="47.2203105" lon="38.9221408">
    <ele>17</ele>
    <time>2026-08-30T05:14:15Z</time>
    <extensions>
     <gpxdata:hr>172</gpxdata:hr>
     <gpxdata:distance>2359.00</gpxdata:distance>
     <gpxdata:cadence>80</gpxdata:cadence>
     <gpxdata:speed>3.564</gpxdata:speed>
    </extensions>
   </trkpt>
   <trkpt lat="47.2202830" lon="38.9221782">
    <ele>17</ele>
    <time>2026-08-30T05:14:16Z</time>
    <extensions>
     <gpxdata:hr>172</gpxdata:hr>
     <gpxdata:distance>2363.50</gpxdata:distance>
     <gpxdata:cadence>79</gpxdata:cadence>
     <gpxdata:speed>3.569</gpxdata:speed>
    </extensions>
   </trkpt>
   <trkpt lat="47.2202555" lon="38.9222156">
    <ele>17</ele>
    <time>2026-08-30T05:14:17Z</time>
    <extensions>
     <gpxdata:hr>172</gpxdata:hr>
     <gpxdata:distance>2368.00</gpxdata:distance>
     <gpxdata:cadence>79</gpxdata:cadence>
     <gpxdata:speed>3.575</gpxdata:speed>
    </extensions>
   </trkpt>
   <trkpt lat="47.2202292" lon="38.9222576">
    <ele>17</ele>
    <time>2026-08-30T05:14:18Z</time>
    <extensions>
     <gpxdata:hr>172</gpxdata:hr>
     <gpxdata:distance>2370.50</gpxdata:distance>
     <gpxdata:cadence>79</gpxdata:cadence>
     <gpxdata:speed>3.589</gpxdata:speed>
    </extensions>
   </trkpt>
   <trkpt lat="47.2202029" lon="38.9222997">
    <ele>17</ele>
    <time>2026-08-30T05:14:19Z</time>
    <extensions>
     <gpxdata:hr>172</gpxdata:hr>
     <gpxdata:distance>2373.00</gpxdata:distance>
     <gpxdata:cadence>79</gpxdata:cadence>
     <gpxdata:speed>3.606</gpxdata:speed>
    </extensions>
   </trkpt>
   <trkpt lat="47.2201783" lon="38.9223421">
    <ele>17</ele>
    <time>2026-08-30T05:14:20Z</time>
    <extensions>
     <gpxdata:hr>172</gpxdata:hr>
     <gpxdata:distance>2378.50</gpxdata:distance>
     <gpxdata:cadence>79</gpxdata:cadence>
     <gpxdata:speed>3.653</gpxdata:speed>
    </extensions>
   </trkpt>
   <trkpt lat="47.2201537" lon="38.9223846">
    <ele>17</ele>
    <time>2026-08-30T05:14:21Z</time>
    <extensions>
     <gpxdata:hr>172</gpxdata:hr>
     <gpxdata:distance>2384.00</gpxdata:distance>
     <gpxdata:cadence>80</gpxdata:cadence>
     <gpxdata:speed>3.700</gpxdata:speed>
    </extensions>
   </trkpt>
   <trkpt lat="47.2201299" lon="38.9224243">
    <ele>17</ele>
    <time>2026-08-30T05:14:22Z</time>
    <extensions>
     <gpxdata:hr>172</gpxdata:hr>
     <gpxdata:distance>2387.00</gpxdata:distance>
     <gpxdata:cadence>80</gpxdata:cadence>
     <gpxdata:speed>3.711</gpxdata:speed>
    </extensions>
   </trkpt>
   <trkpt lat="47.2201061" lon="38.9224640">
    <ele>17</ele>
    <time>2026-08-30T05:14:23Z</time>
    <extensions>
     <gpxdata:hr>172</gpxdata:hr>
     <gpxdata:distance>2390.00</gpxdata:distance>
     <gpxdata:cadence>80</gpxdata:cadence>
     <gpxdata:speed>3.722</gpxdata:speed>
    </extensions>
   </trkpt>
   <trkpt lat="47.2200824" lon="38.9225001">
    <ele>17</ele>
    <time>2026-08-30T05:14:24Z</time>
    <extensions>
     <gpxdata:hr>173</gpxdata:hr>
     <gpxdata:distance>2394.00</gpxdata:distance>
     <gpxdata:cadence>80</gpxdata:cadence>
     <gpxdata:speed>3.717</gpxdata:speed>
    </extensions>
   </trkpt>
   <trkpt lat="47.2200587" lon="38.9225363">
    <ele>17</ele>
    <time>2026-08-30T05:14:25Z</time>
    <extensions>
     <gpxdata:hr>173</gpxdata:hr>
     <gpxdata:distance>2398.00</gpxdata:distance>
     <gpxdata:cadence>80</gpxdata:cadence>
     <gpxdata:speed>3.714</gpxdata:speed>
    </extensions>
   </trkpt>
   <trkpt lat="47.2200353" lon="38.9225705">
    <ele>17</ele>
    <time>2026-08-30T05:14:26Z</time>
    <extensions>
     <gpxdata:hr>173</gpxdata:hr>
     <gpxdata:distance>2401.00</gpxdata:distance>
     <gpxdata:cadence>80</gpxdata:cadence>
     <gpxdata:speed>3.714</gpxdata:speed>
    </extensions>
   </trkpt>
   <trkpt lat="47.2200120" lon="38.9226047">
    <ele>17</ele>
    <time>2026-08-30T05:14:27Z</time>
    <extensions>
     <gpxdata:hr>173</gpxdata:hr>
     <gpxdata:distance>2404.00</gpxdata:distance>
     <gpxdata:cadence>81</gpxdata:cadence>
     <gpxdata:speed>3.717</gpxdata:speed>
    </extensions>
   </trkpt>
   <trkpt lat="47.2199886" lon="38.9226388">
    <ele>17</ele>
    <time>2026-08-30T05:14:28Z</time>
    <extensions>
     <gpxdata:hr>173</gpxdata:hr>
     <gpxdata:distance>2409.50</gpxdata:distance>
     <gpxdata:cadence>81</gpxdata:cadence>
     <gpxdata:speed>3.719</gpxdata:speed>
    </extensions>
   </trkpt>
   <trkpt lat="47.2199653" lon="38.9226730">
    <ele>17</ele>
    <time>2026-08-30T05:14:29Z</time>
    <extensions>
     <gpxdata:hr>173</gpxdata:hr>
     <gpxdata:distance>2415.00</gpxdata:distance>
     <gpxdata:cadence>82</gpxdata:cadence>
     <gpxdata:speed>3.725</gpxdata:speed>
    </extensions>
   </trkpt>
   <trkpt lat="47.2199426" lon="38.9227078">
    <ele>17</ele>
    <time>2026-08-30T05:14:30Z</time>
    <extensions>
     <gpxdata:hr>172</gpxdata:hr>
     <gpxdata:distance>2417.50</gpxdata:distance>
     <gpxdata:cadence>82</gpxdata:cadence>
     <gpxdata:speed>3.733</gpxdata:speed>
    </extensions>
   </trkpt>
   <trkpt lat="47.2199199" lon="38.9227426">
    <ele>17</ele>
    <time>2026-08-30T05:14:31Z</time>
    <extensions>
     <gpxdata:hr>172</gpxdata:hr>
     <gpxdata:distance>2420.00</gpxdata:distance>
     <gpxdata:cadence>82</gpxdata:cadence>
     <gpxdata:speed>3.744</gpxdata:speed>
    </extensions>
   </trkpt>
   <trkpt lat="47.2198963" lon="38.9227799">
    <ele>17</ele>
    <time>2026-08-30T05:14:32Z</time>
    <extensions>
     <gpxdata:hr>172</gpxdata:hr>
     <gpxdata:distance>2424.50</gpxdata:distance>
     <gpxdata:cadence>82</gpxdata:cadence>
     <gpxdata:speed>3.761</gpxdata:speed>
    </extensions>
   </trkpt>
   <trkpt lat="47.2198727" lon="38.9228172">
    <ele>17</ele>
    <time>2026-08-30T05:14:33Z</time>
    <extensions>
     <gpxdata:hr>172</gpxdata:hr>
     <gpxdata:distance>2429.00</gpxdata:distance>
     <gpxdata:cadence>82</gpxdata:cadence>
     <gpxdata:speed>3.781</gpxdata:speed>
    </extensions>
   </trkpt>
   <trkpt lat="47.2198486" lon="38.9228556">
    <ele>17</ele>
    <time>2026-08-30T05:14:34Z</time>
    <extensions>
     <gpxdata:hr>171</gpxdata:hr>
     <gpxdata:distance>2431.50</gpxdata:distance>
     <gpxdata:cadence>82</gpxdata:cadence>
     <gpxdata:speed>3.781</gpxdata:speed>
    </extensions>
   </trkpt>
   <trkpt lat="47.2198245" lon="38.9228941">
    <ele>17</ele>
    <time>2026-08-30T05:14:35Z</time>
    <extensions>
     <gpxdata:hr>171</gpxdata:hr>
     <gpxdata:distance>2434.00</gpxdata:distance>
     <gpxdata:cadence>82</gpxdata:cadence>
     <gpxdata:speed>3.781</gpxdata:speed>
    </extensions>
   </trkpt>
   <trkpt lat="47.2198008" lon="38.9229310">
    <ele>17</ele>
    <time>2026-08-30T05:14:36Z</time>
    <extensions>
     <gpxdata:hr>171</gpxdata:hr>
     <gpxdata:distance>2438.00</gpxdata:distance>
     <gpxdata:cadence>82</gpxdata:cadence>
     <gpxdata:speed>3.775</gpxdata:speed>
    </extensions>
   </trkpt>
   <trkpt lat="47.2197772" lon="38.9229679">
    <ele>17</ele>
    <time>2026-08-30T05:14:37Z</time>
    <extensions>
     <gpxdata:hr>171</gpxdata:hr>
     <gpxdata:distance>2442.00</gpxdata:distance>
     <gpxdata:cadence>82</gpxdata:cadence>
     <gpxdata:speed>3.772</gpxdata:speed>
    </extensions>
   </trkpt>
   <trkpt lat="47.2197524" lon="38.9230042">
    <ele>17</ele>
    <time>2026-08-30T05:14:38Z</time>
    <extensions>
     <gpxdata:hr>171</gpxdata:hr>
     <gpxdata:distance>2446.50</gpxdata:distance>
     <gpxdata:cadence>82</gpxdata:cadence>
     <gpxdata:speed>3.764</gpxdata:speed>
    </extensions>
   </trkpt>
   <trkpt lat="47.2197276" lon="38.9230406">
    <ele>17</ele>
    <time>2026-08-30T05:14:39Z</time>
    <extensions>
     <gpxdata:hr>171</gpxdata:hr>
     <gpxdata:distance>2451.00</gpxdata:distance>
     <gpxdata:cadence>82</gpxdata:cadence>
     <gpxdata:speed>3.756</gpxdata:speed>
    </extensions>
   </trkpt>
   <trkpt lat="47.2197031" lon="38.9230764">
    <ele>17</ele>
    <time>2026-08-30T05:14:40Z</time>
    <extensions>
     <gpxdata:hr>171</gpxdata:hr>
     <gpxdata:distance>2455.00</gpxdata:distance>
     <gpxdata:cadence>82</gpxdata:cadence>
     <gpxdata:speed>3.756</gpxdata:speed>
    </extensions>
   </trkpt>
   <trkpt lat="47.2196786" lon="38.9231122">
    <ele>17</ele>
    <time>2026-08-30T05:14:41Z</time>
    <extensions>
     <gpxdata:hr>171</gpxdata:hr>
     <gpxdata:distance>2459.00</gpxdata:distance>
     <gpxdata:cadence>82</gpxdata:cadence>
     <gpxdata:speed>3.756</gpxdata:speed>
    </extensions>
   </trkpt>
   <trkpt lat="47.2196559" lon="38.9231474">
    <ele>17</ele>
    <time>2026-08-30T05:14:42Z</time>
    <extensions>
     <gpxdata:hr>170</gpxdata:hr>
     <gpxdata:distance>2462.00</gpxdata:distance>
     <gpxdata:cadence>82</gpxdata:cadence>
     <gpxdata:speed>3.758</gpxdata:speed>
    </extensions>
   </trkpt>
   <trkpt lat="47.2196333" lon="38.9231827">
    <ele>17</ele>
    <time>2026-08-30T05:14:43Z</time>
    <extensions>
     <gpxdata:hr>170</gpxdata:hr>
     <gpxdata:distance>2465.00</gpxdata:distance>
     <gpxdata:cadence>82</gpxdata:cadence>
     <gpxdata:speed>3.764</gpxdata:speed>
    </extensions>
   </trkpt>
   <trkpt lat="47.2196132" lon="38.9232194">
    <ele>17</ele>
    <time>2026-08-30T05:14:44Z</time>
    <extensions>
     <gpxdata:hr>170</gpxdata:hr>
     <gpxdata:distance>2469.00</gpxdata:distance>
     <gpxdata:cadence>82</gpxdata:cadence>
     <gpxdata:speed>3.772</gpxdata:speed>
    </extensions>
   </trkpt>
   <trkpt lat="47.2195932" lon="38.9232562">
    <ele>17</ele>
    <time>2026-08-30T05:14:45Z</time>
    <extensions>
     <gpxdata:hr>169</gpxdata:hr>
     <gpxdata:distance>2473.00</gpxdata:distance>
     <gpxdata:cadence>82</gpxdata:cadence>
     <gpxdata:speed>3.783</gpxdata:speed>
    </extensions>
   </trkpt>
   <trkpt lat="47.2195732" lon="38.9232923">
    <ele>17</ele>
    <time>2026-08-30T05:14:46Z</time>
    <extensions>
     <gpxdata:hr>169</gpxdata:hr>
     <gpxdata:distance>2477.00</gpxdata:distance>
     <gpxdata:cadence>82</gpxdata:cadence>
     <gpxdata:speed>3.783</gpxdata:speed>
    </extensions>
   </trkpt>
   <trkpt lat="47.2195533" lon="38.9233284">
    <ele>18</ele>
    <time>2026-08-30T05:14:47Z</time>
    <extensions>
     <gpxdata:hr>170</gpxdata:hr>
     <gpxdata:distance>2481.00</gpxdata:distance>
     <gpxdata:cadence>82</gpxdata:cadence>
     <gpxdata:speed>3.783</gpxdata:speed>
    </extensions>
   </trkpt>
   <trkpt lat="47.2195321" lon="38.9233667">
    <ele>18</ele>
    <time>2026-08-30T05:14:48Z</time>
    <extensions>
     <gpxdata:hr>170</gpxdata:hr>
     <gpxdata:distance>2485.50</gpxdata:distance>
     <gpxdata:cadence>82</gpxdata:cadence>
     <gpxdata:speed>3.781</gpxdata:speed>
    </extensions>
   </trkpt>
   <trkpt lat="47.2195110" lon="38.9234051">
    <ele>18</ele>
    <time>2026-08-30T05:14:49Z</time>
    <extensions>
     <gpxdata:hr>170</gpxdata:hr>
     <gpxdata:distance>2490.00</gpxdata:distance>
     <gpxdata:cadence>82</gpxdata:cadence>
     <gpxdata:speed>3.781</gpxdata:speed>
    </extensions>
   </trkpt>
   <trkpt lat="47.2194882" lon="38.9234413">
    <ele>18</ele>
    <time>2026-08-30T05:14:50Z</time>
    <extensions>
     <gpxdata:hr>170</gpxdata:hr>
     <gpxdata:distance>2492.50</gpxdata:distance>
     <gpxdata:cadence>82</gpxdata:cadence>
     <gpxdata:speed>3.794</gpxdata:speed>
    </extensions>
   </trkpt>
   <trkpt lat="47.2194655" lon="38.9234775">
    <ele>18</ele>
    <time>2026-08-30T05:14:51Z</time>
    <extensions>
     <gpxdata:hr>170</gpxdata:hr>
     <gpxdata:distance>2495.00</gpxdata:distance>
     <gpxdata:cadence>82</gpxdata:cadence>
     <gpxdata:speed>3.808</gpxdata:speed>
    </extensions>
   </trkpt>
   <trkpt lat="47.2194419" lon="38.9235128">
    <ele>18</ele>
    <time>2026-08-30T05:14:52Z</time>
    <extensions>
     <gpxdata:hr>169</gpxdata:hr>
     <gpxdata:distance>2499.50</gpxdata:distance>
     <gpxdata:cadence>82</gpxdata:cadence>
     <gpxdata:speed>3.817</gpxdata:speed>
    </extensions>
   </trkpt>
   <trkpt lat="47.2194183" lon="38.9235482">
    <ele>18</ele>
    <time>2026-08-30T05:14:53Z</time>
    <extensions>
     <gpxdata:hr>169</gpxdata:hr>
     <gpxdata:distance>2504.00</gpxdata:distance>
     <gpxdata:cadence>82</gpxdata:cadence>
     <gpxdata:speed>3.828</gpxdata:speed>
    </extensions>
   </trkpt>
   <trkpt lat="47.2193945" lon="38.9235834">
    <ele>18</ele>
    <time>2026-08-30T05:14:54Z</time>
    <extensions>
     <gpxdata:hr>169</gpxdata:hr>
     <gpxdata:distance>2508.00</gpxdata:distance>
     <gpxdata:cadence>82</gpxdata:cadence>
     <gpxdata:speed>3.861</gpxdata:speed>
    </extensions>
   </trkpt>
   <trkpt lat="47.2193708" lon="38.9236186">
    <ele>18</ele>
    <time>2026-08-30T05:14:55Z</time>
    <extensions>
     <gpxdata:hr>169</gpxdata:hr>
     <gpxdata:distance>2512.00</gpxdata:distance>
     <gpxdata:cadence>82</gpxdata:cadence>
     <gpxdata:speed>3.894</gpxdata:speed>
    </extensions>
   </trkpt>
   <trkpt lat="47.2193478" lon="38.9236542">
    <ele>18</ele>
    <time>2026-08-30T05:14:56Z</time>
    <extensions>
     <gpxdata:hr>169</gpxdata:hr>
     <gpxdata:distance>2516.50</gpxdata:distance>
     <gpxdata:cadence>82</gpxdata:cadence>
     <gpxdata:speed>3.900</gpxdata:speed>
    </extensions>
   </trkpt>
   <trkpt lat="47.2193249" lon="38.9236899">
    <ele>18</ele>
    <time>2026-08-30T05:14:57Z</time>
    <extensions>
     <gpxdata:hr>169</gpxdata:hr>
     <gpxdata:distance>2521.00</gpxdata:distance>
     <gpxdata:cadence>82</gpxdata:cadence>
     <gpxdata:speed>3.906</gpxdata:speed>
    </extensions>
   </trkpt>
   <trkpt lat="47.2193015" lon="38.9237274">
    <ele>18</ele>
    <time>2026-08-30T05:14:58Z</time>
    <extensions>
     <gpxdata:hr>169</gpxdata:hr>
     <gpxdata:distance>2524.00</gpxdata:distance>
     <gpxdata:cadence>82</gpxdata:cadence>
     <gpxdata:speed>3.908</gpxdata:speed>
    </extensions>
   </trkpt>
   <trkpt lat="47.2192782" lon="38.9237650">
    <ele>18</ele>
    <time>2026-08-30T05:14:59Z</time>
    <extensions>
     <gpxdata:hr>169</gpxdata:hr>
     <gpxdata:distance>2527.00</gpxdata:distance>
     <gpxdata:cadence>83</gpxdata:cadence>
     <gpxdata:speed>3.914</gpxdata:speed>
    </extensions>
   </trkpt>
   <trkpt lat="47.2192563" lon="38.9238028">
    <ele>18</ele>
    <time>2026-08-30T05:15:00Z</time>
    <extensions>
     <gpxdata:hr>169</gpxdata:hr>
     <gpxdata:distance>2531.00</gpxdata:distance>
     <gpxdata:cadence>83</gpxdata:cadence>
     <gpxdata:speed>3.914</gpxdata:speed>
    </extensions>
   </trkpt>
   <trkpt lat="47.2192344" lon="38.9238406">
    <ele>18</ele>
    <time>2026-08-30T05:15:01Z</time>
    <extensions>
     <gpxdata:hr>169</gpxdata:hr>
     <gpxdata:distance>2535.00</gpxdata:distance>
     <gpxdata:cadence>83</gpxdata:cadence>
     <gpxdata:speed>3.914</gpxdata:speed>
    </extensions>
   </trkpt>
   <trkpt lat="47.2192144" lon="38.9238790">
    <ele>18</ele>
    <time>2026-08-30T05:15:02Z</time>
    <extensions>
     <gpxdata:hr>169</gpxdata:hr>
     <gpxdata:distance>2539.00</gpxdata:distance>
     <gpxdata:cadence>83</gpxdata:cadence>
     <gpxdata:speed>3.894</gpxdata:speed>
    </extensions>
   </trkpt>
   <trkpt lat="47.2191944" lon="38.9239174">
    <ele>18</ele>
    <time>2026-08-30T05:15:03Z</time>
    <extensions>
     <gpxdata:hr>170</gpxdata:hr>
     <gpxdata:distance>2543.00</gpxdata:distance>
     <gpxdata:cadence>83</gpxdata:cadence>
     <gpxdata:speed>3.875</gpxdata:speed>
    </extensions>
   </trkpt>
   <trkpt lat="47.2191735" lon="38.9239536">
    <ele>18</ele>
    <time>2026-08-30T05:15:04Z</time>
    <extensions>
     <gpxdata:hr>170</gpxdata:hr>
     <gpxdata:distance>2547.50</gpxdata:distance>
     <gpxdata:cadence>83</gpxdata:cadence>
     <gpxdata:speed>3.861</gpxdata:speed>
    </extensions>
   </trkpt>
   <trkpt lat="47.2191527" lon="38.9239898">
    <ele>18</ele>
    <time>2026-08-30T05:15:05Z</time>
    <extensions>
     <gpxdata:hr>170</gpxdata:hr>
     <gpxdata:distance>2552.00</gpxdata:distance>
     <gpxdata:cadence>83</gpxdata:cadence>
     <gpxdata:speed>3.847</gpxdata:speed>
    </extensions>
   </trkpt>
   <trkpt lat="47.2191307" lon="38.9240256">
    <ele>18</ele>
    <time>2026-08-30T05:15:06Z</time>
    <extensions>
     <gpxdata:hr>169</gpxdata:hr>
     <gpxdata:distance>2554.50</gpxdata:distance>
     <gpxdata:cadence>82</gpxdata:cadence>
     <gpxdata:speed>3.836</gpxdata:speed>
    </extensions>
   </trkpt>
   <trkpt lat="47.2191088" lon="38.9240614">
    <ele>18</ele>
    <time>2026-08-30T05:15:07Z</time>
    <extensions>
     <gpxdata:hr>169</gpxdata:hr>
     <gpxdata:distance>2557.00</gpxdata:distance>
     <gpxdata:cadence>82</gpxdata:cadence>
     <gpxdata:speed>3.828</gpxdata:speed>
    </extensions>
   </trkpt>
   <trkpt lat="47.2190849" lon="38.9240972">
    <ele>18</ele>
    <time>2026-08-30T05:15:08Z</time>
    <extensions>
     <gpxdata:hr>168</gpxdata:hr>
     <gpxdata:distance>2561.00</gpxdata:distance>
     <gpxdata:cadence>82</gpxdata:cadence>
     <gpxdata:speed>3.808</gpxdata:speed>
    </extensions>
   </trkpt>
   <trkpt lat="47.2190611" lon="38.9241330">
    <ele>18</ele>
    <time>2026-08-30T05:15:09Z</time>
    <extensions>
     <gpxdata:hr>168</gpxdata:hr>
     <gpxdata:distance>2565.00</gpxdata:distance>
     <gpxdata:cadence>82</gpxdata:cadence>
     <gpxdata:speed>3.789</gpxdata:speed>
    </extensions>
   </trkpt>
   <trkpt lat="47.2190361" lon="38.9241683">
    <ele>18</ele>
    <time>2026-08-30T05:15:10Z</time>
    <extensions>
     <gpxdata:hr>168</gpxdata:hr>
     <gpxdata:distance>2569.50</gpxdata:distance>
     <gpxdata:cadence>82</gpxdata:cadence>
     <gpxdata:speed>3.775</gpxdata:speed>
    </extensions>
   </trkpt>
   <trkpt lat="47.2190112" lon="38.9242037">
    <ele>18</ele>
    <time>2026-08-30T05:15:11Z</time>
    <extensions>
     <gpxdata:hr>168</gpxdata:hr>
     <gpxdata:distance>2574.00</gpxdata:distance>
     <gpxdata:cadence>82</gpxdata:cadence>
     <gpxdata:speed>3.761</gpxdata:speed>
    </extensions>
   </trkpt>
   <trkpt lat="47.2189863" lon="38.9242382">
    <ele>18</ele>
    <time>2026-08-30T05:15:12Z</time>
    <extensions>
     <gpxdata:hr>169</gpxdata:hr>
     <gpxdata:distance>2577.50</gpxdata:distance>
     <gpxdata:cadence>82</gpxdata:cadence>
     <gpxdata:speed>3.742</gpxdata:speed>
    </extensions>
   </trkpt>
   <trkpt lat="47.2189615" lon="38.9242727">
    <ele>18</ele>
    <time>2026-08-30T05:15:13Z</time>
    <extensions>
     <gpxdata:hr>169</gpxdata:hr>
     <gpxdata:distance>2581.00</gpxdata:distance>
     <gpxdata:cadence>82</gpxdata:cadence>
     <gpxdata:speed>3.725</gpxdata:speed>
    </extensions>
   </trkpt>
   <trkpt lat="47.2189375" lon="38.9243054">
    <ele>18</ele>
    <time>2026-08-30T05:15:14Z</time>
    <extensions>
     <gpxdata:hr>169</gpxdata:hr>
     <gpxdata:distance>2584.00</gpxdata:distance>
     <gpxdata:cadence>82</gpxdata:cadence>
     <gpxdata:speed>3.711</gpxdata:speed>
    </extensions>
   </trkpt>
   <trkpt lat="47.2189136" lon="38.9243382">
    <ele>18</ele>
    <time>2026-08-30T05:15:15Z</time>
    <extensions>
     <gpxdata:hr>169</gpxdata:hr>
     <gpxdata:distance>2587.00</gpxdata:distance>
     <gpxdata:cadence>82</gpxdata:cadence>
     <gpxdata:speed>3.697</gpxdata:speed>
    </extensions>
   </trkpt>
   <trkpt lat="47.2188896" lon="38.9243704">
    <ele>18</ele>
    <time>2026-08-30T05:15:16Z</time>
    <extensions>
     <gpxdata:hr>170</gpxdata:hr>
     <gpxdata:distance>2591.00</gpxdata:distance>
     <gpxdata:cadence>81</gpxdata:cadence>
     <gpxdata:speed>3.667</gpxdata:speed>
    </extensions>
   </trkpt>
   <trkpt lat="47.2188657" lon="38.9244027">
    <ele>18</ele>
    <time>2026-08-30T05:15:17Z</time>
    <extensions>
     <gpxdata:hr>170</gpxdata:hr>
     <gpxdata:distance>2595.00</gpxdata:distance>
     <gpxdata:cadence>81</gpxdata:cadence>
     <gpxdata:speed>3.639</gpxdata:speed>
    </extensions>
   </trkpt>
   <trkpt lat="47.2188423" lon="38.9244343">
    <ele>18</ele>
    <time>2026-08-30T05:15:18Z</time>
    <extensions>
     <gpxdata:hr>170</gpxdata:hr>
     <gpxdata:distance>2599.00</gpxdata:distance>
     <gpxdata:cadence>81</gpxdata:cadence>
     <gpxdata:speed>3.639</gpxdata:speed>
    </extensions>
   </trkpt>
   <trkpt lat="47.2188189" lon="38.9244660">
    <ele>18</ele>
    <time>2026-08-30T05:15:19Z</time>
    <extensions>
     <gpxdata:hr>171</gpxdata:hr>
     <gpxdata:distance>2603.00</gpxdata:distance>
     <gpxdata:cadence>81</gpxdata:cadence>
     <gpxdata:speed>3.639</gpxdata:speed>
    </extensions>
   </trkpt>
   <trkpt lat="47.2187975" lon="38.9244984">
    <ele>18</ele>
    <time>2026-08-30T05:15:20Z</time>
    <extensions>
     <gpxdata:hr>171</gpxdata:hr>
     <gpxdata:distance>2607.00</gpxdata:distance>
     <gpxdata:cadence>81</gpxdata:cadence>
     <gpxdata:speed>3.653</gpxdata:speed>
    </extensions>
   </trkpt>
   <trkpt lat="47.2187761" lon="38.9245308">
    <ele>18</ele>
    <time>2026-08-30T05:15:21Z</time>
    <extensions>
     <gpxdata:hr>172</gpxdata:hr>
     <gpxdata:distance>2611.00</gpxdata:distance>
     <gpxdata:cadence>81</gpxdata:cadence>
     <gpxdata:speed>3.667</gpxdata:speed>
    </extensions>
   </trkpt>
   <trkpt lat="47.2187555" lon="38.9245658">
    <ele>19</ele>
    <time>2026-08-30T05:15:22Z</time>
    <extensions>
     <gpxdata:hr>172</gpxdata:hr>
     <gpxdata:distance>2614.00</gpxdata:distance>
     <gpxdata:cadence>80</gpxdata:cadence>
     <gpxdata:speed>3.675</gpxdata:speed>
    </extensions>
   </trkpt>
   <trkpt lat="47.2187349" lon="38.9246008">
    <ele>19</ele>
    <time>2026-08-30T05:15:23Z</time>
    <extensions>
     <gpxdata:hr>172</gpxdata:hr>
     <gpxdata:distance>2617.00</gpxdata:distance>
     <gpxdata:cadence>80</gpxdata:cadence>
     <gpxdata:speed>3.686</gpxdata:speed>
    </extensions>
   </trkpt>
   <trkpt lat="47.2187151" lon="38.9246391">
    <ele>19</ele>
    <time>2026-08-30T05:15:24Z</time>
    <extensions>
     <gpxdata:hr>173</gpxdata:hr>
     <gpxdata:distance>2621.00</gpxdata:distance>
     <gpxdata:cadence>80</gpxdata:cadence>
     <gpxdata:speed>3.706</gpxdata:speed>
    </extensions>
   </trkpt>
   <trkpt lat="47.2186954" lon="38.9246774">
    <ele>19</ele>
    <time>2026-08-30T05:15:25Z</time>
    <extensions>
     <gpxdata:hr>173</gpxdata:hr>
     <gpxdata:distance>2625.00</gpxdata:distance>
     <gpxdata:cadence>80</gpxdata:cadence>
     <gpxdata:speed>3.725</gpxdata:speed>
    </extensions>
   </trkpt>
   <trkpt lat="47.2186745" lon="38.9247140">
    <ele>19</ele>
    <time>2026-08-30T05:15:26Z</time>
    <extensions>
     <gpxdata:hr>174</gpxdata:hr>
     <gpxdata:distance>2628.00</gpxdata:distance>
     <gpxdata:cadence>81</gpxdata:cadence>
     <gpxdata:speed>3.722</gpxdata:speed>
    </extensions>
   </trkpt>
   <trkpt lat="47.2186536" lon="38.9247507">
    <ele>19</ele>
    <time>2026-08-30T05:15:27Z</time>
    <extensions>
     <gpxdata:hr>174</gpxdata:hr>
     <gpxdata:distance>2631.00</gpxdata:distance>
     <gpxdata:cadence>81</gpxdata:cadence>
     <gpxdata:speed>3.722</gpxdata:speed>
    </extensions>
   </trkpt>
   <trkpt lat="47.2186342" lon="38.9247901">
    <ele>19</ele>
    <time>2026-08-30T05:15:28Z</time>
    <extensions>
     <gpxdata:hr>174</gpxdata:hr>
     <gpxdata:distance>2636.50</gpxdata:distance>
     <gpxdata:cadence>81</gpxdata:cadence>
     <gpxdata:speed>3.722</gpxdata:speed>
    </extensions>
   </trkpt>
   <trkpt lat="47.2186149" lon="38.9248295">
    <ele>19</ele>
    <time>2026-08-30T05:15:29Z</time>
    <extensions>
     <gpxdata:hr>174</gpxdata:hr>
     <gpxdata:distance>2642.00</gpxdata:distance>
     <gpxdata:cadence>81</gpxdata:cadence>
     <gpxdata:speed>3.722</gpxdata:speed>
    </extensions>
   </trkpt>
   <trkpt lat="47.2186103" lon="38.9248744">
    <ele>19</ele>
    <time>2026-08-30T05:15:30Z</time>
    <extensions>
     <gpxdata:hr>174</gpxdata:hr>
     <gpxdata:distance>2644.50</gpxdata:distance>
     <gpxdata:cadence>80</gpxdata:cadence>
     <gpxdata:speed>3.711</gpxdata:speed>
    </extensions>
   </trkpt>
   <trkpt lat="47.2186058" lon="38.9249193">
    <ele>19</ele>
    <time>2026-08-30T05:15:31Z</time>
    <extensions>
     <gpxdata:hr>175</gpxdata:hr>
     <gpxdata:distance>2647.00</gpxdata:distance>
     <gpxdata:cadence>80</gpxdata:cadence>
     <gpxdata:speed>3.703</gpxdata:speed>
    </extensions>
   </trkpt>
   <trkpt lat="47.2186154" lon="38.9249662">
    <ele>19</ele>
    <time>2026-08-30T05:15:32Z</time>
    <extensions>
     <gpxdata:hr>175</gpxdata:hr>
     <gpxdata:distance>2651.00</gpxdata:distance>
     <gpxdata:cadence>80</gpxdata:cadence>
     <gpxdata:speed>3.697</gpxdata:speed>
    </extensions>
   </trkpt>
   <trkpt lat="47.2186250" lon="38.9250132">
    <ele>19</ele>
    <time>2026-08-30T05:15:33Z</time>
    <extensions>
     <gpxdata:hr>176</gpxdata:hr>
     <gpxdata:distance>2655.00</gpxdata:distance>
     <gpxdata:cadence>80</gpxdata:cadence>
     <gpxdata:speed>3.692</gpxdata:speed>
    </extensions>
   </trkpt>
   <trkpt lat="47.2186447" lon="38.9250561">
    <ele>19</ele>
    <time>2026-08-30T05:15:34Z</time>
    <extensions>
     <gpxdata:hr>176</gpxdata:hr>
     <gpxdata:distance>2658.00</gpxdata:distance>
     <gpxdata:cadence>79</gpxdata:cadence>
     <gpxdata:speed>3.692</gpxdata:speed>
    </extensions>
   </trkpt>
   <trkpt lat="47.2186645" lon="38.9250991">
    <ele>19</ele>
    <time>2026-08-30T05:15:35Z</time>
    <extensions>
     <gpxdata:hr>176</gpxdata:hr>
     <gpxdata:distance>2661.00</gpxdata:distance>
     <gpxdata:cadence>79</gpxdata:cadence>
     <gpxdata:speed>3.694</gpxdata:speed>
    </extensions>
   </trkpt>
   <trkpt lat="47.2186896" lon="38.9251369">
    <ele>19</ele>
    <time>2026-08-30T05:15:36Z</time>
    <extensions>
     <gpxdata:hr>175</gpxdata:hr>
     <gpxdata:distance>2665.00</gpxdata:distance>
     <gpxdata:cadence>79</gpxdata:cadence>
     <gpxdata:speed>3.694</gpxdata:speed>
    </extensions>
   </trkpt>
   <trkpt lat="47.2187148" lon="38.9251747">
    <ele>19</ele>
    <time>2026-08-30T05:15:37Z</time>
    <extensions>
     <gpxdata:hr>175</gpxdata:hr>
     <gpxdata:distance>2669.00</gpxdata:distance>
     <gpxdata:cadence>80</gpxdata:cadence>
     <gpxdata:speed>3.694</gpxdata:speed>
    </extensions>
   </trkpt>
   <trkpt lat="47.2187421" lon="38.9252079">
    <ele>18</ele>
    <time>2026-08-30T05:15:38Z</time>
    <extensions>
     <gpxdata:hr>175</gpxdata:hr>
     <gpxdata:distance>2672.00</gpxdata:distance>
     <gpxdata:cadence>80</gpxdata:cadence>
     <gpxdata:speed>3.700</gpxdata:speed>
    </extensions>
   </trkpt>
   <trkpt lat="47.2187694" lon="38.9252411">
    <ele>18</ele>
    <time>2026-08-30T05:15:39Z</time>
    <extensions>
     <gpxdata:hr>174</gpxdata:hr>
     <gpxdata:distance>2675.00</gpxdata:distance>
     <gpxdata:cadence>80</gpxdata:cadence>
     <gpxdata:speed>3.706</gpxdata:speed>
    </extensions>
   </trkpt>
   <trkpt lat="47.2187979" lon="38.9252763">
    <ele>18</ele>
    <time>2026-08-30T05:15:40Z</time>
    <extensions>
     <gpxdata:hr>174</gpxdata:hr>
     <gpxdata:distance>2680.50</gpxdata:distance>
     <gpxdata:cadence>80</gpxdata:cadence>
     <gpxdata:speed>3.725</gpxdata:speed>
    </extensions>
   </trkpt>
   <trkpt lat="47.2188265" lon="38.9253116">
    <ele>18</ele>
    <time>2026-08-30T05:15:41Z</time>
    <extensions>
     <gpxdata:hr>174</gpxdata:hr>
     <gpxdata:distance>2686.00</gpxdata:distance>
     <gpxdata:cadence>80</gpxdata:cadence>
     <gpxdata:speed>3.744</gpxdata:speed>
    </extensions>
   </trkpt>
   <trkpt lat="47.2188517" lon="38.9253495">
    <ele>18</ele>
    <time>2026-08-30T05:15:42Z</time>
    <extensions>
     <gpxdata:hr>174</gpxdata:hr>
     <gpxdata:distance>2689.00</gpxdata:distance>
     <gpxdata:cadence>80</gpxdata:cadence>
     <gpxdata:speed>3.747</gpxdata:speed>
    </extensions>
   </trkpt>
   <trkpt lat="47.2188769" lon="38.9253875">
    <ele>18</ele>
    <time>2026-08-30T05:15:43Z</time>
    <extensions>
     <gpxdata:hr>174</gpxdata:hr>
     <gpxdata:distance>2692.00</gpxdata:distance>
     <gpxdata:cadence>80</gpxdata:cadence>
     <gpxdata:speed>3.753</gpxdata:speed>
    </extensions>
   </trkpt>
   <trkpt lat="47.2189002" lon="38.9254241">
    <ele>18</ele>
    <time>2026-08-30T05:15:44Z</time>
    <extensions>
     <gpxdata:hr>174</gpxdata:hr>
     <gpxdata:distance>2696.00</gpxdata:distance>
     <gpxdata:cadence>80</gpxdata:cadence>
     <gpxdata:speed>3.753</gpxdata:speed>
    </extensions>
   </trkpt>
   <trkpt lat="47.2189236" lon="38.9254608">
    <ele>18</ele>
    <time>2026-08-30T05:15:45Z</time>
    <extensions>
     <gpxdata:hr>175</gpxdata:hr>
     <gpxdata:distance>2700.00</gpxdata:distance>
     <gpxdata:cadence>80</gpxdata:cadence>
     <gpxdata:speed>3.756</gpxdata:speed>
    </extensions>
   </trkpt>
   <trkpt lat="47.2189440" lon="38.9254984">
    <ele>18</ele>
    <time>2026-08-30T05:15:46Z</time>
    <extensions>
     <gpxdata:hr>175</gpxdata:hr>
     <gpxdata:distance>2703.00</gpxdata:distance>
     <gpxdata:cadence>80</gpxdata:cadence>
     <gpxdata:speed>3.769</gpxdata:speed>
    </extensions>
   </trkpt>
   <trkpt lat="47.2189644" lon="38.9255360">
    <ele>18</ele>
    <time>2026-08-30T05:15:47Z</time>
    <extensions>
     <gpxdata:hr>174</gpxdata:hr>
     <gpxdata:distance>2706.00</gpxdata:distance>
     <gpxdata:cadence>80</gpxdata:cadence>
     <gpxdata:speed>3.786</gpxdata:speed>
    </extensions>
   </trkpt>
   <trkpt lat="47.2189779" lon="38.9255779">
    <ele>18</ele>
    <time>2026-08-30T05:15:48Z</time>
    <extensions>
     <gpxdata:hr>175</gpxdata:hr>
     <gpxdata:distance>2710.50</gpxdata:distance>
     <gpxdata:cadence>80</gpxdata:cadence>
     <gpxdata:speed>3.778</gpxdata:speed>
    </extensions>
   </trkpt>
   <trkpt lat="47.2189914" lon="38.9256199">
    <ele>18</ele>
    <time>2026-08-30T05:15:49Z</time>
    <extensions>
     <gpxdata:hr>175</gpxdata:hr>
     <gpxdata:distance>2715.00</gpxdata:distance>
     <gpxdata:cadence>80</gpxdata:cadence>
     <gpxdata:speed>3.769</gpxdata:speed>
    </extensions>
   </trkpt>
   <trkpt lat="47.2189952" lon="38.9256669">
    <ele>18</ele>
    <time>2026-08-30T05:15:50Z</time>
    <extensions>
     <gpxdata:hr>175</gpxdata:hr>
     <gpxdata:distance>2717.50</gpxdata:distance>
     <gpxdata:cadence>80</gpxdata:cadence>
     <gpxdata:speed>3.769</gpxdata:speed>
    </extensions>
   </trkpt>
   <trkpt lat="47.2189991" lon="38.9257140">
    <ele>18</ele>
    <time>2026-08-30T05:15:51Z</time>
    <extensions>
     <gpxdata:hr>175</gpxdata:hr>
     <gpxdata:distance>2720.00</gpxdata:distance>
     <gpxdata:cadence>80</gpxdata:cadence>
     <gpxdata:speed>3.769</gpxdata:speed>
    </extensions>
   </trkpt>
   <trkpt lat="47.2189957" lon="38.9257648">
    <ele>18</ele>
    <time>2026-08-30T05:15:52Z</time>
    <extensions>
     <gpxdata:hr>174</gpxdata:hr>
     <gpxdata:distance>2726.00</gpxdata:distance>
     <gpxdata:cadence>80</gpxdata:cadence>
     <gpxdata:speed>3.772</gpxdata:speed>
    </extensions>
   </trkpt>
   <trkpt lat="47.2189923" lon="38.9258157">
    <ele>17</ele>
    <time>2026-08-30T05:15:53Z</time>
    <extensions>
     <gpxdata:hr>174</gpxdata:hr>
     <gpxdata:distance>2732.00</gpxdata:distance>
     <gpxdata:cadence>80</gpxdata:cadence>
     <gpxdata:speed>3.778</gpxdata:speed>
    </extensions>
   </trkpt>
   <trkpt lat="47.2189890" lon="38.9258664">
    <ele>17</ele>
    <time>2026-08-30T05:15:54Z</time>
    <extensions>
     <gpxdata:hr>173</gpxdata:hr>
     <gpxdata:distance>2734.50</gpxdata:distance>
     <gpxdata:cadence>80</gpxdata:cadence>
     <gpxdata:speed>3.778</gpxdata:speed>
    </extensions>
   </trkpt>
   <trkpt lat="47.2189857" lon="38.9259172">
    <ele>17</ele>
    <time>2026-08-30T05:15:55Z</time>
    <extensions>
     <gpxdata:hr>173</gpxdata:hr>
     <gpxdata:distance>2737.00</gpxdata:distance>
     <gpxdata:cadence>80</gpxdata:cadence>
     <gpxdata:speed>3.778</gpxdata:speed>
    </extensions>
   </trkpt>
   <trkpt lat="47.2189867" lon="38.9259693">
    <ele>17</ele>
    <time>2026-08-30T05:15:56Z</time>
    <extensions>
     <gpxdata:hr>173</gpxdata:hr>
     <gpxdata:distance>2741.50</gpxdata:distance>
     <gpxdata:cadence>79</gpxdata:cadence>
     <gpxdata:speed>3.786</gpxdata:speed>
    </extensions>
   </trkpt>
   <trkpt lat="47.2189877" lon="38.9260215">
    <ele>17</ele>
    <time>2026-08-30T05:15:57Z</time>
    <extensions>
     <gpxdata:hr>172</gpxdata:hr>
     <gpxdata:distance>2746.00</gpxdata:distance>
     <gpxdata:cadence>79</gpxdata:cadence>
     <gpxdata:speed>3.797</gpxdata:speed>
    </extensions>
   </trkpt>
   <trkpt lat="47.2189971" lon="38.9260713">
    <ele>17</ele>
    <time>2026-08-30T05:15:58Z</time>
    <extensions>
     <gpxdata:hr>172</gpxdata:hr>
     <gpxdata:distance>2749.00</gpxdata:distance>
     <gpxdata:cadence>79</gpxdata:cadence>
     <gpxdata:speed>3.786</gpxdata:speed>
    </extensions>
   </trkpt>
   <trkpt lat="47.2190066" lon="38.9261211">
    <ele>17</ele>
    <time>2026-08-30T05:15:59Z</time>
    <extensions>
     <gpxdata:hr>172</gpxdata:hr>
     <gpxdata:distance>2752.00</gpxdata:distance>
     <gpxdata:cadence>79</gpxdata:cadence>
     <gpxdata:speed>3.778</gpxdata:speed>
    </extensions>
   </trkpt>
   <trkpt lat="47.2190222" lon="38.9261657">
    <ele>17</ele>
    <time>2026-08-30T05:16:00Z</time>
    <extensions>
     <gpxdata:hr>172</gpxdata:hr>
     <gpxdata:distance>2756.00</gpxdata:distance>
     <gpxdata:cadence>79</gpxdata:cadence>
     <gpxdata:speed>3.778</gpxdata:speed>
    </extensions>
   </trkpt>
   <trkpt lat="47.2190379" lon="38.9262104">
    <ele>17</ele>
    <time>2026-08-30T05:16:01Z</time>
    <extensions>
     <gpxdata:hr>172</gpxdata:hr>
     <gpxdata:distance>2760.00</gpxdata:distance>
     <gpxdata:cadence>79</gpxdata:cadence>
     <gpxdata:speed>3.778</gpxdata:speed>
    </extensions>
   </trkpt>
   <trkpt lat="47.2190561" lon="38.9262540">
    <ele>17</ele>
    <time>2026-08-30T05:16:02Z</time>
    <extensions>
     <gpxdata:hr>171</gpxdata:hr>
     <gpxdata:distance>2763.00</gpxdata:distance>
     <gpxdata:cadence>79</gpxdata:cadence>
     <gpxdata:speed>3.783</gpxdata:speed>
    </extensions>
   </trkpt>
   <trkpt lat="47.2190743" lon="38.9262977">
    <ele>17</ele>
    <time>2026-08-30T05:16:03Z</time>
    <extensions>
     <gpxdata:hr>171</gpxdata:hr>
     <gpxdata:distance>2766.00</gpxdata:distance>
     <gpxdata:cadence>80</gpxdata:cadence>
     <gpxdata:speed>3.789</gpxdata:speed>
    </extensions>
   </trkpt>
   <trkpt lat="47.2190940" lon="38.9263428">
    <ele>17</ele>
    <time>2026-08-30T05:16:04Z</time>
    <extensions>
     <gpxdata:hr>171</gpxdata:hr>
     <gpxdata:distance>2772.00</gpxdata:distance>
     <gpxdata:cadence>80</gpxdata:cadence>
     <gpxdata:speed>3.806</gpxdata:speed>
    </extensions>
   </trkpt>
   <trkpt lat="47.2191138" lon="38.9263880">
    <ele>17</ele>
    <time>2026-08-30T05:16:05Z</time>
    <extensions>
     <gpxdata:hr>171</gpxdata:hr>
     <gpxdata:distance>2778.00</gpxdata:distance>
     <gpxdata:cadence>80</gpxdata:cadence>
     <gpxdata:speed>3.825</gpxdata:speed>
    </extensions>
   </trkpt>
   <trkpt lat="47.2191329" lon="38.9264312">
    <ele>17</ele>
    <time>2026-08-30T05:16:06Z</time>
    <extensions>
     <gpxdata:hr>170</gpxdata:hr>
     <gpxdata:distance>2781.00</gpxdata:distance>
     <gpxdata:cadence>80</gpxdata:cadence>
     <gpxdata:speed>3.839</gpxdata:speed>
    </extensions>
   </trkpt>
   <trkpt lat="47.2191521" lon="38.9264744">
    <ele>17</ele>
    <time>2026-08-30T05:16:07Z</time>
    <extensions>
     <gpxdata:hr>171</gpxdata:hr>
     <gpxdata:distance>2784.00</gpxdata:distance>
     <gpxdata:cadence>80</gpxdata:cadence>
     <gpxdata:speed>3.856</gpxdata:speed>
    </extensions>
   </trkpt>
   <trkpt lat="47.2191709" lon="38.9265167">
    <ele>16</ele>
    <time>2026-08-30T05:16:08Z</time>
    <extensions>
     <gpxdata:hr>171</gpxdata:hr>
     <gpxdata:distance>2788.50</gpxdata:distance>
     <gpxdata:cadence>80</gpxdata:cadence>
     <gpxdata:speed>3.878</gpxdata:speed>
    </extensions>
   </trkpt>
   <trkpt lat="47.2191898" lon="38.9265590">
    <ele>16</ele>
    <time>2026-08-30T05:16:09Z</time>
    <extensions>
     <gpxdata:hr>171</gpxdata:hr>
     <gpxdata:distance>2793.00</gpxdata:distance>
     <gpxdata:cadence>80</gpxdata:cadence>
     <gpxdata:speed>3.903</gpxdata:speed>
    </extensions>
   </trkpt>
   <trkpt lat="47.2192078" lon="38.9266016">
    <ele>16</ele>
    <time>2026-08-30T05:16:10Z</time>
    <extensions>
     <gpxdata:hr>171</gpxdata:hr>
     <gpxdata:distance>2796.00</gpxdata:distance>
     <gpxdata:cadence>80</gpxdata:cadence>
     <gpxdata:speed>3.922</gpxdata:speed>
    </extensions>
   </trkpt>
   <trkpt lat="47.2192259" lon="38.9266442">
    <ele>16</ele>
    <time>2026-08-30T05:16:11Z</time>
    <extensions>
     <gpxdata:hr>172</gpxdata:hr>
     <gpxdata:distance>2799.00</gpxdata:distance>
     <gpxdata:cadence>80</gpxdata:cadence>
     <gpxdata:speed>3.942</gpxdata:speed>
    </extensions>
   </trkpt>
   <trkpt lat="47.2192410" lon="38.9266878">
    <ele>16</ele>
    <time>2026-08-30T05:16:12Z</time>
    <extensions>
     <gpxdata:hr>172</gpxdata:hr>
     <gpxdata:distance>2803.50</gpxdata:distance>
     <gpxdata:cadence>80</gpxdata:cadence>
     <gpxdata:speed>3.958</gpxdata:speed>
    </extensions>
   </trkpt>
   <trkpt lat="47.2192562" lon="38.9267315">
    <ele>16</ele>
    <time>2026-08-30T05:16:13Z</time>
    <extensions>
     <gpxdata:hr>171</gpxdata:hr>
     <gpxdata:distance>2808.00</gpxdata:distance>
     <gpxdata:cadence>80</gpxdata:cadence>
     <gpxdata:speed>3.978</gpxdata:speed>
    </extensions>
   </trkpt>
   <trkpt lat="47.2192635" lon="38.9267742">
    <ele>16</ele>
    <time>2026-08-30T05:16:14Z</time>
    <extensions>
     <gpxdata:hr>171</gpxdata:hr>
     <gpxdata:distance>2810.50</gpxdata:distance>
     <gpxdata:cadence>80</gpxdata:cadence>
     <gpxdata:speed>3.972</gpxdata:speed>
    </extensions>
   </trkpt>
   <trkpt lat="47.2192709" lon="38.9268169">
    <ele>16</ele>
    <time>2026-08-30T05:16:15Z</time>
    <extensions>
     <gpxdata:hr>170</gpxdata:hr>
     <gpxdata:distance>2813.00</gpxdata:distance>
     <gpxdata:cadence>80</gpxdata:cadence>
     <gpxdata:speed>3.969</gpxdata:speed>
    </extensions>
   </trkpt>
   <trkpt lat="47.2192597" lon="38.9268513">
    <ele>16</ele>
    <time>2026-08-30T05:16:16Z</time>
    <extensions>
     <gpxdata:hr>170</gpxdata:hr>
     <gpxdata:distance>2817.50</gpxdata:distance>
     <gpxdata:cadence>80</gpxdata:cadence>
     <gpxdata:speed>3.944</gpxdata:speed>
    </extensions>
   </trkpt>
   <trkpt lat="47.2192485" lon="38.9268857">
    <ele>16</ele>
    <time>2026-08-30T05:16:17Z</time>
    <extensions>
     <gpxdata:hr>170</gpxdata:hr>
     <gpxdata:distance>2822.00</gpxdata:distance>
     <gpxdata:cadence>81</gpxdata:cadence>
     <gpxdata:speed>3.922</gpxdata:speed>
    </extensions>
   </trkpt>
   <trkpt lat="47.2192203" lon="38.9269014">
    <ele>16</ele>
    <time>2026-08-30T05:16:18Z</time>
    <extensions>
     <gpxdata:hr>171</gpxdata:hr>
     <gpxdata:distance>2826.00</gpxdata:distance>
     <gpxdata:cadence>81</gpxdata:cadence>
     <gpxdata:speed>3.892</gpxdata:speed>
    </extensions>
   </trkpt>
   <trkpt lat="47.2191921" lon="38.9269171">
    <ele>16</ele>
    <time>2026-08-30T05:16:19Z</time>
    <extensions>
     <gpxdata:hr>171</gpxdata:hr>
     <gpxdata:distance>2830.00</gpxdata:distance>
     <gpxdata:cadence>81</gpxdata:cadence>
     <gpxdata:speed>3.864</gpxdata:speed>
    </extensions>
   </trkpt>
   <trkpt lat="47.2191550" lon="38.9269186">
    <ele>16</ele>
    <time>2026-08-30T05:16:20Z</time>
    <extensions>
     <gpxdata:hr>171</gpxdata:hr>
     <gpxdata:distance>2834.50</gpxdata:distance>
     <gpxdata:cadence>81</gpxdata:cadence>
     <gpxdata:speed>3.853</gpxdata:speed>
    </extensions>
   </trkpt>
   <trkpt lat="47.2191179" lon="38.9269202">
    <ele>16</ele>
    <time>2026-08-30T05:16:21Z</time>
    <extensions>
     <gpxdata:hr>172</gpxdata:hr>
     <gpxdata:distance>2839.00</gpxdata:distance>
     <gpxdata:cadence>81</gpxdata:cadence>
     <gpxdata:speed>3.844</gpxdata:speed>
    </extensions>
   </trkpt>
   <trkpt lat="47.2190797" lon="38.9269161">
    <ele>16</ele>
    <time>2026-08-30T05:16:22Z</time>
    <extensions>
     <gpxdata:hr>172</gpxdata:hr>
     <gpxdata:distance>2842.00</gpxdata:distance>
     <gpxdata:cadence>81</gpxdata:cadence>
     <gpxdata:speed>3.858</gpxdata:speed>
    </extensions>
   </trkpt>
   <trkpt lat="47.2190415" lon="38.9269120">
    <ele>16</ele>
    <time>2026-08-30T05:16:23Z</time>
    <extensions>
     <gpxdata:hr>172</gpxdata:hr>
     <gpxdata:distance>2845.00</gpxdata:distance>
     <gpxdata:cadence>81</gpxdata:cadence>
     <gpxdata:speed>3.872</gpxdata:speed>
    </extensions>
   </trkpt>
   <trkpt lat="47.2190040" lon="38.9269070">
    <ele>16</ele>
    <time>2026-08-30T05:16:24Z</time>
    <extensions>
     <gpxdata:hr>172</gpxdata:hr>
     <gpxdata:distance>2850.50</gpxdata:distance>
     <gpxdata:cadence>82</gpxdata:cadence>
     <gpxdata:speed>3.886</gpxdata:speed>
    </extensions>
   </trkpt>
   <trkpt lat="47.2189665" lon="38.9269021">
    <ele>16</ele>
    <time>2026-08-30T05:16:25Z</time>
    <extensions>
     <gpxdata:hr>172</gpxdata:hr>
     <gpxdata:distance>2856.00</gpxdata:distance>
     <gpxdata:cadence>82</gpxdata:cadence>
     <gpxdata:speed>3.900</gpxdata:speed>
    </extensions>
   </trkpt>
   <trkpt lat="47.2189295" lon="38.9268964">
    <ele>16</ele>
    <time>2026-08-30T05:16:26Z</time>
    <extensions>
     <gpxdata:hr>171</gpxdata:hr>
     <gpxdata:distance>2859.00</gpxdata:distance>
     <gpxdata:cadence>83</gpxdata:cadence>
     <gpxdata:speed>3.908</gpxdata:speed>
    </extensions>
   </trkpt>
   <trkpt lat="47.2188925" lon="38.9268908">
    <ele>16</ele>
    <time>2026-08-30T05:16:27Z</time>
    <extensions>
     <gpxdata:hr>171</gpxdata:hr>
     <gpxdata:distance>2862.00</gpxdata:distance>
     <gpxdata:cadence>84</gpxdata:cadence>
     <gpxdata:speed>3.919</gpxdata:speed>
    </extensions>
   </trkpt>
   <trkpt lat="47.2188568" lon="38.9268852">
    <ele>16</ele>
    <time>2026-08-30T05:16:28Z</time>
    <extensions>
     <gpxdata:hr>171</gpxdata:hr>
     <gpxdata:distance>2866.00</gpxdata:distance>
     <gpxdata:cadence>84</gpxdata:cadence>
     <gpxdata:speed>3.936</gpxdata:speed>
    </extensions>
   </trkpt>
   <trkpt lat="47.2188211" lon="38.9268796">
    <ele>16</ele>
    <time>2026-08-30T05:16:29Z</time>
    <extensions>
     <gpxdata:hr>171</gpxdata:hr>
     <gpxdata:distance>2870.00</gpxdata:distance>
     <gpxdata:cadence>84</gpxdata:cadence>
     <gpxdata:speed>3.956</gpxdata:speed>
    </extensions>
   </trkpt>
   <trkpt lat="47.2187862" lon="38.9268728">
    <ele>16</ele>
    <time>2026-08-30T05:16:30Z</time>
    <extensions>
     <gpxdata:hr>170</gpxdata:hr>
     <gpxdata:distance>2873.00</gpxdata:distance>
     <gpxdata:cadence>83</gpxdata:cadence>
     <gpxdata:speed>3.969</gpxdata:speed>
    </extensions>
   </trkpt>
   <trkpt lat="47.2187514" lon="38.9268661">
    <ele>16</ele>
    <time>2026-08-30T05:16:31Z</time>
    <extensions>
     <gpxdata:hr>170</gpxdata:hr>
     <gpxdata:distance>2876.00</gpxdata:distance>
     <gpxdata:cadence>83</gpxdata:cadence>
     <gpxdata:speed>3.986</gpxdata:speed>
    </extensions>
   </trkpt>
   <trkpt lat="47.2187191" lon="38.9268542">
    <ele>17</ele>
    <time>2026-08-30T05:16:32Z</time>
    <extensions>
     <gpxdata:hr>170</gpxdata:hr>
     <gpxdata:distance>2882.00</gpxdata:distance>
     <gpxdata:cadence>83</gpxdata:cadence>
     <gpxdata:speed>4.003</gpxdata:speed>
    </extensions>
   </trkpt>
   <trkpt lat="47.2186868" lon="38.9268423">
    <ele>17</ele>
    <time>2026-08-30T05:16:33Z</time>
    <extensions>
     <gpxdata:hr>169</gpxdata:hr>
     <gpxdata:distance>2888.00</gpxdata:distance>
     <gpxdata:cadence>83</gpxdata:cadence>
     <gpxdata:speed>4.022</gpxdata:speed>
    </extensions>
   </trkpt>
   <trkpt lat="47.2186556" lon="38.9268256">
    <ele>17</ele>
    <time>2026-08-30T05:16:34Z</time>
    <extensions>
     <gpxdata:hr>169</gpxdata:hr>
     <gpxdata:distance>2891.00</gpxdata:distance>
     <gpxdata:cadence>83</gpxdata:cadence>
     <gpxdata:speed>4.031</gpxdata:speed>
    </extensions>
   </trkpt>
   <trkpt lat="47.2186245" lon="38.9268090">
    <ele>17</ele>
    <time>2026-08-30T05:16:35Z</time>
    <extensions>
     <gpxdata:hr>169</gpxdata:hr>
     <gpxdata:distance>2894.00</gpxdata:distance>
     <gpxdata:cadence>83</gpxdata:cadence>
     <gpxdata:speed>4.042</gpxdata:speed>
    </extensions>
   </trkpt>
   <trkpt lat="47.2185936" lon="38.9267902">
    <ele>17</ele>
    <time>2026-08-30T05:16:36Z</time>
    <extensions>
     <gpxdata:hr>169</gpxdata:hr>
     <gpxdata:distance>2898.00</gpxdata:distance>
     <gpxdata:cadence>83</gpxdata:cadence>
     <gpxdata:speed>4.031</gpxdata:speed>
    </extensions>
   </trkpt>
   <trkpt lat="47.2185627" lon="38.9267714">
    <ele>17</ele>
    <time>2026-08-30T05:16:37Z</time>
    <extensions>
     <gpxdata:hr>170</gpxdata:hr>
     <gpxdata:distance>2902.00</gpxdata:distance>
     <gpxdata:cadence>83</gpxdata:cadence>
     <gpxdata:speed>4.022</gpxdata:speed>
    </extensions>
   </trkpt>
   <trkpt lat="47.2185353" lon="38.9267492">
    <ele>17</ele>
    <time>2026-08-30T05:16:38Z</time>
    <extensions>
     <gpxdata:hr>171</gpxdata:hr>
     <gpxdata:distance>2905.00</gpxdata:distance>
     <gpxdata:cadence>83</gpxdata:cadence>
     <gpxdata:speed>4.003</gpxdata:speed>
    </extensions>
   </trkpt>
   <trkpt lat="47.2185080" lon="38.9267270">
    <ele>17</ele>
    <time>2026-08-30T05:16:39Z</time>
    <extensions>
     <gpxdata:hr>172</gpxdata:hr>
     <gpxdata:distance>2908.00</gpxdata:distance>
     <gpxdata:cadence>83</gpxdata:cadence>
     <gpxdata:speed>3.983</gpxdata:speed>
    </extensions>
   </trkpt>
   <trkpt lat="47.2184823" lon="38.9267026">
    <ele>17</ele>
    <time>2026-08-30T05:16:40Z</time>
    <extensions>
     <gpxdata:hr>173</gpxdata:hr>
     <gpxdata:distance>2912.00</gpxdata:distance>
     <gpxdata:cadence>83</gpxdata:cadence>
     <gpxdata:speed>3.947</gpxdata:speed>
    </extensions>
   </trkpt>
   <trkpt lat="47.2184566" lon="38.9266782">
    <ele>17</ele>
    <time>2026-08-30T05:16:41Z</time>
    <extensions>
     <gpxdata:hr>173</gpxdata:hr>
     <gpxdata:distance>2916.00</gpxdata:distance>
     <gpxdata:cadence>83</gpxdata:cadence>
     <gpxdata:speed>3.914</gpxdata:speed>
    </extensions>
   </trkpt>
   <trkpt lat="47.2184309" lon="38.9266522">
    <ele>18</ele>
    <time>2026-08-30T05:16:42Z</time>
    <extensions>
     <gpxdata:hr>173</gpxdata:hr>
     <gpxdata:distance>2920.00</gpxdata:distance>
     <gpxdata:cadence>82</gpxdata:cadence>
     <gpxdata:speed>3.869</gpxdata:speed>
    </extensions>
   </trkpt>
   <trkpt lat="47.2184053" lon="38.9266263">
    <ele>18</ele>
    <time>2026-08-30T05:16:43Z</time>
    <extensions>
     <gpxdata:hr>174</gpxdata:hr>
     <gpxdata:distance>2924.00</gpxdata:distance>
     <gpxdata:cadence>82</gpxdata:cadence>
     <gpxdata:speed>3.825</gpxdata:speed>
    </extensions>
   </trkpt>
   <trkpt lat="47.2183799" lon="38.9266021">
    <ele>18</ele>
    <time>2026-08-30T05:16:44Z</time>
    <extensions>
     <gpxdata:hr>174</gpxdata:hr>
     <gpxdata:distance>2928.50</gpxdata:distance>
     <gpxdata:cadence>82</gpxdata:cadence>
     <gpxdata:speed>3.800</gpxdata:speed>
    </extensions>
   </trkpt>
   <trkpt lat="47.2183545" lon="38.9265780">
    <ele>18</ele>
    <time>2026-08-30T05:16:45Z</time>
    <extensions>
     <gpxdata:hr>174</gpxdata:hr>
     <gpxdata:distance>2933.00</gpxdata:distance>
     <gpxdata:cadence>82</gpxdata:cadence>
     <gpxdata:speed>3.775</gpxdata:speed>
    </extensions>
   </trkpt>
   <trkpt lat="47.2183287" lon="38.9265536">
    <ele>18</ele>
    <time>2026-08-30T05:16:46Z</time>
    <extensions>
     <gpxdata:hr>173</gpxdata:hr>
     <gpxdata:distance>2935.50</gpxdata:distance>
     <gpxdata:cadence>81</gpxdata:cadence>
     <gpxdata:speed>3.753</gpxdata:speed>
    </extensions>
   </trkpt>
   <trkpt lat="47.2183029" lon="38.9265292">
    <ele>19</ele>
    <time>2026-08-30T05:16:47Z</time>
    <extensions>
     <gpxdata:hr>173</gpxdata:hr>
     <gpxdata:distance>2938.00</gpxdata:distance>
     <gpxdata:cadence>81</gpxdata:cadence>
     <gpxdata:speed>3.733</gpxdata:speed>
    </extensions>
   </trkpt>
   <trkpt lat="47.2182773" lon="38.9265053">
    <ele>19</ele>
    <time>2026-08-30T05:16:48Z</time>
    <extensions>
     <gpxdata:hr>172</gpxdata:hr>
     <gpxdata:distance>2942.00</gpxdata:distance>
     <gpxdata:cadence>81</gpxdata:cadence>
     <gpxdata:speed>3.714</gpxdata:speed>
    </extensions>
   </trkpt>
   <trkpt lat="47.2182518" lon="38.9264814">
    <ele>19</ele>
    <time>2026-08-30T05:16:49Z</time>
    <extensions>
     <gpxdata:hr>172</gpxdata:hr>
     <gpxdata:distance>2946.00</gpxdata:distance>
     <gpxdata:cadence>81</gpxdata:cadence>
     <gpxdata:speed>3.694</gpxdata:speed>
    </extensions>
   </trkpt>
   <trkpt lat="47.2182228" lon="38.9264626">
    <ele>19</ele>
    <time>2026-08-30T05:16:50Z</time>
    <extensions>
     <gpxdata:hr>171</gpxdata:hr>
     <gpxdata:distance>2950.00</gpxdata:distance>
     <gpxdata:cadence>81</gpxdata:cadence>
     <gpxdata:speed>3.686</gpxdata:speed>
    </extensions>
   </trkpt>
   <trkpt lat="47.2181939" lon="38.9264439">
    <ele>19</ele>
    <time>2026-08-30T05:16:51Z</time>
    <extensions>
     <gpxdata:hr>171</gpxdata:hr>
     <gpxdata:distance>2954.00</gpxdata:distance>
     <gpxdata:cadence>81</gpxdata:cadence>
     <gpxdata:speed>3.681</gpxdata:speed>
    </extensions>
   </trkpt>
   <trkpt lat="47.2181598" lon="38.9264346">
    <ele>19</ele>
    <time>2026-08-30T05:16:52Z</time>
    <extensions>
     <gpxdata:hr>171</gpxdata:hr>
     <gpxdata:distance>2957.00</gpxdata:distance>
     <gpxdata:cadence>80</gpxdata:cadence>
     <gpxdata:speed>3.678</gpxdata:speed>
    </extensions>
   </trkpt>
   <trkpt lat="47.2181257" lon="38.9264254">
    <ele>19</ele>
    <time>2026-08-30T05:16:53Z</time>
    <extensions>
     <gpxdata:hr>170</gpxdata:hr>
     <gpxdata:distance>2960.00</gpxdata:distance>
     <gpxdata:cadence>80</gpxdata:cadence>
     <gpxdata:speed>3.678</gpxdata:speed>
    </extensions>
   </trkpt>
   <trkpt lat="47.2180898" lon="38.9264247">
    <ele>19</ele>
    <time>2026-08-30T05:16:54Z</time>
    <extensions>
     <gpxdata:hr>170</gpxdata:hr>
     <gpxdata:distance>2964.00</gpxdata:distance>
     <gpxdata:cadence>80</gpxdata:cadence>
     <gpxdata:speed>3.672</gpxdata:speed>
    </extensions>
   </trkpt>
   <trkpt lat="47.2180539" lon="38.9264241">
    <ele>19</ele>
    <time>2026-08-30T05:16:55Z</time>
    <extensions>
     <gpxdata:hr>170</gpxdata:hr>
     <gpxdata:distance>2968.00</gpxdata:distance>
     <gpxdata:cadence>80</gpxdata:cadence>
     <gpxdata:speed>3.669</gpxdata:speed>
    </extensions>
   </trkpt>
   <trkpt lat="47.2180212" lon="38.9264294">
    <ele>19</ele>
    <time>2026-08-30T05:16:56Z</time>
    <extensions>
     <gpxdata:hr>170</gpxdata:hr>
     <gpxdata:distance>2972.00</gpxdata:distance>
     <gpxdata:cadence>80</gpxdata:cadence>
     <gpxdata:speed>3.653</gpxdata:speed>
    </extensions>
   </trkpt>
   <trkpt lat="47.2179885" lon="38.9264347">
    <ele>19</ele>
    <time>2026-08-30T05:16:57Z</time>
    <extensions>
     <gpxdata:hr>170</gpxdata:hr>
     <gpxdata:distance>2976.00</gpxdata:distance>
     <gpxdata:cadence>80</gpxdata:cadence>
     <gpxdata:speed>3.636</gpxdata:speed>
    </extensions>
   </trkpt>
   <trkpt lat="47.2179658" lon="38.9264554">
    <ele>19</ele>
    <time>2026-08-30T05:16:58Z</time>
    <extensions>
     <gpxdata:hr>170</gpxdata:hr>
     <gpxdata:distance>2978.50</gpxdata:distance>
     <gpxdata:cadence>79</gpxdata:cadence>
     <gpxdata:speed>3.614</gpxdata:speed>
    </extensions>
   </trkpt>
   <trkpt lat="47.2179432" lon="38.9264762">
    <ele>19</ele>
    <time>2026-08-30T05:16:59Z</time>
    <extensions>
     <gpxdata:hr>170</gpxdata:hr>
     <gpxdata:distance>2981.00</gpxdata:distance>
     <gpxdata:cadence>79</gpxdata:cadence>
     <gpxdata:speed>3.592</gpxdata:speed>
    </extensions>
   </trkpt>
   <trkpt lat="47.2179396" lon="38.9265186">
    <ele>19</ele>
    <time>2026-08-30T05:17:00Z</time>
    <extensions>
     <gpxdata:hr>170</gpxdata:hr>
     <gpxdata:distance>2985.00</gpxdata:distance>
     <gpxdata:cadence>79</gpxdata:cadence>
     <gpxdata:speed>3.575</gpxdata:speed>
    </extensions>
   </trkpt>
   <trkpt lat="47.2179361" lon="38.9265611">
    <ele>19</ele>
    <time>2026-08-30T05:17:01Z</time>
    <extensions>
     <gpxdata:hr>170</gpxdata:hr>
     <gpxdata:distance>2989.00</gpxdata:distance>
     <gpxdata:cadence>79</gpxdata:cadence>
     <gpxdata:speed>3.561</gpxdata:speed>
    </extensions>
   </trkpt>
   <trkpt lat="47.2179423" lon="38.9266150">
    <ele>20</ele>
    <time>2026-08-30T05:17:02Z</time>
    <extensions>
     <gpxdata:hr>170</gpxdata:hr>
     <gpxdata:distance>2993.50</gpxdata:distance>
     <gpxdata:cadence>79</gpxdata:cadence>
     <gpxdata:speed>3.567</gpxdata:speed>
    </extensions>
   </trkpt>
   <trkpt lat="47.2179485" lon="38.9266690">
    <ele>19</ele>
    <time>2026-08-30T05:17:03Z</time>
    <extensions>
     <gpxdata:hr>170</gpxdata:hr>
     <gpxdata:distance>2998.00</gpxdata:distance>
     <gpxdata:cadence>79</gpxdata:cadence>
     <gpxdata:speed>3.572</gpxdata:speed>
    </extensions>
   </trkpt>
   <trkpt lat="47.2179571" lon="38.9267244">
    <ele>19</ele>
    <time>2026-08-30T05:17:04Z</time>
    <extensions>
     <gpxdata:hr>170</gpxdata:hr>
     <gpxdata:distance>3002.00</gpxdata:distance>
     <gpxdata:cadence>79</gpxdata:cadence>
     <gpxdata:speed>3.594</gpxdata:speed>
    </extensions>
   </trkpt>
   <trkpt lat="47.2179658" lon="38.9267799">
    <ele>19</ele>
    <time>2026-08-30T05:17:05Z</time>
    <extensions>
     <gpxdata:hr>169</gpxdata:hr>
     <gpxdata:distance>3006.00</gpxdata:distance>
     <gpxdata:cadence>80</gpxdata:cadence>
     <gpxdata:speed>3.619</gpxdata:speed>
    </extensions>
   </trkpt>
   <trkpt lat="47.2179783" lon="38.9268311">
    <ele>19</ele>
    <time>2026-08-30T05:17:06Z</time>
    <extensions>
     <gpxdata:hr>169</gpxdata:hr>
     <gpxdata:distance>3008.50</gpxdata:distance>
     <gpxdata:cadence>80</gpxdata:cadence>
     <gpxdata:speed>3.639</gpxdata:speed>
    </extensions>
   </trkpt>
   <trkpt lat="47.2179908" lon="38.9268823">
    <ele>19</ele>
    <time>2026-08-30T05:17:07Z</time>
    <extensions>
     <gpxdata:hr>169</gpxdata:hr>
     <gpxdata:distance>3011.00</gpxdata:distance>
     <gpxdata:cadence>80</gpxdata:cadence>
     <gpxdata:speed>3.658</gpxdata:speed>
    </extensions>
   </trkpt>
   <trkpt lat="47.2180072" lon="38.9269298">
    <ele>19</ele>
    <time>2026-08-30T05:17:08Z</time>
    <extensions>
     <gpxdata:hr>169</gpxdata:hr>
     <gpxdata:distance>3015.50</gpxdata:distance>
     <gpxdata:cadence>79</gpxdata:cadence>
     <gpxdata:speed>3.664</gpxdata:speed>
    </extensions>
   </trkpt>
   <trkpt lat="47.2180237" lon="38.9269774">
    <ele>19</ele>
    <time>2026-08-30T05:17:09Z</time>
    <extensions>
     <gpxdata:hr>168</gpxdata:hr>
     <gpxdata:distance>3020.00</gpxdata:distance>
     <gpxdata:cadence>79</gpxdata:cadence>
     <gpxdata:speed>3.669</gpxdata:speed>
    </extensions>
   </trkpt>
   <trkpt lat="47.2180438" lon="38.9270198">
    <ele>19</ele>
    <time>2026-08-30T05:17:10Z</time>
    <extensions>
     <gpxdata:hr>168</gpxdata:hr>
     <gpxdata:distance>3022.50</gpxdata:distance>
     <gpxdata:cadence>79</gpxdata:cadence>
     <gpxdata:speed>3.661</gpxdata:speed>
    </extensions>
   </trkpt>
   <trkpt lat="47.2180639" lon="38.9270622">
    <ele>19</ele>
    <time>2026-08-30T05:17:11Z</time>
    <extensions>
     <gpxdata:hr>168</gpxdata:hr>
     <gpxdata:distance>3025.00</gpxdata:distance>
     <gpxdata:cadence>79</gpxdata:cadence>
     <gpxdata:speed>3.653</gpxdata:speed>
    </extensions>
   </trkpt>
   <trkpt lat="47.2180859" lon="38.9271000">
    <ele>19</ele>
    <time>2026-08-30T05:17:12Z</time>
    <extensions>
     <gpxdata:hr>168</gpxdata:hr>
     <gpxdata:distance>3029.00</gpxdata:distance>
     <gpxdata:cadence>79</gpxdata:cadence>
     <gpxdata:speed>3.653</gpxdata:speed>
    </extensions>
   </trkpt>
   <trkpt lat="47.2181079" lon="38.9271379">
    <ele>18</ele>
    <time>2026-08-30T05:17:13Z</time>
    <extensions>
     <gpxdata:hr>169</gpxdata:hr>
     <gpxdata:distance>3033.00</gpxdata:distance>
     <gpxdata:cadence>79</gpxdata:cadence>
     <gpxdata:speed>3.653</gpxdata:speed>
    </extensions>
   </trkpt>
   <trkpt lat="47.2181306" lon="38.9271758">
    <ele>18</ele>
    <time>2026-08-30T05:17:14Z</time>
    <extensions>
     <gpxdata:hr>168</gpxdata:hr>
     <gpxdata:distance>3036.00</gpxdata:distance>
     <gpxdata:cadence>79</gpxdata:cadence>
     <gpxdata:speed>3.639</gpxdata:speed>
    </extensions>
   </trkpt>
   <trkpt lat="47.2181534" lon="38.9272137">
    <ele>18</ele>
    <time>2026-08-30T05:17:15Z</time>
    <extensions>
     <gpxdata:hr>168</gpxdata:hr>
     <gpxdata:distance>3039.00</gpxdata:distance>
     <gpxdata:cadence>79</gpxdata:cadence>
     <gpxdata:speed>3.628</gpxdata:speed>
    </extensions>
   </trkpt>
   <trkpt lat="47.2181753" lon="38.9272557">
    <ele>18</ele>
    <time>2026-08-30T05:17:16Z</time>
    <extensions>
     <gpxdata:hr>167</gpxdata:hr>
     <gpxdata:distance>3043.50</gpxdata:distance>
     <gpxdata:cadence>79</gpxdata:cadence>
     <gpxdata:speed>3.644</gpxdata:speed>
    </extensions>
   </trkpt>
   <trkpt lat="47.2181973" lon="38.9272978">
    <ele>18</ele>
    <time>2026-08-30T05:17:17Z</time>
    <extensions>
     <gpxdata:hr>167</gpxdata:hr>
     <gpxdata:distance>3048.00</gpxdata:distance>
     <gpxdata:cadence>79</gpxdata:cadence>
     <gpxdata:speed>3.664</gpxdata:speed>
    </extensions>
   </trkpt>
   <trkpt lat="47.2182190" lon="38.9273416">
    <ele>17</ele>
    <time>2026-08-30T05:17:18Z</time>
    <extensions>
     <gpxdata:hr>167</gpxdata:hr>
     <gpxdata:distance>3052.00</gpxdata:distance>
     <gpxdata:cadence>79</gpxdata:cadence>
     <gpxdata:speed>3.689</gpxdata:speed>
    </extensions>
   </trkpt>
   <trkpt lat="47.2182407" lon="38.9273854">
    <ele>17</ele>
    <time>2026-08-30T05:17:19Z</time>
    <extensions>
     <gpxdata:hr>167</gpxdata:hr>
     <gpxdata:distance>3056.00</gpxdata:distance>
     <gpxdata:cadence>80</gpxdata:cadence>
     <gpxdata:speed>3.714</gpxdata:speed>
    </extensions>
   </trkpt>
   <trkpt lat="47.2182613" lon="38.9274301">
    <ele>17</ele>
    <time>2026-08-30T05:17:20Z</time>
    <extensions>
     <gpxdata:hr>166</gpxdata:hr>
     <gpxdata:distance>3060.50</gpxdata:distance>
     <gpxdata:cadence>80</gpxdata:cadence>
     <gpxdata:speed>3.742</gpxdata:speed>
    </extensions>
   </trkpt>
   <trkpt lat="47.2182819" lon="38.9274749">
    <ele>17</ele>
    <time>2026-08-30T05:17:21Z</time>
    <extensions>
     <gpxdata:hr>166</gpxdata:hr>
     <gpxdata:distance>3065.00</gpxdata:distance>
     <gpxdata:cadence>80</gpxdata:cadence>
     <gpxdata:speed>3.769</gpxdata:speed>
    </extensions>
   </trkpt>
   <trkpt lat="47.2182996" lon="38.9275184">
    <ele>17</ele>
    <time>2026-08-30T05:17:22Z</time>
    <extensions>
     <gpxdata:hr>166</gpxdata:hr>
     <gpxdata:distance>3067.50</gpxdata:distance>
     <gpxdata:cadence>80</gpxdata:cadence>
     <gpxdata:speed>3.783</gpxdata:speed>
    </extensions>
   </trkpt>
   <trkpt lat="47.2183174" lon="38.9275619">
    <ele>17</ele>
    <time>2026-08-30T05:17:23Z</time>
    <extensions>
     <gpxdata:hr>166</gpxdata:hr>
     <gpxdata:distance>3070.00</gpxdata:distance>
     <gpxdata:cadence>80</gpxdata:cadence>
     <gpxdata:speed>3.800</gpxdata:speed>
    </extensions>
   </trkpt>
   <trkpt lat="47.2183331" lon="38.9276054">
    <ele>17</ele>
    <time>2026-08-30T05:17:24Z</time>
    <extensions>
     <gpxdata:hr>166</gpxdata:hr>
     <gpxdata:distance>3073.00</gpxdata:distance>
     <gpxdata:cadence>80</gpxdata:cadence>
     <gpxdata:speed>3.789</gpxdata:speed>
    </extensions>
   </trkpt>
   <trkpt lat="47.2183489" lon="38.9276490">
    <ele>17</ele>
    <time>2026-08-30T05:17:25Z</time>
    <extensions>
     <gpxdata:hr>166</gpxdata:hr>
     <gpxdata:distance>3076.00</gpxdata:distance>
     <gpxdata:cadence>80</gpxdata:cadence>
     <gpxdata:speed>3.781</gpxdata:speed>
    </extensions>
   </trkpt>
   <trkpt lat="47.2183664" lon="38.9276910">
    <ele>17</ele>
    <time>2026-08-30T05:17:26Z</time>
    <extensions>
     <gpxdata:hr>166</gpxdata:hr>
     <gpxdata:distance>3080.00</gpxdata:distance>
     <gpxdata:cadence>80</gpxdata:cadence>
     <gpxdata:speed>3.786</gpxdata:speed>
    </extensions>
   </trkpt>
   <trkpt lat="47.2183839" lon="38.9277330">
    <ele>17</ele>
    <time>2026-08-30T05:17:27Z</time>
    <extensions>
     <gpxdata:hr>166</gpxdata:hr>
     <gpxdata:distance>3084.00</gpxdata:distance>
     <gpxdata:cadence>80</gpxdata:cadence>
     <gpxdata:speed>3.792</gpxdata:speed>
    </extensions>
   </trkpt>
   <trkpt lat="47.2184025" lon="38.9277742">
    <ele>16</ele>
    <time>2026-08-30T05:17:28Z</time>
    <extensions>
     <gpxdata:hr>166</gpxdata:hr>
     <gpxdata:distance>3090.00</gpxdata:distance>
     <gpxdata:cadence>80</gpxdata:cadence>
     <gpxdata:speed>3.794</gpxdata:speed>
    </extensions>
   </trkpt>
   <trkpt lat="47.2184211" lon="38.9278155">
    <ele>16</ele>
    <time>2026-08-30T05:17:29Z</time>
    <extensions>
     <gpxdata:hr>166</gpxdata:hr>
     <gpxdata:distance>3096.00</gpxdata:distance>
     <gpxdata:cadence>80</gpxdata:cadence>
     <gpxdata:speed>3.800</gpxdata:speed>
    </extensions>
   </trkpt>
   <trkpt lat="47.2184405" lon="38.9278581">
    <ele>16</ele>
    <time>2026-08-30T05:17:30Z</time>
    <extensions>
     <gpxdata:hr>166</gpxdata:hr>
     <gpxdata:distance>3099.00</gpxdata:distance>
     <gpxdata:cadence>80</gpxdata:cadence>
     <gpxdata:speed>3.808</gpxdata:speed>
    </extensions>
   </trkpt>
   <trkpt lat="47.2184599" lon="38.9279008">
    <ele>16</ele>
    <time>2026-08-30T05:17:31Z</time>
    <extensions>
     <gpxdata:hr>166</gpxdata:hr>
     <gpxdata:distance>3102.00</gpxdata:distance>
     <gpxdata:cadence>81</gpxdata:cadence>
     <gpxdata:speed>3.819</gpxdata:speed>
    </extensions>
   </trkpt>
   <trkpt lat="47.2184789" lon="38.9279421">
    <ele>16</ele>
    <time>2026-08-30T05:17:32Z</time>
    <extensions>
     <gpxdata:hr>167</gpxdata:hr>
     <gpxdata:distance>3106.00</gpxdata:distance>
     <gpxdata:cadence>80</gpxdata:cadence>
     <gpxdata:speed>3.836</gpxdata:speed>
    </extensions>
   </trkpt>
   <trkpt lat="47.2184979" lon="38.9279834">
    <ele>16</ele>
    <time>2026-08-30T05:17:33Z</time>
    <extensions>
     <gpxdata:hr>167</gpxdata:hr>
     <gpxdata:distance>3110.00</gpxdata:distance>
     <gpxdata:cadence>80</gpxdata:cadence>
     <gpxdata:speed>3.856</gpxdata:speed>
    </extensions>
   </trkpt>
   <trkpt lat="47.2185167" lon="38.9280219">
    <ele>16</ele>
    <time>2026-08-30T05:17:34Z</time>
    <extensions>
     <gpxdata:hr>167</gpxdata:hr>
     <gpxdata:distance>3113.00</gpxdata:distance>
     <gpxdata:cadence>80</gpxdata:cadence>
     <gpxdata:speed>3.864</gpxdata:speed>
    </extensions>
   </trkpt>
   <trkpt lat="47.2185356" lon="38.9280604">
    <ele>16</ele>
    <time>2026-08-30T05:17:35Z</time>
    <extensions>
     <gpxdata:hr>168</gpxdata:hr>
     <gpxdata:distance>3116.00</gpxdata:distance>
     <gpxdata:cadence>80</gpxdata:cadence>
     <gpxdata:speed>3.875</gpxdata:speed>
    </extensions>
   </trkpt>
   <trkpt lat="47.2185538" lon="38.9281015">
    <ele>16</ele>
    <time>2026-08-30T05:17:36Z</time>
    <extensions>
     <gpxdata:hr>167</gpxdata:hr>
     <gpxdata:distance>3120.50</gpxdata:distance>
     <gpxdata:cadence>80</gpxdata:cadence>
     <gpxdata:speed>3.892</gpxdata:speed>
    </extensions>
   </trkpt>
   <trkpt lat="47.2185721" lon="38.9281427">
    <ele>16</ele>
    <time>2026-08-30T05:17:37Z</time>
    <extensions>
     <gpxdata:hr>167</gpxdata:hr>
     <gpxdata:distance>3125.00</gpxdata:distance>
     <gpxdata:cadence>80</gpxdata:cadence>
     <gpxdata:speed>3.911</gpxdata:speed>
    </extensions>
   </trkpt>
   <trkpt lat="47.2185891" lon="38.9281840">
    <ele>15</ele>
    <time>2026-08-30T05:17:38Z</time>
    <extensions>
     <gpxdata:hr>166</gpxdata:hr>
     <gpxdata:distance>3128.00</gpxdata:distance>
     <gpxdata:cadence>79</gpxdata:cadence>
     <gpxdata:speed>3.925</gpxdata:speed>
    </extensions>
   </trkpt>
   <trkpt lat="47.2186061" lon="38.9282253">
    <ele>15</ele>
    <time>2026-08-30T05:17:39Z</time>
    <extensions>
     <gpxdata:hr>167</gpxdata:hr>
     <gpxdata:distance>3131.00</gpxdata:distance>
     <gpxdata:cadence>79</gpxdata:cadence>
     <gpxdata:speed>3.939</gpxdata:speed>
    </extensions>
   </trkpt>
   <trkpt lat="47.2186242" lon="38.9282664">
    <ele>15</ele>
    <time>2026-08-30T05:17:40Z</time>
    <extensions>
     <gpxdata:hr>168</gpxdata:hr>
     <gpxdata:distance>3137.00</gpxdata:distance>
     <gpxdata:cadence>79</gpxdata:cadence>
     <gpxdata:speed>3.947</gpxdata:speed>
    </extensions>
   </trkpt>
   <trkpt lat="47.2186424" lon="38.9283075">
    <ele>15</ele>
    <time>2026-08-30T05:17:41Z</time>
    <extensions>
     <gpxdata:hr>168</gpxdata:hr>
     <gpxdata:distance>3143.00</gpxdata:distance>
     <gpxdata:cadence>80</gpxdata:cadence>
     <gpxdata:speed>3.956</gpxdata:speed>
    </extensions>
   </trkpt>
   <trkpt lat="47.2186643" lon="38.9283495">
    <ele>15</ele>
    <time>2026-08-30T05:17:42Z</time>
    <extensions>
     <gpxdata:hr>169</gpxdata:hr>
     <gpxdata:distance>3146.00</gpxdata:distance>
     <gpxdata:cadence>79</gpxdata:cadence>
     <gpxdata:speed>3.956</gpxdata:speed>
    </extensions>
   </trkpt>
   <trkpt lat="47.2186862" lon="38.9283915">
    <ele>15</ele>
    <time>2026-08-30T05:17:43Z</time>
    <extensions>
     <gpxdata:hr>169</gpxdata:hr>
     <gpxdata:distance>3149.00</gpxdata:distance>
     <gpxdata:cadence>79</gpxdata:cadence>
     <gpxdata:speed>3.956</gpxdata:speed>
    </extensions>
   </trkpt>
   <trkpt lat="47.2187113" lon="38.9284318">
    <ele>15</ele>
    <time>2026-08-30T05:17:44Z</time>
    <extensions>
     <gpxdata:hr>168</gpxdata:hr>
     <gpxdata:distance>3153.50</gpxdata:distance>
     <gpxdata:cadence>79</gpxdata:cadence>
     <gpxdata:speed>3.947</gpxdata:speed>
    </extensions>
   </trkpt>
   <trkpt lat="47.2187364" lon="38.9284721">
    <ele>15</ele>
    <time>2026-08-30T05:17:45Z</time>
    <extensions>
     <gpxdata:hr>168</gpxdata:hr>
     <gpxdata:distance>3158.00</gpxdata:distance>
     <gpxdata:cadence>79</gpxdata:cadence>
     <gpxdata:speed>3.939</gpxdata:speed>
    </extensions>
   </trkpt>
   <trkpt lat="47.2187609" lon="38.9285089">
    <ele>15</ele>
    <time>2026-08-30T05:17:46Z</time>
    <extensions>
     <gpxdata:hr>168</gpxdata:hr>
     <gpxdata:distance>3160.50</gpxdata:distance>
     <gpxdata:cadence>79</gpxdata:cadence>
     <gpxdata:speed>3.919</gpxdata:speed>
    </extensions>
   </trkpt>
   <trkpt lat="47.2187855" lon="38.9285458">
    <ele>15</ele>
    <time>2026-08-30T05:17:47Z</time>
    <extensions>
     <gpxdata:hr>168</gpxdata:hr>
     <gpxdata:distance>3163.00</gpxdata:distance>
     <gpxdata:cadence>79</gpxdata:cadence>
     <gpxdata:speed>3.903</gpxdata:speed>
    </extensions>
   </trkpt>
   <trkpt lat="47.2188104" lon="38.9285678">
    <ele>14</ele>
    <time>2026-08-30T05:17:48Z</time>
    <extensions>
     <gpxdata:hr>168</gpxdata:hr>
     <gpxdata:distance>3166.00</gpxdata:distance>
     <gpxdata:cadence>79</gpxdata:cadence>
     <gpxdata:speed>3.889</gpxdata:speed>
    </extensions>
   </trkpt>
   <trkpt lat="47.2188354" lon="38.9285898">
    <ele>14</ele>
    <time>2026-08-30T05:17:49Z</time>
    <extensions>
     <gpxdata:hr>168</gpxdata:hr>
     <gpxdata:distance>3169.00</gpxdata:distance>
     <gpxdata:cadence>79</gpxdata:cadence>
     <gpxdata:speed>3.875</gpxdata:speed>
    </extensions>
   </trkpt>
   <trkpt lat="47.2188636" lon="38.9285911">
    <ele>14</ele>
    <time>2026-08-30T05:17:50Z</time>
    <extensions>
     <gpxdata:hr>168</gpxdata:hr>
     <gpxdata:distance>3173.00</gpxdata:distance>
     <gpxdata:cadence>79</gpxdata:cadence>
     <gpxdata:speed>3.836</gpxdata:speed>
    </extensions>
   </trkpt>
   <trkpt lat="47.2188918" lon="38.9285925">
    <ele>14</ele>
    <time>2026-08-30T05:17:51Z</time>
    <extensions>
     <gpxdata:hr>169</gpxdata:hr>
     <gpxdata:distance>3177.00</gpxdata:distance>
     <gpxdata:cadence>79</gpxdata:cadence>
     <gpxdata:speed>3.797</gpxdata:speed>
    </extensions>
   </trkpt>
   <trkpt lat="47.2189238" lon="38.9285802">
    <ele>14</ele>
    <time>2026-08-30T05:17:52Z</time>
    <extensions>
     <gpxdata:hr>169</gpxdata:hr>
     <gpxdata:distance>3181.50</gpxdata:distance>
     <gpxdata:cadence>79</gpxdata:cadence>
     <gpxdata:speed>3.792</gpxdata:speed>
    </extensions>
   </trkpt>
   <trkpt lat="47.2189558" lon="38.9285679">
    <ele>14</ele>
    <time>2026-08-30T05:17:53Z</time>
    <extensions>
     <gpxdata:hr>168</gpxdata:hr>
     <gpxdata:distance>3186.00</gpxdata:distance>
     <gpxdata:cadence>79</gpxdata:cadence>
     <gpxdata:speed>3.789</gpxdata:speed>
    </extensions>
   </trkpt>
   <trkpt lat="47.2189887" lon="38.9285444">
    <ele>14</ele>
    <time>2026-08-30T05:17:54Z</time>
    <extensions>
     <gpxdata:hr>169</gpxdata:hr>
     <gpxdata:distance>3190.50</gpxdata:distance>
     <gpxdata:cadence>79</gpxdata:cadence>
     <gpxdata:speed>3.797</gpxdata:speed>
    </extensions>
   </trkpt>
   <trkpt lat="47.2190217" lon="38.9285209">
    <ele>14</ele>
    <time>2026-08-30T05:17:55Z</time>
    <extensions>
     <gpxdata:hr>168</gpxdata:hr>
     <gpxdata:distance>3195.00</gpxdata:distance>
     <gpxdata:cadence>80</gpxdata:cadence>
     <gpxdata:speed>3.806</gpxdata:speed>
    </extensions>
   </trkpt>
   <trkpt lat="47.2190536" lon="38.9284942">
    <ele>14</ele>
    <time>2026-08-30T05:17:56Z</time>
    <extensions>
     <gpxdata:hr>169</gpxdata:hr>
     <gpxdata:distance>3199.50</gpxdata:distance>
     <gpxdata:cadence>80</gpxdata:cadence>
     <gpxdata:speed>3.819</gpxdata:speed>
    </extensions>
   </trkpt>
   <trkpt lat="47.2190855" lon="38.9284676">
    <ele>14</ele>
    <time>2026-08-30T05:17:57Z</time>
    <extensions>
     <gpxdata:hr>169</gpxdata:hr>
     <gpxdata:distance>3204.00</gpxdata:distance>
     <gpxdata:cadence>80</gpxdata:cadence>
     <gpxdata:speed>3.833</gpxdata:speed>
    </extensions>
   </trkpt>
   <trkpt lat="47.2191183" lon="38.9284424">
    <ele>14</ele>
    <time>2026-08-30T05:17:58Z</time>
    <extensions>
     <gpxdata:hr>170</gpxdata:hr>
     <gpxdata:distance>3207.00</gpxdata:distance>
     <gpxdata:cadence>80</gpxdata:cadence>
     <gpxdata:speed>3.850</gpxdata:speed>
    </extensions>
   </trkpt>
   <trkpt lat="47.2191511" lon="38.9284172">
    <ele>14</ele>
    <time>2026-08-30T05:17:59Z</time>
    <extensions>
     <gpxdata:hr>169</gpxdata:hr>
     <gpxdata:distance>3210.00</gpxdata:distance>
     <gpxdata:cadence>80</gpxdata:cadence>
     <gpxdata:speed>3.869</gpxdata:speed>
    </extensions>
   </trkpt>
   <trkpt lat="47.2191829" lon="38.9283974">
    <ele>14</ele>
    <time>2026-08-30T05:18:00Z</time>
    <extensions>
     <gpxdata:hr>169</gpxdata:hr>
     <gpxdata:distance>3213.00</gpxdata:distance>
     <gpxdata:cadence>80</gpxdata:cadence>
     <gpxdata:speed>3.875</gpxdata:speed>
    </extensions>
   </trkpt>
   <trkpt lat="47.2192148" lon="38.9283776">
    <ele>14</ele>
    <time>2026-08-30T05:18:01Z</time>
    <extensions>
     <gpxdata:hr>169</gpxdata:hr>
     <gpxdata:distance>3216.00</gpxdata:distance>
     <gpxdata:cadence>80</gpxdata:cadence>
     <gpxdata:speed>3.881</gpxdata:speed>
    </extensions>
   </trkpt>
   <trkpt lat="47.2192474" lon="38.9283604">
    <ele>14</ele>
    <time>2026-08-30T05:18:02Z</time>
    <extensions>
     <gpxdata:hr>169</gpxdata:hr>
     <gpxdata:distance>3220.00</gpxdata:distance>
     <gpxdata:cadence>80</gpxdata:cadence>
     <gpxdata:speed>3.881</gpxdata:speed>
    </extensions>
   </trkpt>
   <trkpt lat="47.2192801" lon="38.9283433">
    <ele>14</ele>
    <time>2026-08-30T05:18:03Z</time>
    <extensions>
     <gpxdata:hr>169</gpxdata:hr>
     <gpxdata:distance>3224.00</gpxdata:distance>
     <gpxdata:cadence>80</gpxdata:cadence>
     <gpxdata:speed>3.881</gpxdata:speed>
    </extensions>
   </trkpt>
   <trkpt lat="47.2193140" lon="38.9283238">
    <ele>14</ele>
    <time>2026-08-30T05:18:04Z</time>
    <extensions>
     <gpxdata:hr>169</gpxdata:hr>
     <gpxdata:distance>3230.00</gpxdata:distance>
     <gpxdata:cadence>80</gpxdata:cadence>
     <gpxdata:speed>3.889</gpxdata:speed>
    </extensions>
   </trkpt>
   <trkpt lat="47.2193479" lon="38.9283044">
    <ele>14</ele>
    <time>2026-08-30T05:18:05Z</time>
    <extensions>
     <gpxdata:hr>169</gpxdata:hr>
     <gpxdata:distance>3236.00</gpxdata:distance>
     <gpxdata:cadence>80</gpxdata:cadence>
     <gpxdata:speed>3.900</gpxdata:speed>
    </extensions>
   </trkpt>
   <trkpt lat="47.2193823" lon="38.9282837">
    <ele>14</ele>
    <time>2026-08-30T05:18:06Z</time>
    <extensions>
     <gpxdata:hr>169</gpxdata:hr>
     <gpxdata:distance>3239.00</gpxdata:distance>
     <gpxdata:cadence>80</gpxdata:cadence>
     <gpxdata:speed>3.894</gpxdata:speed>
    </extensions>
   </trkpt>
   <trkpt lat="47.2194167" lon="38.9282631">
    <ele>14</ele>
    <time>2026-08-30T05:18:07Z</time>
    <extensions>
     <gpxdata:hr>169</gpxdata:hr>
     <gpxdata:distance>3242.00</gpxdata:distance>
     <gpxdata:cadence>80</gpxdata:cadence>
     <gpxdata:speed>3.892</gpxdata:speed>
    </extensions>
   </trkpt>
   <trkpt lat="47.2194502" lon="38.9282414">
    <ele>14</ele>
    <time>2026-08-30T05:18:08Z</time>
    <extensions>
     <gpxdata:hr>169</gpxdata:hr>
     <gpxdata:distance>3246.50</gpxdata:distance>
     <gpxdata:cadence>80</gpxdata:cadence>
     <gpxdata:speed>3.894</gpxdata:speed>
    </extensions>
   </trkpt>
   <trkpt lat="47.2194838" lon="38.9282197">
    <ele>14</ele>
    <time>2026-08-30T05:18:09Z</time>
    <extensions>
     <gpxdata:hr>169</gpxdata:hr>
     <gpxdata:distance>3251.00</gpxdata:distance>
     <gpxdata:cadence>80</gpxdata:cadence>
     <gpxdata:speed>3.900</gpxdata:speed>
    </extensions>
   </trkpt>
   <trkpt lat="47.2195156" lon="38.9281979">
    <ele>14</ele>
    <time>2026-08-30T05:18:10Z</time>
    <extensions>
     <gpxdata:hr>169</gpxdata:hr>
     <gpxdata:distance>3253.50</gpxdata:distance>
     <gpxdata:cadence>80</gpxdata:cadence>
     <gpxdata:speed>3.900</gpxdata:speed>
    </extensions>
   </trkpt>
   <trkpt lat="47.2195474" lon="38.9281761">
    <ele>14</ele>
    <time>2026-08-30T05:18:11Z</time>
    <extensions>
     <gpxdata:hr>169</gpxdata:hr>
     <gpxdata:distance>3256.00</gpxdata:distance>
     <gpxdata:cadence>80</gpxdata:cadence>
     <gpxdata:speed>3.903</gpxdata:speed>
    </extensions>
   </trkpt>
   <trkpt lat="47.2195779" lon="38.9281565">
    <ele>14</ele>
    <time>2026-08-30T05:18:12Z</time>
    <extensions>
     <gpxdata:hr>169</gpxdata:hr>
     <gpxdata:distance>3260.50</gpxdata:distance>
     <gpxdata:cadence>80</gpxdata:cadence>
     <gpxdata:speed>3.906</gpxdata:speed>
    </extensions>
   </trkpt>
   <trkpt lat="47.2196085" lon="38.9281370">
    <ele>14</ele>
    <time>2026-08-30T05:18:13Z</time>
    <extensions>
     <gpxdata:hr>168</gpxdata:hr>
     <gpxdata:distance>3265.00</gpxdata:distance>
     <gpxdata:cadence>80</gpxdata:cadence>
     <gpxdata:speed>3.911</gpxdata:speed>
    </extensions>
   </trkpt>
   <trkpt lat="47.2196389" lon="38.9281189">
    <ele>14</ele>
    <time>2026-08-30T05:18:14Z</time>
    <extensions>
     <gpxdata:hr>168</gpxdata:hr>
     <gpxdata:distance>3269.50</gpxdata:distance>
     <gpxdata:cadence>80</gpxdata:cadence>
     <gpxdata:speed>3.917</gpxdata:speed>
    </extensions>
   </trkpt>
   <trkpt lat="47.2196693" lon="38.9281008">
    <ele>14</ele>
    <time>2026-08-30T05:18:15Z</time>
    <extensions>
     <gpxdata:hr>169</gpxdata:hr>
     <gpxdata:distance>3274.00</gpxdata:distance>
     <gpxdata:cadence>80</gpxdata:cadence>
     <gpxdata:speed>3.922</gpxdata:speed>
    </extensions>
   </trkpt>
   <trkpt lat="47.2197000" lon="38.9280809">
    <ele>14</ele>
    <time>2026-08-30T05:18:16Z</time>
    <extensions>
     <gpxdata:hr>169</gpxdata:hr>
     <gpxdata:distance>3278.50</gpxdata:distance>
     <gpxdata:cadence>80</gpxdata:cadence>
     <gpxdata:speed>3.919</gpxdata:speed>
    </extensions>
   </trkpt>
   <trkpt lat="47.2197307" lon="38.9280611">
    <ele>14</ele>
    <time>2026-08-30T05:18:17Z</time>
    <extensions>
     <gpxdata:hr>169</gpxdata:hr>
     <gpxdata:distance>3283.00</gpxdata:distance>
     <gpxdata:cadence>80</gpxdata:cadence>
     <gpxdata:speed>3.919</gpxdata:speed>
    </extensions>
   </trkpt>
   <trkpt lat="47.2197635" lon="38.9280390">
    <ele>14</ele>
    <time>2026-08-30T05:18:18Z</time>
    <extensions>
     <gpxdata:hr>169</gpxdata:hr>
     <gpxdata:distance>3286.00</gpxdata:distance>
     <gpxdata:cadence>80</gpxdata:cadence>
     <gpxdata:speed>3.928</gpxdata:speed>
    </extensions>
   </trkpt>
   <trkpt lat="47.2197964" lon="38.9280170">
    <ele>14</ele>
    <time>2026-08-30T05:18:19Z</time>
    <extensions>
     <gpxdata:hr>169</gpxdata:hr>
     <gpxdata:distance>3289.00</gpxdata:distance>
     <gpxdata:cadence>80</gpxdata:cadence>
     <gpxdata:speed>3.939</gpxdata:speed>
    </extensions>
   </trkpt>
   <trkpt lat="47.2198294" lon="38.9279946">
    <ele>14</ele>
    <time>2026-08-30T05:18:20Z</time>
    <extensions>
     <gpxdata:hr>169</gpxdata:hr>
     <gpxdata:distance>3292.00</gpxdata:distance>
     <gpxdata:cadence>80</gpxdata:cadence>
     <gpxdata:speed>3.947</gpxdata:speed>
    </extensions>
   </trkpt>
   <trkpt lat="47.2198624" lon="38.9279723">
    <ele>14</ele>
    <time>2026-08-30T05:18:21Z</time>
    <extensions>
     <gpxdata:hr>168</gpxdata:hr>
     <gpxdata:distance>3295.00</gpxdata:distance>
     <gpxdata:cadence>81</gpxdata:cadence>
     <gpxdata:speed>3.958</gpxdata:speed>
    </extensions>
   </trkpt>
   <trkpt lat="47.2198963" lon="38.9279504">
    <ele>14</ele>
    <time>2026-08-30T05:18:22Z</time>
    <extensions>
     <gpxdata:hr>168</gpxdata:hr>
     <gpxdata:distance>3299.00</gpxdata:distance>
     <gpxdata:cadence>81</gpxdata:cadence>
     <gpxdata:speed>3.964</gpxdata:speed>
    </extensions>
   </trkpt>
   <trkpt lat="47.2199302" lon="38.9279286">
    <ele>14</ele>
    <time>2026-08-30T05:18:23Z</time>
    <extensions>
     <gpxdata:hr>168</gpxdata:hr>
     <gpxdata:distance>3303.00</gpxdata:distance>
     <gpxdata:cadence>81</gpxdata:cadence>
     <gpxdata:speed>3.969</gpxdata:speed>
    </extensions>
   </trkpt>
   <trkpt lat="47.2199620" lon="38.9279078">
    <ele>14</ele>
    <time>2026-08-30T05:18:24Z</time>
    <extensions>
     <gpxdata:hr>169</gpxdata:hr>
     <gpxdata:distance>3307.50</gpxdata:distance>
     <gpxdata:cadence>81</gpxdata:cadence>
     <gpxdata:speed>3.978</gpxdata:speed>
    </extensions>
   </trkpt>
   <trkpt lat="47.2199939" lon="38.9278871">
    <ele>14</ele>
    <time>2026-08-30T05:18:25Z</time>
    <extensions>
     <gpxdata:hr>169</gpxdata:hr>
     <gpxdata:distance>3312.00</gpxdata:distance>
     <gpxdata:cadence>81</gpxdata:cadence>
     <gpxdata:speed>3.986</gpxdata:speed>
    </extensions>
   </trkpt>
   <trkpt lat="47.2200248" lon="38.9278657">
    <ele>14</ele>
    <time>2026-08-30T05:18:26Z</time>
    <extensions>
     <gpxdata:hr>169</gpxdata:hr>
     <gpxdata:distance>3316.50</gpxdata:distance>
     <gpxdata:cadence>81</gpxdata:cadence>
     <gpxdata:speed>3.972</gpxdata:speed>
    </extensions>
   </trkpt>
   <trkpt lat="47.2200558" lon="38.9278444">
    <ele>14</ele>
    <time>2026-08-30T05:18:27Z</time>
    <extensions>
     <gpxdata:hr>170</gpxdata:hr>
     <gpxdata:distance>3321.00</gpxdata:distance>
     <gpxdata:cadence>81</gpxdata:cadence>
     <gpxdata:speed>3.958</gpxdata:speed>
    </extensions>
   </trkpt>
   <trkpt lat="47.2200867" lon="38.9278236">
    <ele>13</ele>
    <time>2026-08-30T05:18:28Z</time>
    <extensions>
     <gpxdata:hr>170</gpxdata:hr>
     <gpxdata:distance>3324.00</gpxdata:distance>
     <gpxdata:cadence>81</gpxdata:cadence>
     <gpxdata:speed>3.953</gpxdata:speed>
    </extensions>
   </trkpt>
   <trkpt lat="47.2201176" lon="38.9278028">
    <ele>13</ele>
    <time>2026-08-30T05:18:29Z</time>
    <extensions>
     <gpxdata:hr>170</gpxdata:hr>
     <gpxdata:distance>3327.00</gpxdata:distance>
     <gpxdata:cadence>81</gpxdata:cadence>
     <gpxdata:speed>3.950</gpxdata:speed>
    </extensions>
   </trkpt>
   <trkpt lat="47.2201483" lon="38.9277835">
    <ele>13</ele>
    <time>2026-08-30T05:18:30Z</time>
    <extensions>
     <gpxdata:hr>171</gpxdata:hr>
     <gpxdata:distance>3331.50</gpxdata:distance>
     <gpxdata:cadence>81</gpxdata:cadence>
     <gpxdata:speed>3.958</gpxdata:speed>
    </extensions>
   </trkpt>
   <trkpt lat="47.2201791" lon="38.9277642">
    <ele>13</ele>
    <time>2026-08-30T05:18:31Z</time>
    <extensions>
     <gpxdata:hr>171</gpxdata:hr>
     <gpxdata:distance>3336.00</gpxdata:distance>
     <gpxdata:cadence>81</gpxdata:cadence>
     <gpxdata:speed>3.967</gpxdata:speed>
    </extensions>
   </trkpt>
   <trkpt lat="47.2202107" lon="38.9277435">
    <ele>13</ele>
    <time>2026-08-30T05:18:32Z</time>
    <extensions>
     <gpxdata:hr>171</gpxdata:hr>
     <gpxdata:distance>3340.50</gpxdata:distance>
     <gpxdata:cadence>81</gpxdata:cadence>
     <gpxdata:speed>3.975</gpxdata:speed>
    </extensions>
   </trkpt>
   <trkpt lat="47.2202423" lon="38.9277228">
    <ele>13</ele>
    <time>2026-08-30T05:18:33Z</time>
    <extensions>
     <gpxdata:hr>171</gpxdata:hr>
     <gpxdata:distance>3345.00</gpxdata:distance>
     <gpxdata:cadence>81</gpxdata:cadence>
     <gpxdata:speed>3.986</gpxdata:speed>
    </extensions>
   </trkpt>
   <trkpt lat="47.2202735" lon="38.9277016">
    <ele>13</ele>
    <time>2026-08-30T05:18:34Z</time>
    <extensions>
     <gpxdata:hr>172</gpxdata:hr>
     <gpxdata:distance>3349.50</gpxdata:distance>
     <gpxdata:cadence>81</gpxdata:cadence>
     <gpxdata:speed>3.994</gpxdata:speed>
    </extensions>
   </trkpt>
   <trkpt lat="47.2203048" lon="38.9276805">
    <ele>13</ele>
    <time>2026-08-30T05:18:35Z</time>
    <extensions>
     <gpxdata:hr>172</gpxdata:hr>
     <gpxdata:distance>3354.00</gpxdata:distance>
     <gpxdata:cadence>81</gpxdata:cadence>
     <gpxdata:speed>4.006</gpxdata:speed>
    </extensions>
   </trkpt>
   <trkpt lat="47.2203348" lon="38.9276612">
    <ele>13</ele>
    <time>2026-08-30T05:18:36Z</time>
    <extensions>
     <gpxdata:hr>172</gpxdata:hr>
     <gpxdata:distance>3358.00</gpxdata:distance>
     <gpxdata:cadence>81</gpxdata:cadence>
     <gpxdata:speed>3.994</gpxdata:speed>
    </extensions>
   </trkpt>
   <trkpt lat="47.2203648" lon="38.9276420">
    <ele>13</ele>
    <time>2026-08-30T05:18:37Z</time>
    <extensions>
     <gpxdata:hr>172</gpxdata:hr>
     <gpxdata:distance>3362.00</gpxdata:distance>
     <gpxdata:cadence>81</gpxdata:cadence>
     <gpxdata:speed>3.986</gpxdata:speed>
    </extensions>
   </trkpt>
   <trkpt lat="47.2203973" lon="38.9276225">
    <ele>13</ele>
    <time>2026-08-30T05:18:38Z</time>
    <extensions>
     <gpxdata:hr>173</gpxdata:hr>
     <gpxdata:distance>3365.00</gpxdata:distance>
     <gpxdata:cadence>81</gpxdata:cadence>
     <gpxdata:speed>3.975</gpxdata:speed>
    </extensions>
   </trkpt>
   <trkpt lat="47.2204299" lon="38.9276030">
    <ele>13</ele>
    <time>2026-08-30T05:18:39Z</time>
    <extensions>
     <gpxdata:hr>173</gpxdata:hr>
     <gpxdata:distance>3368.00</gpxdata:distance>
     <gpxdata:cadence>81</gpxdata:cadence>
     <gpxdata:speed>3.967</gpxdata:speed>
    </extensions>
   </trkpt>
   <trkpt lat="47.2204649" lon="38.9275795">
    <ele>13</ele>
    <time>2026-08-30T05:18:40Z</time>
    <extensions>
     <gpxdata:hr>173</gpxdata:hr>
     <gpxdata:distance>3372.50</gpxdata:distance>
     <gpxdata:cadence>81</gpxdata:cadence>
     <gpxdata:speed>3.961</gpxdata:speed>
    </extensions>
   </trkpt>
   <trkpt lat="47.2205000" lon="38.9275560">
    <ele>13</ele>
    <time>2026-08-30T05:18:41Z</time>
    <extensions>
     <gpxdata:hr>174</gpxdata:hr>
     <gpxdata:distance>3377.00</gpxdata:distance>
     <gpxdata:cadence>81</gpxdata:cadence>
     <gpxdata:speed>3.956</gpxdata:speed>
    </extensions>
   </trkpt>
   <trkpt lat="47.2205303" lon="38.9275252">
    <ele>13</ele>
    <time>2026-08-30T05:18:42Z</time>
    <extensions>
     <gpxdata:hr>173</gpxdata:hr>
     <gpxdata:distance>3380.00</gpxdata:distance>
     <gpxdata:cadence>80</gpxdata:cadence>
     <gpxdata:speed>3.942</gpxdata:speed>
    </extensions>
   </trkpt>
   <trkpt lat="47.2205607" lon="38.9274944">
    <ele>13</ele>
    <time>2026-08-30T05:18:43Z</time>
    <extensions>
     <gpxdata:hr>174</gpxdata:hr>
     <gpxdata:distance>3383.00</gpxdata:distance>
     <gpxdata:cadence>80</gpxdata:cadence>
     <gpxdata:speed>3.928</gpxdata:speed>
    </extensions>
   </trkpt>
   <trkpt lat="47.2205838" lon="38.9274571">
    <ele>13</ele>
    <time>2026-08-30T05:18:44Z</time>
    <extensions>
     <gpxdata:hr>174</gpxdata:hr>
     <gpxdata:distance>3388.50</gpxdata:distance>
     <gpxdata:cadence>80</gpxdata:cadence>
     <gpxdata:speed>3.906</gpxdata:speed>
    </extensions>
   </trkpt>
   <trkpt lat="47.2206070" lon="38.9274199">
    <ele>13</ele>
    <time>2026-08-30T05:18:45Z</time>
    <extensions>
     <gpxdata:hr>174</gpxdata:hr>
     <gpxdata:distance>3394.00</gpxdata:distance>
     <gpxdata:cadence>80</gpxdata:cadence>
     <gpxdata:speed>3.883</gpxdata:speed>
    </extensions>
   </trkpt>
   <trkpt lat="47.2206274" lon="38.9273800">
    <ele>13</ele>
    <time>2026-08-30T05:18:46Z</time>
    <extensions>
     <gpxdata:hr>174</gpxdata:hr>
     <gpxdata:distance>3397.00</gpxdata:distance>
     <gpxdata:cadence>80</gpxdata:cadence>
     <gpxdata:speed>3.872</gpxdata:speed>
    </extensions>
   </trkpt>
   <trkpt lat="47.2206478" lon="38.9273401">
    <ele>13</ele>
    <time>2026-08-30T05:18:47Z</time>
    <extensions>
     <gpxdata:hr>174</gpxdata:hr>
     <gpxdata:distance>3400.00</gpxdata:distance>
     <gpxdata:cadence>81</gpxdata:cadence>
     <gpxdata:speed>3.864</gpxdata:speed>
    </extensions>
   </trkpt>
   <trkpt lat="47.2206689" lon="38.9272999">
    <ele>13</ele>
    <time>2026-08-30T05:18:48Z</time>
    <extensions>
     <gpxdata:hr>174</gpxdata:hr>
     <gpxdata:distance>3404.50</gpxdata:distance>
     <gpxdata:cadence>80</gpxdata:cadence>
     <gpxdata:speed>3.864</gpxdata:speed>
    </extensions>
   </trkpt>
   <trkpt lat="47.2206900" lon="38.9272598">
    <ele>13</ele>
    <time>2026-08-30T05:18:49Z</time>
    <extensions>
     <gpxdata:hr>174</gpxdata:hr>
     <gpxdata:distance>3409.00</gpxdata:distance>
     <gpxdata:cadence>80</gpxdata:cadence>
     <gpxdata:speed>3.864</gpxdata:speed>
    </extensions>
   </trkpt>
   <trkpt lat="47.2207127" lon="38.9272215">
    <ele>13</ele>
    <time>2026-08-30T05:18:50Z</time>
    <extensions>
     <gpxdata:hr>174</gpxdata:hr>
     <gpxdata:distance>3412.00</gpxdata:distance>
     <gpxdata:cadence>80</gpxdata:cadence>
     <gpxdata:speed>3.875</gpxdata:speed>
    </extensions>
   </trkpt>
   <trkpt lat="47.2207354" lon="38.9271832">
    <ele>13</ele>
    <time>2026-08-30T05:18:51Z</time>
    <extensions>
     <gpxdata:hr>174</gpxdata:hr>
     <gpxdata:distance>3415.00</gpxdata:distance>
     <gpxdata:cadence>80</gpxdata:cadence>
     <gpxdata:speed>3.889</gpxdata:speed>
    </extensions>
   </trkpt>
   <trkpt lat="47.2207584" lon="38.9271456">
    <ele>13</ele>
    <time>2026-08-30T05:18:52Z</time>
    <extensions>
     <gpxdata:hr>174</gpxdata:hr>
     <gpxdata:distance>3417.50</gpxdata:distance>
     <gpxdata:cadence>80</gpxdata:cadence>
     <gpxdata:speed>3.903</gpxdata:speed>
    </extensions>
   </trkpt>
   <trkpt lat="47.2207814" lon="38.9271081">
    <ele>13</ele>
    <time>2026-08-30T05:18:53Z</time>
    <extensions>
     <gpxdata:hr>174</gpxdata:hr>
     <gpxdata:distance>3420.00</gpxdata:distance>
     <gpxdata:cadence>80</gpxdata:cadence>
     <gpxdata:speed>3.917</gpxdata:speed>
    </extensions>
   </trkpt>
   <trkpt lat="47.2208056" lon="38.9270700">
    <ele>13</ele>
    <time>2026-08-30T05:18:54Z</time>
    <extensions>
     <gpxdata:hr>174</gpxdata:hr>
     <gpxdata:distance>3424.50</gpxdata:distance>
     <gpxdata:cadence>80</gpxdata:cadence>
     <gpxdata:speed>3.917</gpxdata:speed>
    </extensions>
   </trkpt>
   <trkpt lat="47.2208298" lon="38.9270320">
    <ele>13</ele>
    <time>2026-08-30T05:18:55Z</time>
    <extensions>
     <gpxdata:hr>174</gpxdata:hr>
     <gpxdata:distance>3429.00</gpxdata:distance>
     <gpxdata:cadence>80</gpxdata:cadence>
     <gpxdata:speed>3.917</gpxdata:speed>
    </extensions>
   </trkpt>
   <trkpt lat="47.2208556" lon="38.9269939">
    <ele>13</ele>
    <time>2026-08-30T05:18:56Z</time>
    <extensions>
     <gpxdata:hr>174</gpxdata:hr>
     <gpxdata:distance>3433.50</gpxdata:distance>
     <gpxdata:cadence>80</gpxdata:cadence>
     <gpxdata:speed>3.903</gpxdata:speed>
    </extensions>
   </trkpt>
   <trkpt lat="47.2208815" lon="38.9269558">
    <ele>13</ele>
    <time>2026-08-30T05:18:57Z</time>
    <extensions>
     <gpxdata:hr>174</gpxdata:hr>
     <gpxdata:distance>3438.00</gpxdata:distance>
     <gpxdata:cadence>80</gpxdata:cadence>
     <gpxdata:speed>3.889</gpxdata:speed>
    </extensions>
   </trkpt>
   <trkpt lat="47.2209053" lon="38.9269171">
    <ele>13</ele>
    <time>2026-08-30T05:18:58Z</time>
    <extensions>
     <gpxdata:hr>175</gpxdata:hr>
     <gpxdata:distance>3442.00</gpxdata:distance>
     <gpxdata:cadence>80</gpxdata:cadence>
     <gpxdata:speed>3.861</gpxdata:speed>
    </extensions>
   </trkpt>
   <trkpt lat="47.2209292" lon="38.9268785">
    <ele>13</ele>
    <time>2026-08-30T05:18:59Z</time>
    <extensions>
     <gpxdata:hr>175</gpxdata:hr>
     <gpxdata:distance>3446.00</gpxdata:distance>
     <gpxdata:cadence>80</gpxdata:cadence>
     <gpxdata:speed>3.833</gpxdata:speed>
    </extensions>
   </trkpt>
   <trkpt lat="47.2209474" lon="38.9268373">
    <ele>13</ele>
    <time>2026-08-30T05:19:00Z</time>
    <extensions>
     <gpxdata:hr>175</gpxdata:hr>
     <gpxdata:distance>3450.00</gpxdata:distance>
     <gpxdata:cadence>80</gpxdata:cadence>
     <gpxdata:speed>3.806</gpxdata:speed>
    </extensions>
   </trkpt>
   <trkpt lat="47.2209657" lon="38.9267961">
    <ele>13</ele>
    <time>2026-08-30T05:19:01Z</time>
    <extensions>
     <gpxdata:hr>175</gpxdata:hr>
     <gpxdata:distance>3454.00</gpxdata:distance>
     <gpxdata:cadence>80</gpxdata:cadence>
     <gpxdata:speed>3.781</gpxdata:speed>
    </extensions>
   </trkpt>
   <trkpt lat="47.2209733" lon="38.9267520">
    <ele>13</ele>
    <time>2026-08-30T05:19:02Z</time>
    <extensions>
     <gpxdata:hr>175</gpxdata:hr>
     <gpxdata:distance>3457.00</gpxdata:distance>
     <gpxdata:cadence>80</gpxdata:cadence>
     <gpxdata:speed>3.781</gpxdata:speed>
    </extensions>
   </trkpt>
   <trkpt lat="47.2209809" lon="38.9267080">
    <ele>13</ele>
    <time>2026-08-30T05:19:03Z</time>
    <extensions>
     <gpxdata:hr>175</gpxdata:hr>
     <gpxdata:distance>3460.00</gpxdata:distance>
     <gpxdata:cadence>80</gpxdata:cadence>
     <gpxdata:speed>3.781</gpxdata:speed>
    </extensions>
   </trkpt>
   <trkpt lat="47.2209735" lon="38.9266634">
    <ele>13</ele>
    <time>2026-08-30T05:19:04Z</time>
    <extensions>
     <gpxdata:hr>175</gpxdata:hr>
     <gpxdata:distance>3464.50</gpxdata:distance>
     <gpxdata:cadence>80</gpxdata:cadence>
     <gpxdata:speed>3.775</gpxdata:speed>
    </extensions>
   </trkpt>
   <trkpt lat="47.2209661" lon="38.9266189">
    <ele>13</ele>
    <time>2026-08-30T05:19:05Z</time>
    <extensions>
     <gpxdata:hr>176</gpxdata:hr>
     <gpxdata:distance>3469.00</gpxdata:distance>
     <gpxdata:cadence>80</gpxdata:cadence>
     <gpxdata:speed>3.769</gpxdata:speed>
    </extensions>
   </trkpt>
   <trkpt lat="47.2209450" lon="38.9265770">
    <ele>13</ele>
    <time>2026-08-30T05:19:06Z</time>
    <extensions>
     <gpxdata:hr>176</gpxdata:hr>
     <gpxdata:distance>3473.00</gpxdata:distance>
     <gpxdata:cadence>80</gpxdata:cadence>
     <gpxdata:speed>3.778</gpxdata:speed>
    </extensions>
   </trkpt>
   <trkpt lat="47.2209240" lon="38.9265352">
    <ele>13</ele>
    <time>2026-08-30T05:19:07Z</time>
    <extensions>
     <gpxdata:hr>177</gpxdata:hr>
     <gpxdata:distance>3477.00</gpxdata:distance>
     <gpxdata:cadence>80</gpxdata:cadence>
     <gpxdata:speed>3.789</gpxdata:speed>
    </extensions>
   </trkpt>
   <trkpt lat="47.2208937" lon="38.9264962">
    <ele>13</ele>
    <time>2026-08-30T05:19:08Z</time>
    <extensions>
     <gpxdata:hr>176</gpxdata:hr>
     <gpxdata:distance>3481.50</gpxdata:distance>
     <gpxdata:cadence>80</gpxdata:cadence>
     <gpxdata:speed>3.803</gpxdata:speed>
    </extensions>
   </trkpt>
   <trkpt lat="47.2208635" lon="38.9264572">
    <ele>13</ele>
    <time>2026-08-30T05:19:09Z</time>
    <extensions>
     <gpxdata:hr>176</gpxdata:hr>
     <gpxdata:distance>3486.00</gpxdata:distance>
     <gpxdata:cadence>80</gpxdata:cadence>
     <gpxdata:speed>3.817</gpxdata:speed>
    </extensions>
   </trkpt>
   <trkpt lat="47.2208306" lon="38.9264217">
    <ele>13</ele>
    <time>2026-08-30T05:19:10Z</time>
    <extensions>
     <gpxdata:hr>176</gpxdata:hr>
     <gpxdata:distance>3489.00</gpxdata:distance>
     <gpxdata:cadence>80</gpxdata:cadence>
     <gpxdata:speed>3.828</gpxdata:speed>
    </extensions>
   </trkpt>
   <trkpt lat="47.2207977" lon="38.9263862">
    <ele>13</ele>
    <time>2026-08-30T05:19:11Z</time>
    <extensions>
     <gpxdata:hr>176</gpxdata:hr>
     <gpxdata:distance>3492.00</gpxdata:distance>
     <gpxdata:cadence>81</gpxdata:cadence>
     <gpxdata:speed>3.839</gpxdata:speed>
    </extensions>
   </trkpt>
   <trkpt lat="47.2207668" lon="38.9263489">
    <ele>13</ele>
    <time>2026-08-30T05:19:12Z</time>
    <extensions>
     <gpxdata:hr>176</gpxdata:hr>
     <gpxdata:distance>3496.00</gpxdata:distance>
     <gpxdata:cadence>81</gpxdata:cadence>
     <gpxdata:speed>3.858</gpxdata:speed>
    </extensions>
   </trkpt>
   <trkpt lat="47.2207359" lon="38.9263117">
    <ele>13</ele>
    <time>2026-08-30T05:19:13Z</time>
    <extensions>
     <gpxdata:hr>176</gpxdata:hr>
     <gpxdata:distance>3500.00</gpxdata:distance>
     <gpxdata:cadence>81</gpxdata:cadence>
     <gpxdata:speed>3.881</gpxdata:speed>
    </extensions>
   </trkpt>
   <trkpt lat="47.2207080" lon="38.9262728">
    <ele>13</ele>
    <time>2026-08-30T05:19:14Z</time>
    <extensions>
     <gpxdata:hr>175</gpxdata:hr>
     <gpxdata:distance>3503.00</gpxdata:distance>
     <gpxdata:cadence>81</gpxdata:cadence>
     <gpxdata:speed>3.892</gpxdata:speed>
    </extensions>
   </trkpt>
   <trkpt lat="47.2206801" lon="38.9262339">
    <ele>13</ele>
    <time>2026-08-30T05:19:15Z</time>
    <extensions>
     <gpxdata:hr>175</gpxdata:hr>
     <gpxdata:distance>3506.00</gpxdata:distance>
     <gpxdata:cadence>82</gpxdata:cadence>
     <gpxdata:speed>3.903</gpxdata:speed>
    </extensions>
   </trkpt>
   <trkpt lat="47.2206548" lon="38.9261974">
    <ele>13</ele>
    <time>2026-08-30T05:19:16Z</time>
    <extensions>
     <gpxdata:hr>175</gpxdata:hr>
     <gpxdata:distance>3510.50</gpxdata:distance>
     <gpxdata:cadence>82</gpxdata:cadence>
     <gpxdata:speed>3.922</gpxdata:speed>
    </extensions>
   </trkpt>
   <trkpt lat="47.2206295" lon="38.9261609">
    <ele>13</ele>
    <time>2026-08-30T05:19:17Z</time>
    <extensions>
     <gpxdata:hr>175</gpxdata:hr>
     <gpxdata:distance>3515.00</gpxdata:distance>
     <gpxdata:cadence>82</gpxdata:cadence>
     <gpxdata:speed>3.944</gpxdata:speed>
    </extensions>
   </trkpt>
   <trkpt lat="47.2206055" lon="38.9261272">
    <ele>13</ele>
    <time>2026-08-30T05:19:18Z</time>
    <extensions>
     <gpxdata:hr>175</gpxdata:hr>
     <gpxdata:distance>3519.00</gpxdata:distance>
     <gpxdata:cadence>82</gpxdata:cadence>
     <gpxdata:speed>3.947</gpxdata:speed>
    </extensions>
   </trkpt>
   <trkpt lat="47.2205816" lon="38.9260935">
    <ele>13</ele>
    <time>2026-08-30T05:19:19Z</time>
    <extensions>
     <gpxdata:hr>175</gpxdata:hr>
     <gpxdata:distance>3523.00</gpxdata:distance>
     <gpxdata:cadence>83</gpxdata:cadence>
     <gpxdata:speed>3.953</gpxdata:speed>
    </extensions>
   </trkpt>
   <trkpt lat="47.2205582" lon="38.9260590">
    <ele>13</ele>
    <time>2026-08-30T05:19:20Z</time>
    <extensions>
     <gpxdata:hr>175</gpxdata:hr>
     <gpxdata:distance>3526.00</gpxdata:distance>
     <gpxdata:cadence>83</gpxdata:cadence>
     <gpxdata:speed>3.961</gpxdata:speed>
    </extensions>
   </trkpt>
   <trkpt lat="47.2205349" lon="38.9260245">
    <ele>13</ele>
    <time>2026-08-30T05:19:21Z</time>
    <extensions>
     <gpxdata:hr>174</gpxdata:hr>
     <gpxdata:distance>3529.00</gpxdata:distance>
     <gpxdata:cadence>83</gpxdata:cadence>
     <gpxdata:speed>3.972</gpxdata:speed>
    </extensions>
   </trkpt>
   <trkpt lat="47.2205113" lon="38.9259889">
    <ele>14</ele>
    <time>2026-08-30T05:19:22Z</time>
    <extensions>
     <gpxdata:hr>174</gpxdata:hr>
     <gpxdata:distance>3535.00</gpxdata:distance>
     <gpxdata:cadence>83</gpxdata:cadence>
     <gpxdata:speed>3.981</gpxdata:speed>
    </extensions>
   </trkpt>
   <trkpt lat="47.2204878" lon="38.9259533">
    <ele>14</ele>
    <time>2026-08-30T05:19:23Z</time>
    <extensions>
     <gpxdata:hr>174</gpxdata:hr>
     <gpxdata:distance>3541.00</gpxdata:distance>
     <gpxdata:cadence>83</gpxdata:cadence>
     <gpxdata:speed>3.989</gpxdata:speed>
    </extensions>
   </trkpt>
   <trkpt lat="47.2204636" lon="38.9259156">
    <ele>14</ele>
    <time>2026-08-30T05:19:24Z</time>
    <extensions>
     <gpxdata:hr>174</gpxdata:hr>
     <gpxdata:distance>3544.00</gpxdata:distance>
     <gpxdata:cadence>83</gpxdata:cadence>
     <gpxdata:speed>3.992</gpxdata:speed>
    </extensions>
   </trkpt>
   <trkpt lat="47.2204395" lon="38.9258780">
    <ele>14</ele>
    <time>2026-08-30T05:19:25Z</time>
    <extensions>
     <gpxdata:hr>174</gpxdata:hr>
     <gpxdata:distance>3547.00</gpxdata:distance>
     <gpxdata:cadence>83</gpxdata:cadence>
     <gpxdata:speed>3.997</gpxdata:speed>
    </extensions>
   </trkpt>
   <trkpt lat="47.2204157" lon="38.9258389">
    <ele>14</ele>
    <time>2026-08-30T05:19:26Z</time>
    <extensions>
     <gpxdata:hr>173</gpxdata:hr>
     <gpxdata:distance>3551.00</gpxdata:distance>
     <gpxdata:cadence>83</gpxdata:cadence>
     <gpxdata:speed>4.008</gpxdata:speed>
    </extensions>
   </trkpt>
   <trkpt lat="47.2203919" lon="38.9257999">
    <ele>14</ele>
    <time>2026-08-30T05:19:27Z</time>
    <extensions>
     <gpxdata:hr>173</gpxdata:hr>
     <gpxdata:distance>3555.00</gpxdata:distance>
     <gpxdata:cadence>84</gpxdata:cadence>
     <gpxdata:speed>4.022</gpxdata:speed>
    </extensions>
   </trkpt>
   <trkpt lat="47.2203691" lon="38.9257617">
    <ele>14</ele>
    <time>2026-08-30T05:19:28Z</time>
    <extensions>
     <gpxdata:hr>173</gpxdata:hr>
     <gpxdata:distance>3558.00</gpxdata:distance>
     <gpxdata:cadence>83</gpxdata:cadence>
     <gpxdata:speed>4.017</gpxdata:speed>
    </extensions>
   </trkpt>
   <trkpt lat="47.2203463" lon="38.9257235">
    <ele>14</ele>
    <time>2026-08-30T05:19:29Z</time>
    <extensions>
     <gpxdata:hr>173</gpxdata:hr>
     <gpxdata:distance>3561.00</gpxdata:distance>
     <gpxdata:cadence>83</gpxdata:cadence>
     <gpxdata:speed>4.014</gpxdata:speed>
    </extensions>
   </trkpt>
   <trkpt lat="47.2203277" lon="38.9256815">
    <ele>14</ele>
    <time>2026-08-30T05:19:30Z</time>
    <extensions>
     <gpxdata:hr>173</gpxdata:hr>
     <gpxdata:distance>3567.00</gpxdata:distance>
     <gpxdata:cadence>83</gpxdata:cadence>
     <gpxdata:speed>4.008</gpxdata:speed>
    </extensions>
   </trkpt>
   <trkpt lat="47.2203092" lon="38.9256396">
    <ele>14</ele>
    <time>2026-08-30T05:19:31Z</time>
    <extensions>
     <gpxdata:hr>173</gpxdata:hr>
     <gpxdata:distance>3573.00</gpxdata:distance>
     <gpxdata:cadence>83</gpxdata:cadence>
     <gpxdata:speed>4.003</gpxdata:speed>
    </extensions>
   </trkpt>
   <trkpt lat="47.2202930" lon="38.9255951">
    <ele>14</ele>
    <time>2026-08-30T05:19:32Z</time>
    <extensions>
     <gpxdata:hr>172</gpxdata:hr>
     <gpxdata:distance>3577.00</gpxdata:distance>
     <gpxdata:cadence>83</gpxdata:cadence>
     <gpxdata:speed>3.997</gpxdata:speed>
    </extensions>
   </trkpt>
   <trkpt lat="47.2202769" lon="38.9255506">
    <ele>14</ele>
    <time>2026-08-30T05:19:33Z</time>
    <extensions>
     <gpxdata:hr>172</gpxdata:hr>
     <gpxdata:distance>3581.00</gpxdata:distance>
     <gpxdata:cadence>83</gpxdata:cadence>
     <gpxdata:speed>3.994</gpxdata:speed>
    </extensions>
   </trkpt>
   <trkpt lat="47.2202642" lon="38.9255034">
    <ele>14</ele>
    <time>2026-08-30T05:19:34Z</time>
    <extensions>
     <gpxdata:hr>172</gpxdata:hr>
     <gpxdata:distance>3584.00</gpxdata:distance>
     <gpxdata:cadence>83</gpxdata:cadence>
     <gpxdata:speed>3.994</gpxdata:speed>
    </extensions>
   </trkpt>
   <trkpt lat="47.2202515" lon="38.9254563">
    <ele>14</ele>
    <time>2026-08-30T05:19:35Z</time>
    <extensions>
     <gpxdata:hr>172</gpxdata:hr>
     <gpxdata:distance>3587.00</gpxdata:distance>
     <gpxdata:cadence>83</gpxdata:cadence>
     <gpxdata:speed>3.994</gpxdata:speed>
    </extensions>
   </trkpt>
   <trkpt lat="47.2202411" lon="38.9254087">
    <ele>14</ele>
    <time>2026-08-30T05:19:36Z</time>
    <extensions>
     <gpxdata:hr>172</gpxdata:hr>
     <gpxdata:distance>3592.50</gpxdata:distance>
     <gpxdata:cadence>83</gpxdata:cadence>
     <gpxdata:speed>3.989</gpxdata:speed>
    </extensions>
   </trkpt>
   <trkpt lat="47.2202308" lon="38.9253612">
    <ele>15</ele>
    <time>2026-08-30T05:19:37Z</time>
    <extensions>
     <gpxdata:hr>172</gpxdata:hr>
     <gpxdata:distance>3598.00</gpxdata:distance>
     <gpxdata:cadence>83</gpxdata:cadence>
     <gpxdata:speed>3.983</gpxdata:speed>
    </extensions>
   </trkpt>
   <trkpt lat="47.2202239" lon="38.9253140">
    <ele>15</ele>
    <time>2026-08-30T05:19:38Z</time>
    <extensions>
     <gpxdata:hr>172</gpxdata:hr>
     <gpxdata:distance>3601.00</gpxdata:distance>
     <gpxdata:cadence>83</gpxdata:cadence>
     <gpxdata:speed>3.972</gpxdata:speed>
    </extensions>
   </trkpt>
   <trkpt lat="47.2202171" lon="38.9252669">
    <ele>15</ele>
    <time>2026-08-30T05:19:39Z</time>
    <extensions>
     <gpxdata:hr>172</gpxdata:hr>
     <gpxdata:distance>3604.00</gpxdata:distance>
     <gpxdata:cadence>83</gpxdata:cadence>
     <gpxdata:speed>3.964</gpxdata:speed>
    </extensions>
   </trkpt>
   <trkpt lat="47.2202188" lon="38.9252225">
    <ele>15</ele>
    <time>2026-08-30T05:19:40Z</time>
    <extensions>
     <gpxdata:hr>172</gpxdata:hr>
     <gpxdata:distance>3608.50</gpxdata:distance>
     <gpxdata:cadence>83</gpxdata:cadence>
     <gpxdata:speed>3.961</gpxdata:speed>
    </extensions>
   </trkpt>
   <trkpt lat="47.2202206" lon="38.9251782">
    <ele>15</ele>
    <time>2026-08-30T05:19:41Z</time>
    <extensions>
     <gpxdata:hr>172</gpxdata:hr>
     <gpxdata:distance>3613.00</gpxdata:distance>
     <gpxdata:cadence>83</gpxdata:cadence>
     <gpxdata:speed>3.961</gpxdata:speed>
    </extensions>
   </trkpt>
   <trkpt lat="47.2202334" lon="38.9251400">
    <ele>15</ele>
    <time>2026-08-30T05:19:42Z</time>
    <extensions>
     <gpxdata:hr>172</gpxdata:hr>
     <gpxdata:distance>3615.50</gpxdata:distance>
     <gpxdata:cadence>83</gpxdata:cadence>
     <gpxdata:speed>3.953</gpxdata:speed>
    </extensions>
   </trkpt>
   <trkpt lat="47.2202463" lon="38.9251019">
    <ele>15</ele>
    <time>2026-08-30T05:19:43Z</time>
    <extensions>
     <gpxdata:hr>172</gpxdata:hr>
     <gpxdata:distance>3618.00</gpxdata:distance>
     <gpxdata:cadence>83</gpxdata:cadence>
     <gpxdata:speed>3.947</gpxdata:speed>
    </extensions>
   </trkpt>
   <trkpt lat="47.2202706" lon="38.9250671">
    <ele>15</ele>
    <time>2026-08-30T05:19:44Z</time>
    <extensions>
     <gpxdata:hr>172</gpxdata:hr>
     <gpxdata:distance>3624.00</gpxdata:distance>
     <gpxdata:cadence>83</gpxdata:cadence>
     <gpxdata:speed>3.958</gpxdata:speed>
    </extensions>
   </trkpt>
   <trkpt lat="47.2202949" lon="38.9250323">
    <ele>15</ele>
    <time>2026-08-30T05:19:45Z</time>
    <extensions>
     <gpxdata:hr>172</gpxdata:hr>
     <gpxdata:distance>3630.00</gpxdata:distance>
     <gpxdata:cadence>83</gpxdata:cadence>
     <gpxdata:speed>3.972</gpxdata:speed>
    </extensions>
   </trkpt>
   <trkpt lat="47.2203247" lon="38.9249981">
    <ele>15</ele>
    <time>2026-08-30T05:19:46Z</time>
    <extensions>
     <gpxdata:hr>172</gpxdata:hr>
     <gpxdata:distance>3632.50</gpxdata:distance>
     <gpxdata:cadence>83</gpxdata:cadence>
     <gpxdata:speed>3.975</gpxdata:speed>
    </extensions>
   </trkpt>
   <trkpt lat="47.2203546" lon="38.9249639">
    <ele>15</ele>
    <time>2026-08-30T05:19:47Z</time>
    <extensions>
     <gpxdata:hr>172</gpxdata:hr>
     <gpxdata:distance>3635.00</gpxdata:distance>
     <gpxdata:cadence>83</gpxdata:cadence>
     <gpxdata:speed>3.978</gpxdata:speed>
    </extensions>
   </trkpt>
   <trkpt lat="47.2203844" lon="38.9249317">
    <ele>15</ele>
    <time>2026-08-30T05:19:48Z</time>
    <extensions>
     <gpxdata:hr>172</gpxdata:hr>
     <gpxdata:distance>3639.50</gpxdata:distance>
     <gpxdata:cadence>83</gpxdata:cadence>
     <gpxdata:speed>3.964</gpxdata:speed>
    </extensions>
   </trkpt>
   <trkpt lat="47.2204142" lon="38.9248996">
    <ele>15</ele>
    <time>2026-08-30T05:19:49Z</time>
    <extensions>
     <gpxdata:hr>172</gpxdata:hr>
     <gpxdata:distance>3644.00</gpxdata:distance>
     <gpxdata:cadence>83</gpxdata:cadence>
     <gpxdata:speed>3.950</gpxdata:speed>
    </extensions>
   </trkpt>
   <trkpt lat="47.2204422" lon="38.9248677">
    <ele>15</ele>
    <time>2026-08-30T05:19:50Z</time>
    <extensions>
     <gpxdata:hr>171</gpxdata:hr>
     <gpxdata:distance>3646.50</gpxdata:distance>
     <gpxdata:cadence>83</gpxdata:cadence>
     <gpxdata:speed>3.939</gpxdata:speed>
    </extensions>
   </trkpt>
   <trkpt lat="47.2204703" lon="38.9248358">
    <ele>15</ele>
    <time>2026-08-30T05:19:51Z</time>
    <extensions>
     <gpxdata:hr>171</gpxdata:hr>
     <gpxdata:distance>3649.00</gpxdata:distance>
     <gpxdata:cadence>82</gpxdata:cadence>
     <gpxdata:speed>3.931</gpxdata:speed>
    </extensions>
   </trkpt>
   <trkpt lat="47.2204960" lon="38.9248042">
    <ele>15</ele>
    <time>2026-08-30T05:19:52Z</time>
    <extensions>
     <gpxdata:hr>171</gpxdata:hr>
     <gpxdata:distance>3653.50</gpxdata:distance>
     <gpxdata:cadence>82</gpxdata:cadence>
     <gpxdata:speed>3.903</gpxdata:speed>
    </extensions>
   </trkpt>
   <trkpt lat="47.2205217" lon="38.9247726">
    <ele>15</ele>
    <time>2026-08-30T05:19:53Z</time>
    <extensions>
     <gpxdata:hr>171</gpxdata:hr>
     <gpxdata:distance>3658.00</gpxdata:distance>
     <gpxdata:cadence>82</gpxdata:cadence>
     <gpxdata:speed>3.875</gpxdata:speed>
    </extensions>
   </trkpt>
   <trkpt lat="47.2205469" lon="38.9247471">
    <ele>15</ele>
    <time>2026-08-30T05:19:54Z</time>
    <extensions>
     <gpxdata:hr>171</gpxdata:hr>
     <gpxdata:distance>3662.00</gpxdata:distance>
     <gpxdata:cadence>82</gpxdata:cadence>
     <gpxdata:speed>3.850</gpxdata:speed>
    </extensions>
   </trkpt>
   <trkpt lat="47.2205721" lon="38.9247216">
    <ele>15</ele>
    <time>2026-08-30T05:19:55Z</time>
    <extensions>
     <gpxdata:hr>171</gpxdata:hr>
     <gpxdata:distance>3666.00</gpxdata:distance>
     <gpxdata:cadence>82</gpxdata:cadence>
     <gpxdata:speed>3.828</gpxdata:speed>
    </extensions>
   </trkpt>
   <trkpt lat="47.2206000" lon="38.9247117">
    <ele>15</ele>
    <time>2026-08-30T05:19:56Z</time>
    <extensions>
     <gpxdata:hr>171</gpxdata:hr>
     <gpxdata:distance>3668.50</gpxdata:distance>
     <gpxdata:cadence>82</gpxdata:cadence>
     <gpxdata:speed>3.811</gpxdata:speed>
    </extensions>
   </trkpt>
   <trkpt lat="47.2206279" lon="38.9247018">
    <ele>15</ele>
    <time>2026-08-30T05:19:57Z</time>
    <extensions>
     <gpxdata:hr>171</gpxdata:hr>
     <gpxdata:distance>3671.00</gpxdata:distance>
     <gpxdata:cadence>82</gpxdata:cadence>
     <gpxdata:speed>3.797</gpxdata:speed>
    </extensions>
   </trkpt>
   <trkpt lat="47.2206580" lon="38.9247093">
    <ele>15</ele>
    <time>2026-08-30T05:19:58Z</time>
    <extensions>
     <gpxdata:hr>171</gpxdata:hr>
     <gpxdata:distance>3675.50</gpxdata:distance>
     <gpxdata:cadence>81</gpxdata:cadence>
     <gpxdata:speed>3.786</gpxdata:speed>
    </extensions>
   </trkpt>
   <trkpt lat="47.2206882" lon="38.9247169">
    <ele>15</ele>
    <time>2026-08-30T05:19:59Z</time>
    <extensions>
     <gpxdata:hr>171</gpxdata:hr>
     <gpxdata:distance>3680.00</gpxdata:distance>
     <gpxdata:cadence>81</gpxdata:cadence>
     <gpxdata:speed>3.778</gpxdata:speed>
    </extensions>
   </trkpt>
   <trkpt lat="47.2207151" lon="38.9247480">
    <ele>15</ele>
    <time>2026-08-30T05:20:00Z</time>
    <extensions>
     <gpxdata:hr>171</gpxdata:hr>
     <gpxdata:distance>3684.00</gpxdata:distance>
     <gpxdata:cadence>81</gpxdata:cadence>
     <gpxdata:speed>3.753</gpxdata:speed>
    </extensions>
   </trkpt>
   <trkpt lat="47.2207421" lon="38.9247791">
    <ele>15</ele>
    <time>2026-08-30T05:20:01Z</time>
    <extensions>
     <gpxdata:hr>171</gpxdata:hr>
     <gpxdata:distance>3688.00</gpxdata:distance>
     <gpxdata:cadence>81</gpxdata:cadence>
     <gpxdata:speed>3.731</gpxdata:speed>
    </extensions>
   </trkpt>
   <trkpt lat="47.2207629" lon="38.9248235">
    <ele>15</ele>
    <time>2026-08-30T05:20:02Z</time>
    <extensions>
     <gpxdata:hr>171</gpxdata:hr>
     <gpxdata:distance>3692.00</gpxdata:distance>
     <gpxdata:cadence>80</gpxdata:cadence>
     <gpxdata:speed>3.717</gpxdata:speed>
    </extensions>
   </trkpt>
   <trkpt lat="47.2207838" lon="38.9248680">
    <ele>14</ele>
    <time>2026-08-30T05:20:03Z</time>
    <extensions>
     <gpxdata:hr>171</gpxdata:hr>
     <gpxdata:distance>3696.00</gpxdata:distance>
     <gpxdata:cadence>80</gpxdata:cadence>
     <gpxdata:speed>3.703</gpxdata:speed>
    </extensions>
   </trkpt>
   <trkpt lat="47.2208012" lon="38.9249164">
    <ele>14</ele>
    <time>2026-08-30T05:20:04Z</time>
    <extensions>
     <gpxdata:hr>170</gpxdata:hr>
     <gpxdata:distance>3699.00</gpxdata:distance>
     <gpxdata:cadence>80</gpxdata:cadence>
     <gpxdata:speed>3.703</gpxdata:speed>
    </extensions>
   </trkpt>
   <trkpt lat="47.2208187" lon="38.9249648">
    <ele>14</ele>
    <time>2026-08-30T05:20:05Z</time>
    <extensions>
     <gpxdata:hr>170</gpxdata:hr>
     <gpxdata:distance>3702.00</gpxdata:distance>
     <gpxdata:cadence>80</gpxdata:cadence>
     <gpxdata:speed>3.706</gpxdata:speed>
    </extensions>
   </trkpt>
   <trkpt lat="47.2208351" lon="38.9250132">
    <ele>14</ele>
    <time>2026-08-30T05:20:06Z</time>
    <extensions>
     <gpxdata:hr>170</gpxdata:hr>
     <gpxdata:distance>3706.00</gpxdata:distance>
     <gpxdata:cadence>80</gpxdata:cadence>
     <gpxdata:speed>3.719</gpxdata:speed>
    </extensions>
   </trkpt>
   <trkpt lat="47.2208515" lon="38.9250617">
    <ele>14</ele>
    <time>2026-08-30T05:20:07Z</time>
    <extensions>
     <gpxdata:hr>170</gpxdata:hr>
     <gpxdata:distance>3710.00</gpxdata:distance>
     <gpxdata:cadence>80</gpxdata:cadence>
     <gpxdata:speed>3.733</gpxdata:speed>
    </extensions>
   </trkpt>
   <trkpt lat="47.2208698" lon="38.9251085">
    <ele>14</ele>
    <time>2026-08-30T05:20:08Z</time>
    <extensions>
     <gpxdata:hr>169</gpxdata:hr>
     <gpxdata:distance>3714.50</gpxdata:distance>
     <gpxdata:cadence>80</gpxdata:cadence>
     <gpxdata:speed>3.756</gpxdata:speed>
    </extensions>
   </trkpt>
   <trkpt lat="47.2208881" lon="38.9251554">
    <ele>14</ele>
    <time>2026-08-30T05:20:09Z</time>
    <extensions>
     <gpxdata:hr>169</gpxdata:hr>
     <gpxdata:distance>3719.00</gpxdata:distance>
     <gpxdata:cadence>80</gpxdata:cadence>
     <gpxdata:speed>3.781</gpxdata:speed>
    </extensions>
   </trkpt>
   <trkpt lat="47.2209074" lon="38.9252032">
    <ele>14</ele>
    <time>2026-08-30T05:20:10Z</time>
    <extensions>
     <gpxdata:hr>169</gpxdata:hr>
     <gpxdata:distance>3722.00</gpxdata:distance>
     <gpxdata:cadence>80</gpxdata:cadence>
     <gpxdata:speed>3.806</gpxdata:speed>
    </extensions>
   </trkpt>
   <trkpt lat="47.2209267" lon="38.9252510">
    <ele>14</ele>
    <time>2026-08-30T05:20:11Z</time>
    <extensions>
     <gpxdata:hr>169</gpxdata:hr>
     <gpxdata:distance>3725.00</gpxdata:distance>
     <gpxdata:cadence>81</gpxdata:cadence>
     <gpxdata:speed>3.831</gpxdata:speed>
    </extensions>
   </trkpt>
   <trkpt lat="47.2209455" lon="38.9252976">
    <ele>14</ele>
    <time>2026-08-30T05:20:12Z</time>
    <extensions>
     <gpxdata:hr>169</gpxdata:hr>
     <gpxdata:distance>3731.00</gpxdata:distance>
     <gpxdata:cadence>81</gpxdata:cadence>
     <gpxdata:speed>3.864</gpxdata:speed>
    </extensions>
   </trkpt>
   <trkpt lat="47.2209644" lon="38.9253443">
    <ele>14</ele>
    <time>2026-08-30T05:20:13Z</time>
    <extensions>
     <gpxdata:hr>169</gpxdata:hr>
     <gpxdata:distance>3737.00</gpxdata:distance>
     <gpxdata:cadence>81</gpxdata:cadence>
     <gpxdata:speed>3.897</gpxdata:speed>
    </extensions>
   </trkpt>
   <trkpt lat="47.2209815" lon="38.9253904">
    <ele>14</ele>
    <time>2026-08-30T05:20:14Z</time>
    <extensions>
     <gpxdata:hr>169</gpxdata:hr>
     <gpxdata:distance>3739.50</gpxdata:distance>
     <gpxdata:cadence>81</gpxdata:cadence>
     <gpxdata:speed>3.911</gpxdata:speed>
    </extensions>
   </trkpt>
   <trkpt lat="47.2209987" lon="38.9254366">
    <ele>14</ele>
    <time>2026-08-30T05:20:15Z</time>
    <extensions>
     <gpxdata:hr>169</gpxdata:hr>
     <gpxdata:distance>3742.00</gpxdata:distance>
     <gpxdata:cadence>81</gpxdata:cadence>
     <gpxdata:speed>3.928</gpxdata:speed>
    </extensions>
   </trkpt>
   <trkpt lat="47.2210155" lon="38.9254830">
    <ele>14</ele>
    <time>2026-08-30T05:20:16Z</time>
    <extensions>
     <gpxdata:hr>169</gpxdata:hr>
     <gpxdata:distance>3745.00</gpxdata:distance>
     <gpxdata:cadence>81</gpxdata:cadence>
     <gpxdata:speed>3.936</gpxdata:speed>
    </extensions>
   </trkpt>
   <trkpt lat="47.2210324" lon="38.9255294">
    <ele>14</ele>
    <time>2026-08-30T05:20:17Z</time>
    <extensions>
     <gpxdata:hr>169</gpxdata:hr>
     <gpxdata:distance>3748.00</gpxdata:distance>
     <gpxdata:cadence>81</gpxdata:cadence>
     <gpxdata:speed>3.947</gpxdata:speed>
    </extensions>
   </trkpt>
   <trkpt lat="47.2210491" lon="38.9255762">
    <ele>13</ele>
    <time>2026-08-30T05:20:18Z</time>
    <extensions>
     <gpxdata:hr>169</gpxdata:hr>
     <gpxdata:distance>3752.50</gpxdata:distance>
     <gpxdata:cadence>81</gpxdata:cadence>
     <gpxdata:speed>3.956</gpxdata:speed>
    </extensions>
   </trkpt>
   <trkpt lat="47.2210658" lon="38.9256231">
    <ele>13</ele>
    <time>2026-08-30T05:20:19Z</time>
    <extensions>
     <gpxdata:hr>169</gpxdata:hr>
     <gpxdata:distance>3757.00</gpxdata:distance>
     <gpxdata:cadence>81</gpxdata:cadence>
     <gpxdata:speed>3.967</gpxdata:speed>
    </extensions>
   </trkpt>
   <trkpt lat="47.2210818" lon="38.9256671">
    <ele>13</ele>
    <time>2026-08-30T05:20:20Z</time>
    <extensions>
     <gpxdata:hr>169</gpxdata:hr>
     <gpxdata:distance>3761.50</gpxdata:distance>
     <gpxdata:cadence>81</gpxdata:cadence>
     <gpxdata:speed>3.975</gpxdata:speed>
    </extensions>
   </trkpt>
   <trkpt lat="47.2210979" lon="38.9257111">
    <ele>13</ele>
    <time>2026-08-30T05:20:21Z</time>
    <extensions>
     <gpxdata:hr>169</gpxdata:hr>
     <gpxdata:distance>3766.00</gpxdata:distance>
     <gpxdata:cadence>81</gpxdata:cadence>
     <gpxdata:speed>3.986</gpxdata:speed>
    </extensions>
   </trkpt>
   <trkpt lat="47.2211135" lon="38.9257535">
    <ele>13</ele>
    <time>2026-08-30T05:20:22Z</time>
    <extensions>
     <gpxdata:hr>169</gpxdata:hr>
     <gpxdata:distance>3770.50</gpxdata:distance>
     <gpxdata:cadence>80</gpxdata:cadence>
     <gpxdata:speed>3.981</gpxdata:speed>
    </extensions>
   </trkpt>
   <trkpt lat="47.2211292" lon="38.9257959">
    <ele>13</ele>
    <time>2026-08-30T05:20:23Z</time>
    <extensions>
     <gpxdata:hr>169</gpxdata:hr>
     <gpxdata:distance>3775.00</gpxdata:distance>
     <gpxdata:cadence>80</gpxdata:cadence>
     <gpxdata:speed>3.978</gpxdata:speed>
    </extensions>
   </trkpt>
   <trkpt lat="47.2211451" lon="38.9258397">
    <ele>13</ele>
    <time>2026-08-30T05:20:24Z</time>
    <extensions>
     <gpxdata:hr>169</gpxdata:hr>
     <gpxdata:distance>3778.00</gpxdata:distance>
     <gpxdata:cadence>80</gpxdata:cadence>
     <gpxdata:speed>3.975</gpxdata:speed>
    </extensions>
   </trkpt>
   <trkpt lat="47.2211610" lon="38.9258835">
    <ele>13</ele>
    <time>2026-08-30T05:20:25Z</time>
    <extensions>
     <gpxdata:hr>169</gpxdata:hr>
     <gpxdata:distance>3781.00</gpxdata:distance>
     <gpxdata:cadence>80</gpxdata:cadence>
     <gpxdata:speed>3.975</gpxdata:speed>
    </extensions>
   </trkpt>
   <trkpt lat="47.2211764" lon="38.9259296">
    <ele>13</ele>
    <time>2026-08-30T05:20:26Z</time>
    <extensions>
     <gpxdata:hr>169</gpxdata:hr>
     <gpxdata:distance>3785.50</gpxdata:distance>
     <gpxdata:cadence>80</gpxdata:cadence>
     <gpxdata:speed>3.969</gpxdata:speed>
    </extensions>
   </trkpt>
   <trkpt lat="47.2211919" lon="38.9259758">
    <ele>13</ele>
    <time>2026-08-30T05:20:27Z</time>
    <extensions>
     <gpxdata:hr>169</gpxdata:hr>
     <gpxdata:distance>3790.00</gpxdata:distance>
     <gpxdata:cadence>80</gpxdata:cadence>
     <gpxdata:speed>3.967</gpxdata:speed>
    </extensions>
   </trkpt>
   <trkpt lat="47.2212061" lon="38.9260226">
    <ele>13</ele>
    <time>2026-08-30T05:20:28Z</time>
    <extensions>
     <gpxdata:hr>169</gpxdata:hr>
     <gpxdata:distance>3792.50</gpxdata:distance>
     <gpxdata:cadence>80</gpxdata:cadence>
     <gpxdata:speed>3.961</gpxdata:speed>
    </extensions>
   </trkpt>
   <trkpt lat="47.2212203" lon="38.9260694">
    <ele>13</ele>
    <time>2026-08-30T05:20:29Z</time>
    <extensions>
     <gpxdata:hr>169</gpxdata:hr>
     <gpxdata:distance>3795.00</gpxdata:distance>
     <gpxdata:cadence>80</gpxdata:cadence>
     <gpxdata:speed>3.956</gpxdata:speed>
    </extensions>
   </trkpt>
   <trkpt lat="47.2212319" lon="38.9261177">
    <ele>13</ele>
    <time>2026-08-30T05:20:30Z</time>
    <extensions>
     <gpxdata:hr>169</gpxdata:hr>
     <gpxdata:distance>3799.50</gpxdata:distance>
     <gpxdata:cadence>80</gpxdata:cadence>
     <gpxdata:speed>3.969</gpxdata:speed>
    </extensions>
   </trkpt>
   <trkpt lat="47.2212436" lon="38.9261660">
    <ele>13</ele>
    <time>2026-08-30T05:20:31Z</time>
    <extensions>
     <gpxdata:hr>169</gpxdata:hr>
     <gpxdata:distance>3804.00</gpxdata:distance>
     <gpxdata:cadence>80</gpxdata:cadence>
     <gpxdata:speed>3.986</gpxdata:speed>
    </extensions>
   </trkpt>
   <trkpt lat="47.2212475" lon="38.9262147">
    <ele>13</ele>
    <time>2026-08-30T05:20:32Z</time>
    <extensions>
     <gpxdata:hr>169</gpxdata:hr>
     <gpxdata:distance>3808.50</gpxdata:distance>
     <gpxdata:cadence>80</gpxdata:cadence>
     <gpxdata:speed>3.994</gpxdata:speed>
    </extensions>
   </trkpt>
   <trkpt lat="47.2212515" lon="38.9262635">
    <ele>13</ele>
    <time>2026-08-30T05:20:33Z</time>
    <extensions>
     <gpxdata:hr>169</gpxdata:hr>
     <gpxdata:distance>3813.00</gpxdata:distance>
     <gpxdata:cadence>80</gpxdata:cadence>
     <gpxdata:speed>4.003</gpxdata:speed>
    </extensions>
   </trkpt>
   <trkpt lat="47.2212449" lon="38.9263091">
    <ele>13</ele>
    <time>2026-08-30T05:20:34Z</time>
    <extensions>
     <gpxdata:hr>169</gpxdata:hr>
     <gpxdata:distance>3817.50</gpxdata:distance>
     <gpxdata:cadence>80</gpxdata:cadence>
     <gpxdata:speed>3.992</gpxdata:speed>
    </extensions>
   </trkpt>
   <trkpt lat="47.2212384" lon="38.9263547">
    <ele>13</ele>
    <time>2026-08-30T05:20:35Z</time>
    <extensions>
     <gpxdata:hr>169</gpxdata:hr>
     <gpxdata:distance>3822.00</gpxdata:distance>
     <gpxdata:cadence>81</gpxdata:cadence>
     <gpxdata:speed>3.983</gpxdata:speed>
    </extensions>
   </trkpt>
   <trkpt lat="47.2212235" lon="38.9263966">
    <ele>13</ele>
    <time>2026-08-30T05:20:36Z</time>
    <extensions>
     <gpxdata:hr>169</gpxdata:hr>
     <gpxdata:distance>3825.00</gpxdata:distance>
     <gpxdata:cadence>81</gpxdata:cadence>
     <gpxdata:speed>3.978</gpxdata:speed>
    </extensions>
   </trkpt>
   <trkpt lat="47.2212086" lon="38.9264386">
    <ele>13</ele>
    <time>2026-08-30T05:20:37Z</time>
    <extensions>
     <gpxdata:hr>169</gpxdata:hr>
     <gpxdata:distance>3828.00</gpxdata:distance>
     <gpxdata:cadence>81</gpxdata:cadence>
     <gpxdata:speed>3.972</gpxdata:speed>
    </extensions>
   </trkpt>
   <trkpt lat="47.2211842" lon="38.9264814">
    <ele>13</ele>
    <time>2026-08-30T05:20:38Z</time>
    <extensions>
     <gpxdata:hr>169</gpxdata:hr>
     <gpxdata:distance>3832.50</gpxdata:distance>
     <gpxdata:cadence>81</gpxdata:cadence>
     <gpxdata:speed>3.961</gpxdata:speed>
    </extensions>
   </trkpt>
   <trkpt lat="47.2211598" lon="38.9265243">
    <ele>13</ele>
    <time>2026-08-30T05:20:39Z</time>
    <extensions>
     <gpxdata:hr>169</gpxdata:hr>
     <gpxdata:distance>3837.00</gpxdata:distance>
     <gpxdata:cadence>81</gpxdata:cadence>
     <gpxdata:speed>3.953</gpxdata:speed>
    </extensions>
   </trkpt>
   <trkpt lat="47.2211311" lon="38.9265648">
    <ele>13</ele>
    <time>2026-08-30T05:20:40Z</time>
    <extensions>
     <gpxdata:hr>169</gpxdata:hr>
     <gpxdata:distance>3840.00</gpxdata:distance>
     <gpxdata:cadence>81</gpxdata:cadence>
     <gpxdata:speed>3.947</gpxdata:speed>
    </extensions>
   </trkpt>
   <trkpt lat="47.2211024" lon="38.9266053">
    <ele>13</ele>
    <time>2026-08-30T05:20:41Z</time>
    <extensions>
     <gpxdata:hr>169</gpxdata:hr>
     <gpxdata:distance>3843.00</gpxdata:distance>
     <gpxdata:cadence>81</gpxdata:cadence>
     <gpxdata:speed>3.944</gpxdata:speed>
    </extensions>
   </trkpt>
   <trkpt lat="47.2210719" lon="38.9266426">
    <ele>13</ele>
    <time>2026-08-30T05:20:42Z</time>
    <extensions>
     <gpxdata:hr>170</gpxdata:hr>
     <gpxdata:distance>3849.00</gpxdata:distance>
     <gpxdata:cadence>81</gpxdata:cadence>
     <gpxdata:speed>3.958</gpxdata:speed>
    </extensions>
   </trkpt>
   <trkpt lat="47.2210415" lon="38.9266799">
    <ele>13</ele>
    <time>2026-08-30T05:20:43Z</time>
    <extensions>
     <gpxdata:hr>170</gpxdata:hr>
     <gpxdata:distance>3855.00</gpxdata:distance>
     <gpxdata:cadence>81</gpxdata:cadence>
     <gpxdata:speed>3.972</gpxdata:speed>
    </extensions>
   </trkpt>
   <trkpt lat="47.2210114" lon="38.9267149">
    <ele>13</ele>
    <time>2026-08-30T05:20:44Z</time>
    <extensions>
     <gpxdata:hr>170</gpxdata:hr>
     <gpxdata:distance>3859.50</gpxdata:distance>
     <gpxdata:cadence>81</gpxdata:cadence>
     <gpxdata:speed>3.983</gpxdata:speed>
    </extensions>
   </trkpt>
   <trkpt lat="47.2209814" lon="38.9267500">
    <ele>13</ele>
    <time>2026-08-30T05:20:45Z</time>
    <extensions>
     <gpxdata:hr>170</gpxdata:hr>
     <gpxdata:distance>3864.00</gpxdata:distance>
     <gpxdata:cadence>81</gpxdata:cadence>
     <gpxdata:speed>3.994</gpxdata:speed>
    </extensions>
   </trkpt>
   <trkpt lat="47.2209538" lon="38.9267858">
    <ele>13</ele>
    <time>2026-08-30T05:20:46Z</time>
    <extensions>
     <gpxdata:hr>170</gpxdata:hr>
     <gpxdata:distance>3867.00</gpxdata:distance>
     <gpxdata:cadence>81</gpxdata:cadence>
     <gpxdata:speed>4.008</gpxdata:speed>
    </extensions>
   </trkpt>
   <trkpt lat="47.2209263" lon="38.9268217">
    <ele>13</ele>
    <time>2026-08-30T05:20:47Z</time>
    <extensions>
     <gpxdata:hr>170</gpxdata:hr>
     <gpxdata:distance>3870.00</gpxdata:distance>
     <gpxdata:cadence>81</gpxdata:cadence>
     <gpxdata:speed>4.022</gpxdata:speed>
    </extensions>
   </trkpt>
   <trkpt lat="47.2209006" lon="38.9268609">
    <ele>13</ele>
    <time>2026-08-30T05:20:48Z</time>
    <extensions>
     <gpxdata:hr>169</gpxdata:hr>
     <gpxdata:distance>3873.00</gpxdata:distance>
     <gpxdata:cadence>81</gpxdata:cadence>
     <gpxdata:speed>4.031</gpxdata:speed>
    </extensions>
   </trkpt>
   <trkpt lat="47.2208750" lon="38.9269001">
    <ele>13</ele>
    <time>2026-08-30T05:20:49Z</time>
    <extensions>
     <gpxdata:hr>169</gpxdata:hr>
     <gpxdata:distance>3876.00</gpxdata:distance>
     <gpxdata:cadence>81</gpxdata:cadence>
     <gpxdata:speed>4.042</gpxdata:speed>
    </extensions>
   </trkpt>
   <trkpt lat="47.2208511" lon="38.9269404">
    <ele>13</ele>
    <time>2026-08-30T05:20:50Z</time>
    <extensions>
     <gpxdata:hr>169</gpxdata:hr>
     <gpxdata:distance>3880.00</gpxdata:distance>
     <gpxdata:cadence>81</gpxdata:cadence>
     <gpxdata:speed>4.042</gpxdata:speed>
    </extensions>
   </trkpt>
   <trkpt lat="47.2208272" lon="38.9269808">
    <ele>13</ele>
    <time>2026-08-30T05:20:51Z</time>
    <extensions>
     <gpxdata:hr>169</gpxdata:hr>
     <gpxdata:distance>3884.00</gpxdata:distance>
     <gpxdata:cadence>81</gpxdata:cadence>
     <gpxdata:speed>4.044</gpxdata:speed>
    </extensions>
   </trkpt>
   <trkpt lat="47.2208046" lon="38.9270180">
    <ele>13</ele>
    <time>2026-08-30T05:20:52Z</time>
    <extensions>
     <gpxdata:hr>169</gpxdata:hr>
     <gpxdata:distance>3890.00</gpxdata:distance>
     <gpxdata:cadence>80</gpxdata:cadence>
     <gpxdata:speed>4.039</gpxdata:speed>
    </extensions>
   </trkpt>
   <trkpt lat="47.2207820" lon="38.9270553">
    <ele>13</ele>
    <time>2026-08-30T05:20:53Z</time>
    <extensions>
     <gpxdata:hr>168</gpxdata:hr>
     <gpxdata:distance>3896.00</gpxdata:distance>
     <gpxdata:cadence>80</gpxdata:cadence>
     <gpxdata:speed>4.036</gpxdata:speed>
    </extensions>
   </trkpt>
   <trkpt lat="47.2207581" lon="38.9270930">
    <ele>13</ele>
    <time>2026-08-30T05:20:54Z</time>
    <extensions>
     <gpxdata:hr>168</gpxdata:hr>
     <gpxdata:distance>3899.00</gpxdata:distance>
     <gpxdata:cadence>80</gpxdata:cadence>
     <gpxdata:speed>4.017</gpxdata:speed>
    </extensions>
   </trkpt>
   <trkpt lat="47.2207342" lon="38.9271308">
    <ele>13</ele>
    <time>2026-08-30T05:20:55Z</time>
    <extensions>
     <gpxdata:hr>168</gpxdata:hr>
     <gpxdata:distance>3902.00</gpxdata:distance>
     <gpxdata:cadence>81</gpxdata:cadence>
     <gpxdata:speed>3.997</gpxdata:speed>
    </extensions>
   </trkpt>
   <trkpt lat="47.2207111" lon="38.9271709">
    <ele>13</ele>
    <time>2026-08-30T05:20:56Z</time>
    <extensions>
     <gpxdata:hr>168</gpxdata:hr>
     <gpxdata:distance>3905.00</gpxdata:distance>
     <gpxdata:cadence>81</gpxdata:cadence>
     <gpxdata:speed>3.992</gpxdata:speed>
    </extensions>
   </trkpt>
   <trkpt lat="47.2206881" lon="38.9272111">
    <ele>13</ele>
    <time>2026-08-30T05:20:57Z</time>
    <extensions>
     <gpxdata:hr>168</gpxdata:hr>
     <gpxdata:distance>3908.00</gpxdata:distance>
     <gpxdata:cadence>81</gpxdata:cadence>
     <gpxdata:speed>3.989</gpxdata:speed>
    </extensions>
   </trkpt>
   <trkpt lat="47.2206713" lon="38.9272573">
    <ele>13</ele>
    <time>2026-08-30T05:20:58Z</time>
    <extensions>
     <gpxdata:hr>168</gpxdata:hr>
     <gpxdata:distance>3912.50</gpxdata:distance>
     <gpxdata:cadence>81</gpxdata:cadence>
     <gpxdata:speed>3.978</gpxdata:speed>
    </extensions>
   </trkpt>
   <trkpt lat="47.2206546" lon="38.9273035">
    <ele>13</ele>
    <time>2026-08-30T05:20:59Z</time>
    <extensions>
     <gpxdata:hr>168</gpxdata:hr>
     <gpxdata:distance>3917.00</gpxdata:distance>
     <gpxdata:cadence>81</gpxdata:cadence>
     <gpxdata:speed>3.969</gpxdata:speed>
    </extensions>
   </trkpt>
   <trkpt lat="47.2206425" lon="38.9273562">
    <ele>13</ele>
    <time>2026-08-30T05:21:00Z</time>
    <extensions>
     <gpxdata:hr>168</gpxdata:hr>
     <gpxdata:distance>3920.00</gpxdata:distance>
     <gpxdata:cadence>80</gpxdata:cadence>
     <gpxdata:speed>3.961</gpxdata:speed>
    </extensions>
   </trkpt>
   <trkpt lat="47.2206304" lon="38.9274089">
    <ele>13</ele>
    <time>2026-08-30T05:21:01Z</time>
    <extensions>
     <gpxdata:hr>168</gpxdata:hr>
     <gpxdata:distance>3923.00</gpxdata:distance>
     <gpxdata:cadence>80</gpxdata:cadence>
     <gpxdata:speed>3.953</gpxdata:speed>
    </extensions>
   </trkpt>
   <trkpt lat="47.2206245" lon="38.9274678">
    <ele>13</ele>
    <time>2026-08-30T05:21:02Z</time>
    <extensions>
     <gpxdata:hr>168</gpxdata:hr>
     <gpxdata:distance>3929.00</gpxdata:distance>
     <gpxdata:cadence>80</gpxdata:cadence>
     <gpxdata:speed>3.972</gpxdata:speed>
    </extensions>
   </trkpt>
   <trkpt lat="47.2206187" lon="38.9275268">
    <ele>13</ele>
    <time>2026-08-30T05:21:03Z</time>
    <extensions>
     <gpxdata:hr>167</gpxdata:hr>
     <gpxdata:distance>3935.00</gpxdata:distance>
     <gpxdata:cadence>80</gpxdata:cadence>
     <gpxdata:speed>3.992</gpxdata:speed>
    </extensions>
   </trkpt>
   <trkpt lat="47.2206234" lon="38.9275835">
    <ele>13</ele>
    <time>2026-08-30T05:21:04Z</time>
    <extensions>
     <gpxdata:hr>167</gpxdata:hr>
     <gpxdata:distance>3938.00</gpxdata:distance>
     <gpxdata:cadence>80</gpxdata:cadence>
     <gpxdata:speed>3.989</gpxdata:speed>
    </extensions>
   </trkpt>
   <trkpt lat="47.2206282" lon="38.9276403">
    <ele>13</ele>
    <time>2026-08-30T05:21:05Z</time>
    <extensions>
     <gpxdata:hr>167</gpxdata:hr>
     <gpxdata:distance>3941.00</gpxdata:distance>
     <gpxdata:cadence>80</gpxdata:cadence>
     <gpxdata:speed>3.986</gpxdata:speed>
    </extensions>
   </trkpt>
   <trkpt lat="47.2206452" lon="38.9276887">
    <ele>13</ele>
    <time>2026-08-30T05:21:06Z</time>
    <extensions>
     <gpxdata:hr>167</gpxdata:hr>
     <gpxdata:distance>3945.00</gpxdata:distance>
     <gpxdata:cadence>80</gpxdata:cadence>
     <gpxdata:speed>3.994</gpxdata:speed>
    </extensions>
   </trkpt>
   <trkpt lat="47.2206622" lon="38.9277372">
    <ele>13</ele>
    <time>2026-08-30T05:21:07Z</time>
    <extensions>
     <gpxdata:hr>167</gpxdata:hr>
     <gpxdata:distance>3949.00</gpxdata:distance>
     <gpxdata:cadence>80</gpxdata:cadence>
     <gpxdata:speed>4.006</gpxdata:speed>
    </extensions>
   </trkpt>
   <trkpt lat="47.2206868" lon="38.9277762">
    <ele>12</ele>
    <time>2026-08-30T05:21:08Z</time>
    <extensions>
     <gpxdata:hr>167</gpxdata:hr>
     <gpxdata:distance>3953.50</gpxdata:distance>
     <gpxdata:cadence>80</gpxdata:cadence>
     <gpxdata:speed>3.994</gpxdata:speed>
    </extensions>
   </trkpt>
   <trkpt lat="47.2207115" lon="38.9278153">
    <ele>12</ele>
    <time>2026-08-30T05:21:09Z</time>
    <extensions>
     <gpxdata:hr>167</gpxdata:hr>
     <gpxdata:distance>3958.00</gpxdata:distance>
     <gpxdata:cadence>80</gpxdata:cadence>
     <gpxdata:speed>3.986</gpxdata:speed>
    </extensions>
   </trkpt>
   <trkpt lat="47.2207430" lon="38.9278483">
    <ele>12</ele>
    <time>2026-08-30T05:21:10Z</time>
    <extensions>
     <gpxdata:hr>168</gpxdata:hr>
     <gpxdata:distance>3961.00</gpxdata:distance>
     <gpxdata:cadence>80</gpxdata:cadence>
     <gpxdata:speed>3.978</gpxdata:speed>
    </extensions>
   </trkpt>
   <trkpt lat="47.2207745" lon="38.9278813">
    <ele>12</ele>
    <time>2026-08-30T05:21:11Z</time>
    <extensions>
     <gpxdata:hr>168</gpxdata:hr>
     <gpxdata:distance>3964.00</gpxdata:distance>
     <gpxdata:cadence>80</gpxdata:cadence>
     <gpxdata:speed>3.969</gpxdata:speed>
    </extensions>
   </trkpt>
   <trkpt lat="47.2208081" lon="38.9279086">
    <ele>12</ele>
    <time>2026-08-30T05:21:12Z</time>
    <extensions>
     <gpxdata:hr>168</gpxdata:hr>
     <gpxdata:distance>3967.00</gpxdata:distance>
     <gpxdata:cadence>80</gpxdata:cadence>
     <gpxdata:speed>3.969</gpxdata:speed>
    </extensions>
   </trkpt>
   <trkpt lat="47.2208418" lon="38.9279360">
    <ele>12</ele>
    <time>2026-08-30T05:21:13Z</time>
    <extensions>
     <gpxdata:hr>168</gpxdata:hr>
     <gpxdata:distance>3970.00</gpxdata:distance>
     <gpxdata:cadence>80</gpxdata:cadence>
     <gpxdata:speed>3.972</gpxdata:speed>
    </extensions>
   </trkpt>
   <trkpt lat="47.2208748" lon="38.9279595">
    <ele>12</ele>
    <time>2026-08-30T05:21:14Z</time>
    <extensions>
     <gpxdata:hr>168</gpxdata:hr>
     <gpxdata:distance>3976.00</gpxdata:distance>
     <gpxdata:cadence>80</gpxdata:cadence>
     <gpxdata:speed>3.972</gpxdata:speed>
    </extensions>
   </trkpt>
   <trkpt lat="47.2209078" lon="38.9279831">
    <ele>12</ele>
    <time>2026-08-30T05:21:15Z</time>
    <extensions>
     <gpxdata:hr>168</gpxdata:hr>
     <gpxdata:distance>3982.00</gpxdata:distance>
     <gpxdata:cadence>80</gpxdata:cadence>
     <gpxdata:speed>3.972</gpxdata:speed>
    </extensions>
   </trkpt>
   <trkpt lat="47.2209370" lon="38.9280103">
    <ele>12</ele>
    <time>2026-08-30T05:21:16Z</time>
    <extensions>
     <gpxdata:hr>168</gpxdata:hr>
     <gpxdata:distance>3986.50</gpxdata:distance>
     <gpxdata:cadence>80</gpxdata:cadence>
     <gpxdata:speed>3.958</gpxdata:speed>
    </extensions>
   </trkpt>
   <trkpt lat="47.2209663" lon="38.9280375">
    <ele>12</ele>
    <time>2026-08-30T05:21:17Z</time>
    <extensions>
     <gpxdata:hr>168</gpxdata:hr>
     <gpxdata:distance>3991.00</gpxdata:distance>
     <gpxdata:cadence>80</gpxdata:cadence>
     <gpxdata:speed>3.944</gpxdata:speed>
    </extensions>
   </trkpt>
   <trkpt lat="47.2209890" lon="38.9280748">
    <ele>12</ele>
    <time>2026-08-30T05:21:18Z</time>
    <extensions>
     <gpxdata:hr>168</gpxdata:hr>
     <gpxdata:distance>3993.50</gpxdata:distance>
     <gpxdata:cadence>80</gpxdata:cadence>
     <gpxdata:speed>3.922</gpxdata:speed>
    </extensions>
   </trkpt>
   <trkpt lat="47.2210118" lon="38.9281122">
    <ele>12</ele>
    <time>2026-08-30T05:21:19Z</time>
    <extensions>
     <gpxdata:hr>168</gpxdata:hr>
     <gpxdata:distance>3996.00</gpxdata:distance>
     <gpxdata:cadence>80</gpxdata:cadence>
     <gpxdata:speed>3.903</gpxdata:speed>
    </extensions>
   </trkpt>
   <trkpt lat="47.2210310" lon="38.9281579">
    <ele>12</ele>
    <time>2026-08-30T05:21:20Z</time>
    <extensions>
     <gpxdata:hr>168</gpxdata:hr>
     <gpxdata:distance>3999.00</gpxdata:distance>
     <gpxdata:cadence>80</gpxdata:cadence>
     <gpxdata:speed>3.886</gpxdata:speed>
    </extensions>
   </trkpt>
   <trkpt lat="47.2210502" lon="38.9282037">
    <ele>12</ele>
    <time>2026-08-30T05:21:21Z</time>
    <extensions>
     <gpxdata:hr>168</gpxdata:hr>
     <gpxdata:distance>4002.00</gpxdata:distance>
     <gpxdata:cadence>80</gpxdata:cadence>
     <gpxdata:speed>3.869</gpxdata:speed>
    </extensions>
   </trkpt>
   <trkpt lat="47.2210697" lon="38.9282486">
    <ele>12</ele>
    <time>2026-08-30T05:21:22Z</time>
    <extensions>
     <gpxdata:hr>168</gpxdata:hr>
     <gpxdata:distance>4006.50</gpxdata:distance>
     <gpxdata:cadence>80</gpxdata:cadence>
     <gpxdata:speed>3.853</gpxdata:speed>
    </extensions>
   </trkpt>
   <trkpt lat="47.2210892" lon="38.9282936">
    <ele>11</ele>
    <time>2026-08-30T05:21:23Z</time>
    <extensions>
     <gpxdata:hr>168</gpxdata:hr>
     <gpxdata:distance>4011.00</gpxdata:distance>
     <gpxdata:cadence>80</gpxdata:cadence>
     <gpxdata:speed>3.836</gpxdata:speed>
    </extensions>
   </trkpt>
   <trkpt lat="47.2211106" lon="38.9283332">
    <ele>11</ele>
    <time>2026-08-30T05:21:24Z</time>
    <extensions>
     <gpxdata:hr>168</gpxdata:hr>
     <gpxdata:distance>4015.00</gpxdata:distance>
     <gpxdata:cadence>80</gpxdata:cadence>
     <gpxdata:speed>3.831</gpxdata:speed>
    </extensions>
   </trkpt>
   <trkpt lat="47.2211321" lon="38.9283728">
    <ele>11</ele>
    <time>2026-08-30T05:21:25Z</time>
    <extensions>
     <gpxdata:hr>168</gpxdata:hr>
     <gpxdata:distance>4019.00</gpxdata:distance>
     <gpxdata:cadence>80</gpxdata:cadence>
     <gpxdata:speed>3.828</gpxdata:speed>
    </extensions>
   </trkpt>
   <trkpt lat="47.2211563" lon="38.9284089">
    <ele>11</ele>
    <time>2026-08-30T05:21:26Z</time>
    <extensions>
     <gpxdata:hr>168</gpxdata:hr>
     <gpxdata:distance>4023.50</gpxdata:distance>
     <gpxdata:cadence>80</gpxdata:cadence>
     <gpxdata:speed>3.842</gpxdata:speed>
    </extensions>
   </trkpt>
   <trkpt lat="47.2211806" lon="38.9284450">
    <ele>11</ele>
    <time>2026-08-30T05:21:27Z</time>
    <extensions>
     <gpxdata:hr>168</gpxdata:hr>
     <gpxdata:distance>4028.00</gpxdata:distance>
     <gpxdata:cadence>80</gpxdata:cadence>
     <gpxdata:speed>3.856</gpxdata:speed>
    </extensions>
   </trkpt>
   <trkpt lat="47.2212080" lon="38.9284715">
    <ele>11</ele>
    <time>2026-08-30T05:21:28Z</time>
    <extensions>
     <gpxdata:hr>169</gpxdata:hr>
     <gpxdata:distance>4031.00</gpxdata:distance>
     <gpxdata:cadence>80</gpxdata:cadence>
     <gpxdata:speed>3.872</gpxdata:speed>
    </extensions>
   </trkpt>
   <trkpt lat="47.2212354" lon="38.9284980">
    <ele>11</ele>
    <time>2026-08-30T05:21:29Z</time>
    <extensions>
     <gpxdata:hr>169</gpxdata:hr>
     <gpxdata:distance>4034.00</gpxdata:distance>
     <gpxdata:cadence>80</gpxdata:cadence>
     <gpxdata:speed>3.892</gpxdata:speed>
    </extensions>
   </trkpt>
   <trkpt lat="47.2212662" lon="38.9285142">
    <ele>11</ele>
    <time>2026-08-30T05:21:30Z</time>
    <extensions>
     <gpxdata:hr>169</gpxdata:hr>
     <gpxdata:distance>4038.50</gpxdata:distance>
     <gpxdata:cadence>80</gpxdata:cadence>
     <gpxdata:speed>3.914</gpxdata:speed>
    </extensions>
   </trkpt>
   <trkpt lat="47.2212970" lon="38.9285304">
    <ele>11</ele>
    <time>2026-08-30T05:21:31Z</time>
    <extensions>
     <gpxdata:hr>169</gpxdata:hr>
     <gpxdata:distance>4043.00</gpxdata:distance>
     <gpxdata:cadence>81</gpxdata:cadence>
     <gpxdata:speed>3.939</gpxdata:speed>
    </extensions>
   </trkpt>
   <trkpt lat="47.2213350" lon="38.9285341">
    <ele>11</ele>
    <time>2026-08-30T05:21:32Z</time>
    <extensions>
     <gpxdata:hr>169</gpxdata:hr>
     <gpxdata:distance>4046.00</gpxdata:distance>
     <gpxdata:cadence>81</gpxdata:cadence>
     <gpxdata:speed>3.961</gpxdata:speed>
    </extensions>
   </trkpt>
   <trkpt lat="47.2213730" lon="38.9285379">
    <ele>11</ele>
    <time>2026-08-30T05:21:33Z</time>
    <extensions>
     <gpxdata:hr>170</gpxdata:hr>
     <gpxdata:distance>4049.00</gpxdata:distance>
     <gpxdata:cadence>81</gpxdata:cadence>
     <gpxdata:speed>3.986</gpxdata:speed>
    </extensions>
   </trkpt>
   <trkpt lat="47.2214103" lon="38.9285393">
    <ele>11</ele>
    <time>2026-08-30T05:21:34Z</time>
    <extensions>
     <gpxdata:hr>169</gpxdata:hr>
     <gpxdata:distance>4055.00</gpxdata:distance>
     <gpxdata:cadence>81</gpxdata:cadence>
     <gpxdata:speed>4.014</gpxdata:speed>
    </extensions>
   </trkpt>
   <trkpt lat="47.2214476" lon="38.9285408">
    <ele>11</ele>
    <time>2026-08-30T05:21:35Z</time>
    <extensions>
     <gpxdata:hr>170</gpxdata:hr>
     <gpxdata:distance>4061.00</gpxdata:distance>
     <gpxdata:cadence>81</gpxdata:cadence>
     <gpxdata:speed>4.042</gpxdata:speed>
    </extensions>
   </trkpt>
   <trkpt lat="47.2214860" lon="38.9285414">
    <ele>11</ele>
    <time>2026-08-30T05:21:36Z</time>
    <extensions>
     <gpxdata:hr>170</gpxdata:hr>
     <gpxdata:distance>4064.00</gpxdata:distance>
     <gpxdata:cadence>81</gpxdata:cadence>
     <gpxdata:speed>4.042</gpxdata:speed>
    </extensions>
   </trkpt>
   <trkpt lat="47.2215244" lon="38.9285421">
    <ele>11</ele>
    <time>2026-08-30T05:21:37Z</time>
    <extensions>
     <gpxdata:hr>170</gpxdata:hr>
     <gpxdata:distance>4067.00</gpxdata:distance>
     <gpxdata:cadence>81</gpxdata:cadence>
     <gpxdata:speed>4.042</gpxdata:speed>
    </extensions>
   </trkpt>
   <trkpt lat="47.2215637" lon="38.9285403">
    <ele>11</ele>
    <time>2026-08-30T05:21:38Z</time>
    <extensions>
     <gpxdata:hr>170</gpxdata:hr>
     <gpxdata:distance>4071.50</gpxdata:distance>
     <gpxdata:cadence>81</gpxdata:cadence>
     <gpxdata:speed>4.042</gpxdata:speed>
    </extensions>
   </trkpt>
   <trkpt lat="47.2216031" lon="38.9285385">
    <ele>11</ele>
    <time>2026-08-30T05:21:39Z</time>
    <extensions>
     <gpxdata:hr>170</gpxdata:hr>
     <gpxdata:distance>4076.00</gpxdata:distance>
     <gpxdata:cadence>81</gpxdata:cadence>
     <gpxdata:speed>4.042</gpxdata:speed>
    </extensions>
   </trkpt>
   <trkpt lat="47.2216411" lon="38.9285267">
    <ele>11</ele>
    <time>2026-08-30T05:21:40Z</time>
    <extensions>
     <gpxdata:hr>170</gpxdata:hr>
     <gpxdata:distance>4079.00</gpxdata:distance>
     <gpxdata:cadence>81</gpxdata:cadence>
     <gpxdata:speed>4.047</gpxdata:speed>
    </extensions>
   </trkpt>
   <trkpt lat="47.2216792" lon="38.9285150">
    <ele>11</ele>
    <time>2026-08-30T05:21:41Z</time>
    <extensions>
     <gpxdata:hr>170</gpxdata:hr>
     <gpxdata:distance>4082.00</gpxdata:distance>
     <gpxdata:cadence>81</gpxdata:cadence>
     <gpxdata:speed>4.053</gpxdata:speed>
    </extensions>
   </trkpt>
   <trkpt lat="47.2217172" lon="38.9284882">
    <ele>11</ele>
    <time>2026-08-30T05:21:42Z</time>
    <extensions>
     <gpxdata:hr>171</gpxdata:hr>
     <gpxdata:distance>4087.00</gpxdata:distance>
     <gpxdata:cadence>80</gpxdata:cadence>
     <gpxdata:speed>4.056</gpxdata:speed>
    </extensions>
   </trkpt>
   <trkpt lat="47.2217553" lon="38.9284615">
    <ele>11</ele>
    <time>2026-08-30T05:21:43Z</time>
    <extensions>
     <gpxdata:hr>171</gpxdata:hr>
     <gpxdata:distance>4092.00</gpxdata:distance>
     <gpxdata:cadence>80</gpxdata:cadence>
     <gpxdata:speed>4.061</gpxdata:speed>
    </extensions>
   </trkpt>
   <trkpt lat="47.2217925" lon="38.9284300">
    <ele>11</ele>
    <time>2026-08-30T05:21:44Z</time>
    <extensions>
     <gpxdata:hr>171</gpxdata:hr>
     <gpxdata:distance>4095.00</gpxdata:distance>
     <gpxdata:cadence>80</gpxdata:cadence>
     <gpxdata:speed>4.061</gpxdata:speed>
    </extensions>
   </trkpt>
   <trkpt lat="47.2218298" lon="38.9283986">
    <ele>11</ele>
    <time>2026-08-30T05:21:45Z</time>
    <extensions>
     <gpxdata:hr>171</gpxdata:hr>
     <gpxdata:distance>4098.00</gpxdata:distance>
     <gpxdata:cadence>80</gpxdata:cadence>
     <gpxdata:speed>4.064</gpxdata:speed>
    </extensions>
   </trkpt>
   <trkpt lat="47.2218622" lon="38.9283678">
    <ele>11</ele>
    <time>2026-08-30T05:21:46Z</time>
    <extensions>
     <gpxdata:hr>171</gpxdata:hr>
     <gpxdata:distance>4104.00</gpxdata:distance>
     <gpxdata:cadence>80</gpxdata:cadence>
     <gpxdata:speed>4.061</gpxdata:speed>
    </extensions>
   </trkpt>
   <trkpt lat="47.2218946" lon="38.9283371">
    <ele>11</ele>
    <time>2026-08-30T05:21:47Z</time>
    <extensions>
     <gpxdata:hr>171</gpxdata:hr>
     <gpxdata:distance>4110.00</gpxdata:distance>
     <gpxdata:cadence>80</gpxdata:cadence>
     <gpxdata:speed>4.058</gpxdata:speed>
    </extensions>
   </trkpt>
   <trkpt lat="47.2219231" lon="38.9283178">
    <ele>11</ele>
    <time>2026-08-30T05:21:48Z</time>
    <extensions>
     <gpxdata:hr>171</gpxdata:hr>
     <gpxdata:distance>4114.00</gpxdata:distance>
     <gpxdata:cadence>80</gpxdata:cadence>
     <gpxdata:speed>4.028</gpxdata:speed>
    </extensions>
   </trkpt>
   <trkpt lat="47.2219517" lon="38.9282986">
    <ele>11</ele>
    <time>2026-08-30T05:21:49Z</time>
    <extensions>
     <gpxdata:hr>171</gpxdata:hr>
     <gpxdata:distance>4118.00</gpxdata:distance>
     <gpxdata:cadence>80</gpxdata:cadence>
     <gpxdata:speed>4.000</gpxdata:speed>
    </extensions>
   </trkpt>
   <trkpt lat="47.2219778" lon="38.9282865">
    <ele>11</ele>
    <time>2026-08-30T05:21:50Z</time>
    <extensions>
     <gpxdata:hr>171</gpxdata:hr>
     <gpxdata:distance>4121.00</gpxdata:distance>
     <gpxdata:cadence>80</gpxdata:cadence>
     <gpxdata:speed>3.986</gpxdata:speed>
    </extensions>
   </trkpt>
   <trkpt lat="47.2220039" lon="38.9282745">
    <ele>11</ele>
    <time>2026-08-30T05:21:51Z</time>
    <extensions>
     <gpxdata:hr>171</gpxdata:hr>
     <gpxdata:distance>4124.00</gpxdata:distance>
     <gpxdata:cadence>80</gpxdata:cadence>
     <gpxdata:speed>3.972</gpxdata:speed>
    </extensions>
   </trkpt>
   <trkpt lat="47.2220292" lon="38.9282685">
    <ele>11</ele>
    <time>2026-08-30T05:21:52Z</time>
    <extensions>
     <gpxdata:hr>171</gpxdata:hr>
     <gpxdata:distance>4127.00</gpxdata:distance>
     <gpxdata:cadence>80</gpxdata:cadence>
     <gpxdata:speed>3.961</gpxdata:speed>
    </extensions>
   </trkpt>
   <trkpt lat="47.2220545" lon="38.9282625">
    <ele>11</ele>
    <time>2026-08-30T05:21:53Z</time>
    <extensions>
     <gpxdata:hr>171</gpxdata:hr>
     <gpxdata:distance>4130.00</gpxdata:distance>
     <gpxdata:cadence>80</gpxdata:cadence>
     <gpxdata:speed>3.950</gpxdata:speed>
    </extensions>
   </trkpt>
   <trkpt lat="47.2220754" lon="38.9282577">
    <ele>11</ele>
    <time>2026-08-30T05:21:54Z</time>
    <extensions>
     <gpxdata:hr>171</gpxdata:hr>
     <gpxdata:distance>4134.50</gpxdata:distance>
     <gpxdata:cadence>79</gpxdata:cadence>
     <gpxdata:speed>3.936</gpxdata:speed>
    </extensions>
   </trkpt>
   <trkpt lat="47.2220963" lon="38.9282529">
    <ele>11</ele>
    <time>2026-08-30T05:21:55Z</time>
    <extensions>
     <gpxdata:hr>171</gpxdata:hr>
     <gpxdata:distance>4139.00</gpxdata:distance>
     <gpxdata:cadence>79</gpxdata:cadence>
     <gpxdata:speed>3.922</gpxdata:speed>
    </extensions>
   </trkpt>
   <trkpt lat="47.2221123" lon="38.9282326">
    <ele>11</ele>
    <time>2026-08-30T05:21:56Z</time>
    <extensions>
     <gpxdata:hr>171</gpxdata:hr>
     <gpxdata:distance>4143.50</gpxdata:distance>
     <gpxdata:cadence>79</gpxdata:cadence>
     <gpxdata:speed>3.922</gpxdata:speed>
    </extensions>
   </trkpt>
   <trkpt lat="47.2221284" lon="38.9282124">
    <ele>11</ele>
    <time>2026-08-30T05:21:57Z</time>
    <extensions>
     <gpxdata:hr>171</gpxdata:hr>
     <gpxdata:distance>4148.00</gpxdata:distance>
     <gpxdata:cadence>79</gpxdata:cadence>
     <gpxdata:speed>3.925</gpxdata:speed>
    </extensions>
   </trkpt>
   <trkpt lat="47.2221396" lon="38.9281716">
    <ele>11</ele>
    <time>2026-08-30T05:21:58Z</time>
    <extensions>
     <gpxdata:hr>171</gpxdata:hr>
     <gpxdata:distance>4152.50</gpxdata:distance>
     <gpxdata:cadence>79</gpxdata:cadence>
     <gpxdata:speed>3.919</gpxdata:speed>
    </extensions>
   </trkpt>
   <trkpt lat="47.2221509" lon="38.9281309">
    <ele>11</ele>
    <time>2026-08-30T05:21:59Z</time>
    <extensions>
     <gpxdata:hr>171</gpxdata:hr>
     <gpxdata:distance>4157.00</gpxdata:distance>
     <gpxdata:cadence>79</gpxdata:cadence>
     <gpxdata:speed>3.914</gpxdata:speed>
    </extensions>
   </trkpt>
   <trkpt lat="47.2221536" lon="38.9280812">
    <ele>11</ele>
    <time>2026-08-30T05:22:00Z</time>
    <extensions>
     <gpxdata:hr>172</gpxdata:hr>
     <gpxdata:distance>4160.00</gpxdata:distance>
     <gpxdata:cadence>79</gpxdata:cadence>
     <gpxdata:speed>3.908</gpxdata:speed>
    </extensions>
   </trkpt>
   <trkpt lat="47.2221564" lon="38.9280316">
    <ele>11</ele>
    <time>2026-08-30T05:22:01Z</time>
    <extensions>
     <gpxdata:hr>172</gpxdata:hr>
     <gpxdata:distance>4163.00</gpxdata:distance>
     <gpxdata:cadence>79</gpxdata:cadence>
     <gpxdata:speed>3.903</gpxdata:speed>
    </extensions>
   </trkpt>
   <trkpt lat="47.2221534" lon="38.9279800">
    <ele>11</ele>
    <time>2026-08-30T05:22:02Z</time>
    <extensions>
     <gpxdata:hr>172</gpxdata:hr>
     <gpxdata:distance>4167.00</gpxdata:distance>
     <gpxdata:cadence>79</gpxdata:cadence>
     <gpxdata:speed>3.889</gpxdata:speed>
    </extensions>
   </trkpt>
   <trkpt lat="47.2221505" lon="38.9279284">
    <ele>11</ele>
    <time>2026-08-30T05:22:03Z</time>
    <extensions>
     <gpxdata:hr>172</gpxdata:hr>
     <gpxdata:distance>4171.00</gpxdata:distance>
     <gpxdata:cadence>80</gpxdata:cadence>
     <gpxdata:speed>3.875</gpxdata:speed>
    </extensions>
   </trkpt>
   <trkpt lat="47.2221438" lon="38.9278724">
    <ele>11</ele>
    <time>2026-08-30T05:22:04Z</time>
    <extensions>
     <gpxdata:hr>172</gpxdata:hr>
     <gpxdata:distance>4174.00</gpxdata:distance>
     <gpxdata:cadence>80</gpxdata:cadence>
     <gpxdata:speed>3.864</gpxdata:speed>
    </extensions>
   </trkpt>
   <trkpt lat="47.2221371" lon="38.9278164">
    <ele>11</ele>
    <time>2026-08-30T05:22:05Z</time>
    <extensions>
     <gpxdata:hr>171</gpxdata:hr>
     <gpxdata:distance>4177.00</gpxdata:distance>
     <gpxdata:cadence>80</gpxdata:cadence>
     <gpxdata:speed>3.856</gpxdata:speed>
    </extensions>
   </trkpt>
   <trkpt lat="47.2221279" lon="38.9277587">
    <ele>11</ele>
    <time>2026-08-30T05:22:06Z</time>
    <extensions>
     <gpxdata:hr>171</gpxdata:hr>
     <gpxdata:distance>4181.50</gpxdata:distance>
     <gpxdata:cadence>80</gpxdata:cadence>
     <gpxdata:speed>3.850</gpxdata:speed>
    </extensions>
   </trkpt>
   <trkpt lat="47.2221187" lon="38.9277011">
    <ele>11</ele>
    <time>2026-08-30T05:22:07Z</time>
    <extensions>
     <gpxdata:hr>170</gpxdata:hr>
     <gpxdata:distance>4186.00</gpxdata:distance>
     <gpxdata:cadence>80</gpxdata:cadence>
     <gpxdata:speed>3.847</gpxdata:speed>
    </extensions>
   </trkpt>
   <trkpt lat="47.2221094" lon="38.9276476">
    <ele>11</ele>
    <time>2026-08-30T05:22:08Z</time>
    <extensions>
     <gpxdata:hr>170</gpxdata:hr>
     <gpxdata:distance>4189.00</gpxdata:distance>
     <gpxdata:cadence>80</gpxdata:cadence>
     <gpxdata:speed>3.861</gpxdata:speed>
    </extensions>
   </trkpt>
   <trkpt lat="47.2221001" lon="38.9275941">
    <ele>11</ele>
    <time>2026-08-30T05:22:09Z</time>
    <extensions>
     <gpxdata:hr>170</gpxdata:hr>
     <gpxdata:distance>4192.00</gpxdata:distance>
     <gpxdata:cadence>80</gpxdata:cadence>
     <gpxdata:speed>3.875</gpxdata:speed>
    </extensions>
   </trkpt>
   <trkpt lat="47.2220892" lon="38.9275471">
    <ele>11</ele>
    <time>2026-08-30T05:22:10Z</time>
    <extensions>
     <gpxdata:hr>169</gpxdata:hr>
     <gpxdata:distance>4196.00</gpxdata:distance>
     <gpxdata:cadence>80</gpxdata:cadence>
     <gpxdata:speed>3.881</gpxdata:speed>
    </extensions>
   </trkpt>
   <trkpt lat="47.2220784" lon="38.9275002">
    <ele>11</ele>
    <time>2026-08-30T05:22:11Z</time>
    <extensions>
     <gpxdata:hr>169</gpxdata:hr>
     <gpxdata:distance>4200.00</gpxdata:distance>
     <gpxdata:cadence>80</gpxdata:cadence>
     <gpxdata:speed>3.886</gpxdata:speed>
    </extensions>
   </trkpt>
   <trkpt lat="47.2220658" lon="38.9274543">
    <ele>11</ele>
    <time>2026-08-30T05:22:12Z</time>
    <extensions>
     <gpxdata:hr>169</gpxdata:hr>
     <gpxdata:distance>4204.50</gpxdata:distance>
     <gpxdata:cadence>80</gpxdata:cadence>
     <gpxdata:speed>3.886</gpxdata:speed>
    </extensions>
   </trkpt>
   <trkpt lat="47.2220533" lon="38.9274085">
    <ele>11</ele>
    <time>2026-08-30T05:22:13Z</time>
    <extensions>
     <gpxdata:hr>169</gpxdata:hr>
     <gpxdata:distance>4209.00</gpxdata:distance>
     <gpxdata:cadence>81</gpxdata:cadence>
     <gpxdata:speed>3.889</gpxdata:speed>
    </extensions>
   </trkpt>
   <trkpt lat="47.2220400" lon="38.9273634">
    <ele>11</ele>
    <time>2026-08-30T05:22:14Z</time>
    <extensions>
     <gpxdata:hr>169</gpxdata:hr>
     <gpxdata:distance>4213.00</gpxdata:distance>
     <gpxdata:cadence>80</gpxdata:cadence>
     <gpxdata:speed>3.861</gpxdata:speed>
    </extensions>
   </trkpt>
   <trkpt lat="47.2220268" lon="38.9273183">
    <ele>11</ele>
    <time>2026-08-30T05:22:15Z</time>
    <extensions>
     <gpxdata:hr>169</gpxdata:hr>
     <gpxdata:distance>4217.00</gpxdata:distance>
     <gpxdata:cadence>80</gpxdata:cadence>
     <gpxdata:speed>3.833</gpxdata:speed>
    </extensions>
   </trkpt>
   <trkpt lat="47.2220132" lon="38.9272751">
    <ele>11</ele>
    <time>2026-08-30T05:22:16Z</time>
    <extensions>
     <gpxdata:hr>169</gpxdata:hr>
     <gpxdata:distance>4220.00</gpxdata:distance>
     <gpxdata:cadence>80</gpxdata:cadence>
     <gpxdata:speed>3.803</gpxdata:speed>
    </extensions>
   </trkpt>
   <trkpt lat="47.2219996" lon="38.9272319">
    <ele>12</ele>
    <time>2026-08-30T05:22:17Z</time>
    <extensions>
     <gpxdata:hr>169</gpxdata:hr>
     <gpxdata:distance>4223.00</gpxdata:distance>
     <gpxdata:cadence>80</gpxdata:cadence>
     <gpxdata:speed>3.775</gpxdata:speed>
    </extensions>
   </trkpt>
   <trkpt lat="47.2219862" lon="38.9271903">
    <ele>12</ele>
    <time>2026-08-30T05:22:18Z</time>
    <extensions>
     <gpxdata:hr>169</gpxdata:hr>
     <gpxdata:distance>4227.00</gpxdata:distance>
     <gpxdata:cadence>80</gpxdata:cadence>
     <gpxdata:speed>3.756</gpxdata:speed>
    </extensions>
   </trkpt>
   <trkpt lat="47.2219729" lon="38.9271488">
    <ele>12</ele>
    <time>2026-08-30T05:22:19Z</time>
    <extensions>
     <gpxdata:hr>169</gpxdata:hr>
     <gpxdata:distance>4231.00</gpxdata:distance>
     <gpxdata:cadence>80</gpxdata:cadence>
     <gpxdata:speed>3.739</gpxdata:speed>
    </extensions>
   </trkpt>
   <trkpt lat="47.2219614" lon="38.9271050">
    <ele>12</ele>
    <time>2026-08-30T05:22:20Z</time>
    <extensions>
     <gpxdata:hr>169</gpxdata:hr>
     <gpxdata:distance>4235.00</gpxdata:distance>
     <gpxdata:cadence>80</gpxdata:cadence>
     <gpxdata:speed>3.708</gpxdata:speed>
    </extensions>
   </trkpt>
   <trkpt lat="47.2219499" lon="38.9270613">
    <ele>12</ele>
    <time>2026-08-30T05:22:21Z</time>
    <extensions>
     <gpxdata:hr>169</gpxdata:hr>
     <gpxdata:distance>4239.00</gpxdata:distance>
     <gpxdata:cadence>80</gpxdata:cadence>
     <gpxdata:speed>3.678</gpxdata:speed>
    </extensions>
   </trkpt>
   <trkpt lat="47.2219414" lon="38.9270167">
    <ele>12</ele>
    <time>2026-08-30T05:22:22Z</time>
    <extensions>
     <gpxdata:hr>169</gpxdata:hr>
     <gpxdata:distance>4243.00</gpxdata:distance>
     <gpxdata:cadence>80</gpxdata:cadence>
     <gpxdata:speed>3.667</gpxdata:speed>
    </extensions>
   </trkpt>
   <trkpt lat="47.2219329" lon="38.9269721">
    <ele>12</ele>
    <time>2026-08-30T05:22:23Z</time>
    <extensions>
     <gpxdata:hr>169</gpxdata:hr>
     <gpxdata:distance>4247.00</gpxdata:distance>
     <gpxdata:cadence>80</gpxdata:cadence>
     <gpxdata:speed>3.658</gpxdata:speed>
    </extensions>
   </trkpt>
   <trkpt lat="47.2219252" lon="38.9269279">
    <ele>12</ele>
    <time>2026-08-30T05:22:24Z</time>
    <extensions>
     <gpxdata:hr>169</gpxdata:hr>
     <gpxdata:distance>4250.00</gpxdata:distance>
     <gpxdata:cadence>80</gpxdata:cadence>
     <gpxdata:speed>3.650</gpxdata:speed>
    </extensions>
   </trkpt>
   <trkpt lat="47.2219176" lon="38.9268837">
    <ele>12</ele>
    <time>2026-08-30T05:22:25Z</time>
    <extensions>
     <gpxdata:hr>169</gpxdata:hr>
     <gpxdata:distance>4253.00</gpxdata:distance>
     <gpxdata:cadence>80</gpxdata:cadence>
     <gpxdata:speed>3.644</gpxdata:speed>
    </extensions>
   </trkpt>
   <trkpt lat="47.2219094" lon="38.9268386">
    <ele>12</ele>
    <time>2026-08-30T05:22:26Z</time>
    <extensions>
     <gpxdata:hr>169</gpxdata:hr>
     <gpxdata:distance>4257.00</gpxdata:distance>
     <gpxdata:cadence>80</gpxdata:cadence>
     <gpxdata:speed>3.642</gpxdata:speed>
    </extensions>
   </trkpt>
   <trkpt lat="47.2219012" lon="38.9267936">
    <ele>12</ele>
    <time>2026-08-30T05:22:27Z</time>
    <extensions>
     <gpxdata:hr>169</gpxdata:hr>
     <gpxdata:distance>4261.00</gpxdata:distance>
     <gpxdata:cadence>80</gpxdata:cadence>
     <gpxdata:speed>3.642</gpxdata:speed>
    </extensions>
   </trkpt>
   <trkpt lat="47.2218916" lon="38.9267478">
    <ele>12</ele>
    <time>2026-08-30T05:22:28Z</time>
    <extensions>
     <gpxdata:hr>168</gpxdata:hr>
     <gpxdata:distance>4263.50</gpxdata:distance>
     <gpxdata:cadence>80</gpxdata:cadence>
     <gpxdata:speed>3.644</gpxdata:speed>
    </extensions>
   </trkpt>
   <trkpt lat="47.2218821" lon="38.9267021">
    <ele>12</ele>
    <time>2026-08-30T05:22:29Z</time>
    <extensions>
     <gpxdata:hr>168</gpxdata:hr>
     <gpxdata:distance>4266.00</gpxdata:distance>
     <gpxdata:cadence>80</gpxdata:cadence>
     <gpxdata:speed>3.650</gpxdata:speed>
    </extensions>
   </trkpt>
   <trkpt lat="47.2218733" lon="38.9266552">
    <ele>12</ele>
    <time>2026-08-30T05:22:30Z</time>
    <extensions>
     <gpxdata:hr>168</gpxdata:hr>
     <gpxdata:distance>4270.50</gpxdata:distance>
     <gpxdata:cadence>80</gpxdata:cadence>
     <gpxdata:speed>3.658</gpxdata:speed>
    </extensions>
   </trkpt>
   <trkpt lat="47.2218645" lon="38.9266084">
    <ele>12</ele>
    <time>2026-08-30T05:22:31Z</time>
    <extensions>
     <gpxdata:hr>167</gpxdata:hr>
     <gpxdata:distance>4275.00</gpxdata:distance>
     <gpxdata:cadence>80</gpxdata:cadence>
     <gpxdata:speed>3.669</gpxdata:speed>
    </extensions>
   </trkpt>
   <trkpt lat="47.2218568" lon="38.9265607">
    <ele>12</ele>
    <time>2026-08-30T05:22:32Z</time>
    <extensions>
     <gpxdata:hr>167</gpxdata:hr>
     <gpxdata:distance>4279.00</gpxdata:distance>
     <gpxdata:cadence>80</gpxdata:cadence>
     <gpxdata:speed>3.669</gpxdata:speed>
    </extensions>
   </trkpt>
   <trkpt lat="47.2218491" lon="38.9265131">
    <ele>12</ele>
    <time>2026-08-30T05:22:33Z</time>
    <extensions>
     <gpxdata:hr>167</gpxdata:hr>
     <gpxdata:distance>4283.00</gpxdata:distance>
     <gpxdata:cadence>80</gpxdata:cadence>
     <gpxdata:speed>3.669</gpxdata:speed>
    </extensions>
   </trkpt>
   <trkpt lat="47.2218403" lon="38.9264667">
    <ele>12</ele>
    <time>2026-08-30T05:22:34Z</time>
    <extensions>
     <gpxdata:hr>167</gpxdata:hr>
     <gpxdata:distance>4287.00</gpxdata:distance>
     <gpxdata:cadence>80</gpxdata:cadence>
     <gpxdata:speed>3.664</gpxdata:speed>
    </extensions>
   </trkpt>
   <trkpt lat="47.2218315" lon="38.9264204">
    <ele>12</ele>
    <time>2026-08-30T05:22:35Z</time>
    <extensions>
     <gpxdata:hr>167</gpxdata:hr>
     <gpxdata:distance>4291.00</gpxdata:distance>
     <gpxdata:cadence>80</gpxdata:cadence>
     <gpxdata:speed>3.661</gpxdata:speed>
    </extensions>
   </trkpt>
   <trkpt lat="47.2218224" lon="38.9263782">
    <ele>12</ele>
    <time>2026-08-30T05:22:36Z</time>
    <extensions>
     <gpxdata:hr>167</gpxdata:hr>
     <gpxdata:distance>4294.00</gpxdata:distance>
     <gpxdata:cadence>80</gpxdata:cadence>
     <gpxdata:speed>3.650</gpxdata:speed>
    </extensions>
   </trkpt>
   <trkpt lat="47.2218134" lon="38.9263361">
    <ele>12</ele>
    <time>2026-08-30T05:22:37Z</time>
    <extensions>
     <gpxdata:hr>167</gpxdata:hr>
     <gpxdata:distance>4297.00</gpxdata:distance>
     <gpxdata:cadence>80</gpxdata:cadence>
     <gpxdata:speed>3.642</gpxdata:speed>
    </extensions>
   </trkpt>
   <trkpt lat="47.2218019" lon="38.9262958">
    <ele>12</ele>
    <time>2026-08-30T05:22:38Z</time>
    <extensions>
     <gpxdata:hr>167</gpxdata:hr>
     <gpxdata:distance>4301.00</gpxdata:distance>
     <gpxdata:cadence>80</gpxdata:cadence>
     <gpxdata:speed>3.631</gpxdata:speed>
    </extensions>
   </trkpt>
   <trkpt lat="47.2217904" lon="38.9262556">
    <ele>12</ele>
    <time>2026-08-30T05:22:39Z</time>
    <extensions>
     <gpxdata:hr>167</gpxdata:hr>
     <gpxdata:distance>4305.00</gpxdata:distance>
     <gpxdata:cadence>80</gpxdata:cadence>
     <gpxdata:speed>3.622</gpxdata:speed>
    </extensions>
   </trkpt>
   <trkpt lat="47.2217808" lon="38.9262151">
    <ele>12</ele>
    <time>2026-08-30T05:22:40Z</time>
    <extensions>
     <gpxdata:hr>167</gpxdata:hr>
     <gpxdata:distance>4307.50</gpxdata:distance>
     <gpxdata:cadence>80</gpxdata:cadence>
     <gpxdata:speed>3.606</gpxdata:speed>
    </extensions>
   </trkpt>
   <trkpt lat="47.2217713" lon="38.9261747">
    <ele>12</ele>
    <time>2026-08-30T05:22:41Z</time>
    <extensions>
     <gpxdata:hr>167</gpxdata:hr>
     <gpxdata:distance>4310.00</gpxdata:distance>
     <gpxdata:cadence>80</gpxdata:cadence>
     <gpxdata:speed>3.592</gpxdata:speed>
    </extensions>
   </trkpt>
   <trkpt lat="47.2217653" lon="38.9261354">
    <ele>12</ele>
    <time>2026-08-30T05:22:42Z</time>
    <extensions>
     <gpxdata:hr>167</gpxdata:hr>
     <gpxdata:distance>4314.00</gpxdata:distance>
     <gpxdata:cadence>79</gpxdata:cadence>
     <gpxdata:speed>3.581</gpxdata:speed>
    </extensions>
   </trkpt>
   <trkpt lat="47.2217593" lon="38.9260961">
    <ele>12</ele>
    <time>2026-08-30T05:22:43Z</time>
    <extensions>
     <gpxdata:hr>167</gpxdata:hr>
     <gpxdata:distance>4318.00</gpxdata:distance>
     <gpxdata:cadence>79</gpxdata:cadence>
     <gpxdata:speed>3.569</gpxdata:speed>
    </extensions>
   </trkpt>
   <trkpt lat="47.2217561" lon="38.9260567">
    <ele>12</ele>
    <time>2026-08-30T05:22:44Z</time>
    <extensions>
     <gpxdata:hr>167</gpxdata:hr>
     <gpxdata:distance>4322.00</gpxdata:distance>
     <gpxdata:cadence>79</gpxdata:cadence>
     <gpxdata:speed>3.567</gpxdata:speed>
    </extensions>
   </trkpt>
   <trkpt lat="47.2217530" lon="38.9260174">
    <ele>12</ele>
    <time>2026-08-30T05:22:45Z</time>
    <extensions>
     <gpxdata:hr>168</gpxdata:hr>
     <gpxdata:distance>4326.00</gpxdata:distance>
     <gpxdata:cadence>79</gpxdata:cadence>
     <gpxdata:speed>3.564</gpxdata:speed>
    </extensions>
   </trkpt>
   <trkpt lat="47.2217486" lon="38.9259765">
    <ele>12</ele>
    <time>2026-08-30T05:22:46Z</time>
    <extensions>
     <gpxdata:hr>168</gpxdata:hr>
     <gpxdata:distance>4330.00</gpxdata:distance>
     <gpxdata:cadence>79</gpxdata:cadence>
     <gpxdata:speed>3.564</gpxdata:speed>
    </extensions>
   </trkpt>
   <trkpt lat="47.2217442" lon="38.9259356">
    <ele>12</ele>
    <time>2026-08-30T05:22:47Z</time>
    <extensions>
     <gpxdata:hr>168</gpxdata:hr>
     <gpxdata:distance>4334.00</gpxdata:distance>
     <gpxdata:cadence>79</gpxdata:cadence>
     <gpxdata:speed>3.567</gpxdata:speed>
    </extensions>
   </trkpt>
   <trkpt lat="47.2217376" lon="38.9258945">
    <ele>12</ele>
    <time>2026-08-30T05:22:48Z</time>
    <extensions>
     <gpxdata:hr>168</gpxdata:hr>
     <gpxdata:distance>4337.00</gpxdata:distance>
     <gpxdata:cadence>79</gpxdata:cadence>
     <gpxdata:speed>3.564</gpxdata:speed>
    </extensions>
   </trkpt>
   <trkpt lat="47.2217310" lon="38.9258535">
    <ele>12</ele>
    <time>2026-08-30T05:22:49Z</time>
    <extensions>
     <gpxdata:hr>168</gpxdata:hr>
     <gpxdata:distance>4340.00</gpxdata:distance>
     <gpxdata:cadence>79</gpxdata:cadence>
     <gpxdata:speed>3.564</gpxdata:speed>
    </extensions>
   </trkpt>
   <trkpt lat="47.2217228" lon="38.9258141">
    <ele>12</ele>
    <time>2026-08-30T05:22:50Z</time>
    <extensions>
     <gpxdata:hr>168</gpxdata:hr>
     <gpxdata:distance>4344.00</gpxdata:distance>
     <gpxdata:cadence>79</gpxdata:cadence>
     <gpxdata:speed>3.569</gpxdata:speed>
    </extensions>
   </trkpt>
   <trkpt lat="47.2217147" lon="38.9257748">
    <ele>12</ele>
    <time>2026-08-30T05:22:51Z</time>
    <extensions>
     <gpxdata:hr>168</gpxdata:hr>
     <gpxdata:distance>4348.00</gpxdata:distance>
     <gpxdata:cadence>79</gpxdata:cadence>
     <gpxdata:speed>3.575</gpxdata:speed>
    </extensions>
   </trkpt>
   <trkpt lat="47.2217032" lon="38.9257363">
    <ele>12</ele>
    <time>2026-08-30T05:22:52Z</time>
    <extensions>
     <gpxdata:hr>168</gpxdata:hr>
     <gpxdata:distance>4350.50</gpxdata:distance>
     <gpxdata:cadence>79</gpxdata:cadence>
     <gpxdata:speed>3.575</gpxdata:speed>
    </extensions>
   </trkpt>
   <trkpt lat="47.2216918" lon="38.9256978">
    <ele>12</ele>
    <time>2026-08-30T05:22:53Z</time>
    <extensions>
     <gpxdata:hr>168</gpxdata:hr>
     <gpxdata:distance>4353.00</gpxdata:distance>
     <gpxdata:cadence>79</gpxdata:cadence>
     <gpxdata:speed>3.575</gpxdata:speed>
    </extensions>
   </trkpt>
   <trkpt lat="47.2216784" lon="38.9256539">
    <ele>12</ele>
    <time>2026-08-30T05:22:54Z</time>
    <extensions>
     <gpxdata:hr>168</gpxdata:hr>
     <gpxdata:distance>4357.50</gpxdata:distance>
     <gpxdata:cadence>79</gpxdata:cadence>
     <gpxdata:speed>3.581</gpxdata:speed>
    </extensions>
   </trkpt>
   <trkpt lat="47.2216650" lon="38.9256101">
    <ele>12</ele>
    <time>2026-08-30T05:22:55Z</time>
    <extensions>
     <gpxdata:hr>168</gpxdata:hr>
     <gpxdata:distance>4362.00</gpxdata:distance>
     <gpxdata:cadence>79</gpxdata:cadence>
     <gpxdata:speed>3.586</gpxdata:speed>
    </extensions>
   </trkpt>
   <trkpt lat="47.2216522" lon="38.9255600">
    <ele>12</ele>
    <time>2026-08-30T05:22:56Z</time>
    <extensions>
     <gpxdata:hr>168</gpxdata:hr>
     <gpxdata:distance>4364.50</gpxdata:distance>
     <gpxdata:cadence>79</gpxdata:cadence>
     <gpxdata:speed>3.606</gpxdata:speed>
    </extensions>
   </trkpt>
   <trkpt lat="47.2216395" lon="38.9255099">
    <ele>13</ele>
    <time>2026-08-30T05:22:57Z</time>
    <extensions>
     <gpxdata:hr>168</gpxdata:hr>
     <gpxdata:distance>4367.00</gpxdata:distance>
     <gpxdata:cadence>79</gpxdata:cadence>
     <gpxdata:speed>3.625</gpxdata:speed>
    </extensions>
   </trkpt>
   <trkpt lat="47.2216276" lon="38.9254549">
    <ele>13</ele>
    <time>2026-08-30T05:22:58Z</time>
    <extensions>
     <gpxdata:hr>168</gpxdata:hr>
     <gpxdata:distance>4372.50</gpxdata:distance>
     <gpxdata:cadence>79</gpxdata:cadence>
     <gpxdata:speed>3.642</gpxdata:speed>
    </extensions>
   </trkpt>
   <trkpt lat="47.2216158" lon="38.9254000">
    <ele>13</ele>
    <time>2026-08-30T05:22:59Z</time>
    <extensions>
     <gpxdata:hr>168</gpxdata:hr>
     <gpxdata:distance>4378.00</gpxdata:distance>
     <gpxdata:cadence>79</gpxdata:cadence>
     <gpxdata:speed>3.661</gpxdata:speed>
    </extensions>
   </trkpt>
   <trkpt lat="47.2216050" lon="38.9253452">
    <ele>13</ele>
    <time>2026-08-30T05:23:00Z</time>
    <extensions>
     <gpxdata:hr>169</gpxdata:hr>
     <gpxdata:distance>4381.00</gpxdata:distance>
     <gpxdata:cadence>79</gpxdata:cadence>
     <gpxdata:speed>3.664</gpxdata:speed>
    </extensions>
   </trkpt>
   <trkpt lat="47.2215942" lon="38.9252905">
    <ele>13</ele>
    <time>2026-08-30T05:23:01Z</time>
    <extensions>
     <gpxdata:hr>169</gpxdata:hr>
     <gpxdata:distance>4384.00</gpxdata:distance>
     <gpxdata:cadence>79</gpxdata:cadence>
     <gpxdata:speed>3.667</gpxdata:speed>
    </extensions>
   </trkpt>
   <trkpt lat="47.2215855" lon="38.9252382">
    <ele>13</ele>
    <time>2026-08-30T05:23:02Z</time>
    <extensions>
     <gpxdata:hr>169</gpxdata:hr>
     <gpxdata:distance>4388.00</gpxdata:distance>
     <gpxdata:cadence>79</gpxdata:cadence>
     <gpxdata:speed>3.658</gpxdata:speed>
    </extensions>
   </trkpt>
   <trkpt lat="47.2215769" lon="38.9251860">
    <ele>13</ele>
    <time>2026-08-30T05:23:03Z</time>
    <extensions>
     <gpxdata:hr>169</gpxdata:hr>
     <gpxdata:distance>4392.00</gpxdata:distance>
     <gpxdata:cadence>79</gpxdata:cadence>
     <gpxdata:speed>3.653</gpxdata:speed>
    </extensions>
   </trkpt>
   <trkpt lat="47.2215696" lon="38.9251341">
    <ele>13</ele>
    <time>2026-08-30T05:23:04Z</time>
    <extensions>
     <gpxdata:hr>168</gpxdata:hr>
     <gpxdata:distance>4395.00</gpxdata:distance>
     <gpxdata:cadence>79</gpxdata:cadence>
     <gpxdata:speed>3.650</gpxdata:speed>
    </extensions>
   </trkpt>
   <trkpt lat="47.2215624" lon="38.9250823">
    <ele>13</ele>
    <time>2026-08-30T05:23:05Z</time>
    <extensions>
     <gpxdata:hr>168</gpxdata:hr>
     <gpxdata:distance>4398.00</gpxdata:distance>
     <gpxdata:cadence>79</gpxdata:cadence>
     <gpxdata:speed>3.647</gpxdata:speed>
    </extensions>
   </trkpt>
   <trkpt lat="47.2215573" lon="38.9250318">
    <ele>13</ele>
    <time>2026-08-30T05:23:06Z</time>
    <extensions>
     <gpxdata:hr>168</gpxdata:hr>
     <gpxdata:distance>4402.00</gpxdata:distance>
     <gpxdata:cadence>79</gpxdata:cadence>
     <gpxdata:speed>3.653</gpxdata:speed>
    </extensions>
   </trkpt>
   <trkpt lat="47.2215523" lon="38.9249813">
    <ele>13</ele>
    <time>2026-08-30T05:23:07Z</time>
    <extensions>
     <gpxdata:hr>168</gpxdata:hr>
     <gpxdata:distance>4406.00</gpxdata:distance>
     <gpxdata:cadence>80</gpxdata:cadence>
     <gpxdata:speed>3.661</gpxdata:speed>
    </extensions>
   </trkpt>
   <trkpt lat="47.2215470" lon="38.9249337">
    <ele>13</ele>
    <time>2026-08-30T05:23:08Z</time>
    <extensions>
     <gpxdata:hr>168</gpxdata:hr>
     <gpxdata:distance>4409.00</gpxdata:distance>
     <gpxdata:cadence>80</gpxdata:cadence>
     <gpxdata:speed>3.667</gpxdata:speed>
    </extensions>
   </trkpt>
   <trkpt lat="47.2215417" lon="38.9248861">
    <ele>13</ele>
    <time>2026-08-30T05:23:09Z</time>
    <extensions>
     <gpxdata:hr>169</gpxdata:hr>
     <gpxdata:distance>4412.00</gpxdata:distance>
     <gpxdata:cadence>80</gpxdata:cadence>
     <gpxdata:speed>3.672</gpxdata:speed>
    </extensions>
   </trkpt>
   <trkpt lat="47.2215341" lon="38.9248394">
    <ele>13</ele>
    <time>2026-08-30T05:23:10Z</time>
    <extensions>
     <gpxdata:hr>169</gpxdata:hr>
     <gpxdata:distance>4417.50</gpxdata:distance>
     <gpxdata:cadence>80</gpxdata:cadence>
     <gpxdata:speed>3.681</gpxdata:speed>
    </extensions>
   </trkpt>
   <trkpt lat="47.2215266" lon="38.9247927">
    <ele>13</ele>
    <time>2026-08-30T05:23:11Z</time>
    <extensions>
     <gpxdata:hr>169</gpxdata:hr>
     <gpxdata:distance>4423.00</gpxdata:distance>
     <gpxdata:cadence>80</gpxdata:cadence>
     <gpxdata:speed>3.692</gpxdata:speed>
    </extensions>
   </trkpt>
   <trkpt lat="47.2215186" lon="38.9247464">
    <ele>13</ele>
    <time>2026-08-30T05:23:12Z</time>
    <extensions>
     <gpxdata:hr>169</gpxdata:hr>
     <gpxdata:distance>4425.50</gpxdata:distance>
     <gpxdata:cadence>80</gpxdata:cadence>
     <gpxdata:speed>3.692</gpxdata:speed>
    </extensions>
   </trkpt>
   <trkpt lat="47.2215107" lon="38.9247002">
    <ele>13</ele>
    <time>2026-08-30T05:23:13Z</time>
    <extensions>
     <gpxdata:hr>169</gpxdata:hr>
     <gpxdata:distance>4428.00</gpxdata:distance>
     <gpxdata:cadence>80</gpxdata:cadence>
     <gpxdata:speed>3.692</gpxdata:speed>
    </extensions>
   </trkpt>
   <trkpt lat="47.2215054" lon="38.9246521">
    <ele>13</ele>
    <time>2026-08-30T05:23:14Z</time>
    <extensions>
     <gpxdata:hr>169</gpxdata:hr>
     <gpxdata:distance>4432.50</gpxdata:distance>
     <gpxdata:cadence>80</gpxdata:cadence>
     <gpxdata:speed>3.706</gpxdata:speed>
    </extensions>
   </trkpt>
   <trkpt lat="47.2215001" lon="38.9246041">
    <ele>13</ele>
    <time>2026-08-30T05:23:15Z</time>
    <extensions>
     <gpxdata:hr>169</gpxdata:hr>
     <gpxdata:distance>4437.00</gpxdata:distance>
     <gpxdata:cadence>80</gpxdata:cadence>
     <gpxdata:speed>3.719</gpxdata:speed>
    </extensions>
   </trkpt>
   <trkpt lat="47.2214945" lon="38.9245547">
    <ele>13</ele>
    <time>2026-08-30T05:23:16Z</time>
    <extensions>
     <gpxdata:hr>169</gpxdata:hr>
     <gpxdata:distance>4439.50</gpxdata:distance>
     <gpxdata:cadence>80</gpxdata:cadence>
     <gpxdata:speed>3.722</gpxdata:speed>
    </extensions>
   </trkpt>
   <trkpt lat="47.2214889" lon="38.9245053">
    <ele>14</ele>
    <time>2026-08-30T05:23:17Z</time>
    <extensions>
     <gpxdata:hr>169</gpxdata:hr>
     <gpxdata:distance>4442.00</gpxdata:distance>
     <gpxdata:cadence>80</gpxdata:cadence>
     <gpxdata:speed>3.728</gpxdata:speed>
    </extensions>
   </trkpt>
   <trkpt lat="47.2214802" lon="38.9244558">
    <ele>14</ele>
    <time>2026-08-30T05:23:18Z</time>
    <extensions>
     <gpxdata:hr>169</gpxdata:hr>
     <gpxdata:distance>4446.50</gpxdata:distance>
     <gpxdata:cadence>80</gpxdata:cadence>
     <gpxdata:speed>3.736</gpxdata:speed>
    </extensions>
   </trkpt>
   <trkpt lat="47.2214715" lon="38.9244063">
    <ele>14</ele>
    <time>2026-08-30T05:23:19Z</time>
    <extensions>
     <gpxdata:hr>169</gpxdata:hr>
     <gpxdata:distance>4451.00</gpxdata:distance>
     <gpxdata:cadence>80</gpxdata:cadence>
     <gpxdata:speed>3.747</gpxdata:speed>
    </extensions>
   </trkpt>
   <trkpt lat="47.2214594" lon="38.9243568">
    <ele>14</ele>
    <time>2026-08-30T05:23:20Z</time>
    <extensions>
     <gpxdata:hr>168</gpxdata:hr>
     <gpxdata:distance>4455.00</gpxdata:distance>
     <gpxdata:cadence>80</gpxdata:cadence>
     <gpxdata:speed>3.747</gpxdata:speed>
    </extensions>
   </trkpt>
   <trkpt lat="47.2214473" lon="38.9243074">
    <ele>14</ele>
    <time>2026-08-30T05:23:21Z</time>
    <extensions>
     <gpxdata:hr>168</gpxdata:hr>
     <gpxdata:distance>4459.00</gpxdata:distance>
     <gpxdata:cadence>80</gpxdata:cadence>
     <gpxdata:speed>3.747</gpxdata:speed>
    </extensions>
   </trkpt>
   <trkpt lat="47.2214350" lon="38.9242614">
    <ele>14</ele>
    <time>2026-08-30T05:23:22Z</time>
    <extensions>
     <gpxdata:hr>168</gpxdata:hr>
     <gpxdata:distance>4463.00</gpxdata:distance>
     <gpxdata:cadence>80</gpxdata:cadence>
     <gpxdata:speed>3.739</gpxdata:speed>
    </extensions>
   </trkpt>
   <trkpt lat="47.2214228" lon="38.9242154">
    <ele>14</ele>
    <time>2026-08-30T05:23:23Z</time>
    <extensions>
     <gpxdata:hr>168</gpxdata:hr>
     <gpxdata:distance>4467.00</gpxdata:distance>
     <gpxdata:cadence>80</gpxdata:cadence>
     <gpxdata:speed>3.731</gpxdata:speed>
    </extensions>
   </trkpt>
   <trkpt lat="47.2214133" lon="38.9241691">
    <ele>14</ele>
    <time>2026-08-30T05:23:24Z</time>
    <extensions>
     <gpxdata:hr>168</gpxdata:hr>
     <gpxdata:distance>4470.00</gpxdata:distance>
     <gpxdata:cadence>80</gpxdata:cadence>
     <gpxdata:speed>3.725</gpxdata:speed>
    </extensions>
   </trkpt>
   <trkpt lat="47.2214038" lon="38.9241228">
    <ele>14</ele>
    <time>2026-08-30T05:23:25Z</time>
    <extensions>
     <gpxdata:hr>168</gpxdata:hr>
     <gpxdata:distance>4473.00</gpxdata:distance>
     <gpxdata:cadence>80</gpxdata:cadence>
     <gpxdata:speed>3.722</gpxdata:speed>
    </extensions>
   </trkpt>
   <trkpt lat="47.2213963" lon="38.9240763">
    <ele>14</ele>
    <time>2026-08-30T05:23:26Z</time>
    <extensions>
     <gpxdata:hr>168</gpxdata:hr>
     <gpxdata:distance>4477.00</gpxdata:distance>
     <gpxdata:cadence>80</gpxdata:cadence>
     <gpxdata:speed>3.722</gpxdata:speed>
    </extensions>
   </trkpt>
   <trkpt lat="47.2213888" lon="38.9240298">
    <ele>14</ele>
    <time>2026-08-30T05:23:27Z</time>
    <extensions>
     <gpxdata:hr>168</gpxdata:hr>
     <gpxdata:distance>4481.00</gpxdata:distance>
     <gpxdata:cadence>81</gpxdata:cadence>
     <gpxdata:speed>3.722</gpxdata:speed>
    </extensions>
   </trkpt>
   <trkpt lat="47.2213821" lon="38.9239842">
    <ele>14</ele>
    <time>2026-08-30T05:23:28Z</time>
    <extensions>
     <gpxdata:hr>168</gpxdata:hr>
     <gpxdata:distance>4484.00</gpxdata:distance>
     <gpxdata:cadence>81</gpxdata:cadence>
     <gpxdata:speed>3.717</gpxdata:speed>
    </extensions>
   </trkpt>
   <trkpt lat="47.2213754" lon="38.9239386">
    <ele>14</ele>
    <time>2026-08-30T05:23:29Z</time>
    <extensions>
     <gpxdata:hr>168</gpxdata:hr>
     <gpxdata:distance>4487.00</gpxdata:distance>
     <gpxdata:cadence>81</gpxdata:cadence>
     <gpxdata:speed>3.714</gpxdata:speed>
    </extensions>
   </trkpt>
   <trkpt lat="47.2213692" lon="38.9238924">
    <ele>14</ele>
    <time>2026-08-30T05:23:30Z</time>
    <extensions>
     <gpxdata:hr>168</gpxdata:hr>
     <gpxdata:distance>4491.00</gpxdata:distance>
     <gpxdata:cadence>80</gpxdata:cadence>
     <gpxdata:speed>3.717</gpxdata:speed>
    </extensions>
   </trkpt>
   <trkpt lat="47.2213631" lon="38.9238463">
    <ele>14</ele>
    <time>2026-08-30T05:23:31Z</time>
    <extensions>
     <gpxdata:hr>168</gpxdata:hr>
     <gpxdata:distance>4495.00</gpxdata:distance>
     <gpxdata:cadence>80</gpxdata:cadence>
     <gpxdata:speed>3.722</gpxdata:speed>
    </extensions>
   </trkpt>
   <trkpt lat="47.2213578" lon="38.9238010">
    <ele>14</ele>
    <time>2026-08-30T05:23:32Z</time>
    <extensions>
     <gpxdata:hr>168</gpxdata:hr>
     <gpxdata:distance>4499.00</gpxdata:distance>
     <gpxdata:cadence>80</gpxdata:cadence>
     <gpxdata:speed>3.717</gpxdata:speed>
    </extensions>
   </trkpt>
   <trkpt lat="47.2213525" lon="38.9237558">
    <ele>14</ele>
    <time>2026-08-30T05:23:33Z</time>
    <extensions>
     <gpxdata:hr>169</gpxdata:hr>
     <gpxdata:distance>4503.00</gpxdata:distance>
     <gpxdata:cadence>80</gpxdata:cadence>
     <gpxdata:speed>3.711</gpxdata:speed>
    </extensions>
   </trkpt>
   <trkpt lat="47.2213451" lon="38.9237101">
    <ele>14</ele>
    <time>2026-08-30T05:23:34Z</time>
    <extensions>
     <gpxdata:hr>169</gpxdata:hr>
     <gpxdata:distance>4507.50</gpxdata:distance>
     <gpxdata:cadence>80</gpxdata:cadence>
     <gpxdata:speed>3.706</gpxdata:speed>
    </extensions>
   </trkpt>
   <trkpt lat="47.2213378" lon="38.9236644">
    <ele>14</ele>
    <time>2026-08-30T05:23:35Z</time>
    <extensions>
     <gpxdata:hr>169</gpxdata:hr>
     <gpxdata:distance>4512.00</gpxdata:distance>
     <gpxdata:cadence>80</gpxdata:cadence>
     <gpxdata:speed>3.703</gpxdata:speed>
    </extensions>
   </trkpt>
   <trkpt lat="47.2213290" lon="38.9236182">
    <ele>14</ele>
    <time>2026-08-30T05:23:36Z</time>
    <extensions>
     <gpxdata:hr>169</gpxdata:hr>
     <gpxdata:distance>4514.50</gpxdata:distance>
     <gpxdata:cadence>80</gpxdata:cadence>
     <gpxdata:speed>3.697</gpxdata:speed>
    </extensions>
   </trkpt>
   <trkpt lat="47.2213203" lon="38.9235720">
    <ele>14</ele>
    <time>2026-08-30T05:23:37Z</time>
    <extensions>
     <gpxdata:hr>168</gpxdata:hr>
     <gpxdata:distance>4517.00</gpxdata:distance>
     <gpxdata:cadence>80</gpxdata:cadence>
     <gpxdata:speed>3.692</gpxdata:speed>
    </extensions>
   </trkpt>
   <trkpt lat="47.2213092" lon="38.9235270">
    <ele>14</ele>
    <time>2026-08-30T05:23:38Z</time>
    <extensions>
     <gpxdata:hr>168</gpxdata:hr>
     <gpxdata:distance>4521.00</gpxdata:distance>
     <gpxdata:cadence>80</gpxdata:cadence>
     <gpxdata:speed>3.681</gpxdata:speed>
    </extensions>
   </trkpt>
   <trkpt lat="47.2212981" lon="38.9234820">
    <ele>14</ele>
    <time>2026-08-30T05:23:39Z</time>
    <extensions>
     <gpxdata:hr>168</gpxdata:hr>
     <gpxdata:distance>4525.00</gpxdata:distance>
     <gpxdata:cadence>80</gpxdata:cadence>
     <gpxdata:speed>3.672</gpxdata:speed>
    </extensions>
   </trkpt>
   <trkpt lat="47.2212864" lon="38.9234376">
    <ele>14</ele>
    <time>2026-08-30T05:23:40Z</time>
    <extensions>
     <gpxdata:hr>168</gpxdata:hr>
     <gpxdata:distance>4528.00</gpxdata:distance>
     <gpxdata:cadence>80</gpxdata:cadence>
     <gpxdata:speed>3.667</gpxdata:speed>
    </extensions>
   </trkpt>
   <trkpt lat="47.2212747" lon="38.9233933">
    <ele>14</ele>
    <time>2026-08-30T05:23:41Z</time>
    <extensions>
     <gpxdata:hr>168</gpxdata:hr>
     <gpxdata:distance>4531.00</gpxdata:distance>
     <gpxdata:cadence>80</gpxdata:cadence>
     <gpxdata:speed>3.664</gpxdata:speed>
    </extensions>
   </trkpt>
   <trkpt lat="47.2212633" lon="38.9233514">
    <ele>15</ele>
    <time>2026-08-30T05:23:42Z</time>
    <extensions>
     <gpxdata:hr>168</gpxdata:hr>
     <gpxdata:distance>4535.00</gpxdata:distance>
     <gpxdata:cadence>80</gpxdata:cadence>
     <gpxdata:speed>3.647</gpxdata:speed>
    </extensions>
   </trkpt>
   <trkpt lat="47.2212520" lon="38.9233096">
    <ele>15</ele>
    <time>2026-08-30T05:23:43Z</time>
    <extensions>
     <gpxdata:hr>168</gpxdata:hr>
     <gpxdata:distance>4539.00</gpxdata:distance>
     <gpxdata:cadence>80</gpxdata:cadence>
     <gpxdata:speed>3.633</gpxdata:speed>
    </extensions>
   </trkpt>
   <trkpt lat="47.2212417" lon="38.9232656">
    <ele>15</ele>
    <time>2026-08-30T05:23:44Z</time>
    <extensions>
     <gpxdata:hr>168</gpxdata:hr>
     <gpxdata:distance>4543.00</gpxdata:distance>
     <gpxdata:cadence>80</gpxdata:cadence>
     <gpxdata:speed>3.614</gpxdata:speed>
    </extensions>
   </trkpt>
   <trkpt lat="47.2212315" lon="38.9232216">
    <ele>15</ele>
    <time>2026-08-30T05:23:45Z</time>
    <extensions>
     <gpxdata:hr>168</gpxdata:hr>
     <gpxdata:distance>4547.00</gpxdata:distance>
     <gpxdata:cadence>80</gpxdata:cadence>
     <gpxdata:speed>3.594</gpxdata:speed>
    </extensions>
   </trkpt>
   <trkpt lat="47.2212211" lon="38.9231763">
    <ele>15</ele>
    <time>2026-08-30T05:23:46Z</time>
    <extensions>
     <gpxdata:hr>168</gpxdata:hr>
     <gpxdata:distance>4551.00</gpxdata:distance>
     <gpxdata:cadence>80</gpxdata:cadence>
     <gpxdata:speed>3.589</gpxdata:speed>
    </extensions>
   </trkpt>
   <trkpt lat="47.2212108" lon="38.9231311">
    <ele>15</ele>
    <time>2026-08-30T05:23:47Z</time>
    <extensions>
     <gpxdata:hr>168</gpxdata:hr>
     <gpxdata:distance>4555.00</gpxdata:distance>
     <gpxdata:cadence>80</gpxdata:cadence>
     <gpxdata:speed>3.586</gpxdata:speed>
    </extensions>
   </trkpt>
   <trkpt lat="47.2212009" lon="38.9230871">
    <ele>15</ele>
    <time>2026-08-30T05:23:48Z</time>
    <extensions>
     <gpxdata:hr>168</gpxdata:hr>
     <gpxdata:distance>4557.50</gpxdata:distance>
     <gpxdata:cadence>80</gpxdata:cadence>
     <gpxdata:speed>3.583</gpxdata:speed>
    </extensions>
   </trkpt>
   <trkpt lat="47.2211911" lon="38.9230431">
    <ele>15</ele>
    <time>2026-08-30T05:23:49Z</time>
    <extensions>
     <gpxdata:hr>168</gpxdata:hr>
     <gpxdata:distance>4560.00</gpxdata:distance>
     <gpxdata:cadence>80</gpxdata:cadence>
     <gpxdata:speed>3.583</gpxdata:speed>
    </extensions>
   </trkpt>
   <trkpt lat="47.2211795" lon="38.9229992">
    <ele>15</ele>
    <time>2026-08-30T05:23:50Z</time>
    <extensions>
     <gpxdata:hr>168</gpxdata:hr>
     <gpxdata:distance>4564.50</gpxdata:distance>
     <gpxdata:cadence>80</gpxdata:cadence>
     <gpxdata:speed>3.592</gpxdata:speed>
    </extensions>
   </trkpt>
   <trkpt lat="47.2211680" lon="38.9229554">
    <ele>15</ele>
    <time>2026-08-30T05:23:51Z</time>
    <extensions>
     <gpxdata:hr>168</gpxdata:hr>
     <gpxdata:distance>4569.00</gpxdata:distance>
     <gpxdata:cadence>80</gpxdata:cadence>
     <gpxdata:speed>3.603</gpxdata:speed>
    </extensions>
   </trkpt>
   <trkpt lat="47.2211558" lon="38.9229128">
    <ele>15</ele>
    <time>2026-08-30T05:23:52Z</time>
    <extensions>
     <gpxdata:hr>168</gpxdata:hr>
     <gpxdata:distance>4573.00</gpxdata:distance>
     <gpxdata:cadence>80</gpxdata:cadence>
     <gpxdata:speed>3.611</gpxdata:speed>
    </extensions>
   </trkpt>
   <trkpt lat="47.2211437" lon="38.9228703">
    <ele>15</ele>
    <time>2026-08-30T05:23:53Z</time>
    <extensions>
     <gpxdata:hr>169</gpxdata:hr>
     <gpxdata:distance>4577.00</gpxdata:distance>
     <gpxdata:cadence>80</gpxdata:cadence>
     <gpxdata:speed>3.619</gpxdata:speed>
    </extensions>
   </trkpt>
   <trkpt lat="47.2211309" lon="38.9228291">
    <ele>15</ele>
    <time>2026-08-30T05:23:54Z</time>
    <extensions>
     <gpxdata:hr>169</gpxdata:hr>
     <gpxdata:distance>4579.50</gpxdata:distance>
     <gpxdata:cadence>80</gpxdata:cadence>
     <gpxdata:speed>3.628</gpxdata:speed>
    </extensions>
   </trkpt>
   <trkpt lat="47.2211182" lon="38.9227879">
    <ele>15</ele>
    <time>2026-08-30T05:23:55Z</time>
    <extensions>
     <gpxdata:hr>169</gpxdata:hr>
     <gpxdata:distance>4582.00</gpxdata:distance>
     <gpxdata:cadence>80</gpxdata:cadence>
     <gpxdata:speed>3.636</gpxdata:speed>
    </extensions>
   </trkpt>
   <trkpt lat="47.2211003" lon="38.9227487">
    <ele>15</ele>
    <time>2026-08-30T05:23:56Z</time>
    <extensions>
     <gpxdata:hr>169</gpxdata:hr>
     <gpxdata:distance>4586.50</gpxdata:distance>
     <gpxdata:cadence>80</gpxdata:cadence>
     <gpxdata:speed>3.656</gpxdata:speed>
    </extensions>
   </trkpt>
   <trkpt lat="47.2210825" lon="38.9227096">
    <ele>15</ele>
    <time>2026-08-30T05:23:57Z</time>
    <extensions>
     <gpxdata:hr>169</gpxdata:hr>
     <gpxdata:distance>4591.00</gpxdata:distance>
     <gpxdata:cadence>80</gpxdata:cadence>
     <gpxdata:speed>3.675</gpxdata:speed>
    </extensions>
   </trkpt>
   <trkpt lat="47.2210576" lon="38.9226709">
    <ele>15</ele>
    <time>2026-08-30T05:23:58Z</time>
    <extensions>
     <gpxdata:hr>169</gpxdata:hr>
     <gpxdata:distance>4595.00</gpxdata:distance>
     <gpxdata:cadence>80</gpxdata:cadence>
     <gpxdata:speed>3.686</gpxdata:speed>
    </extensions>
   </trkpt>
   <trkpt lat="47.2210327" lon="38.9226323">
    <ele>15</ele>
    <time>2026-08-30T05:23:59Z</time>
    <extensions>
     <gpxdata:hr>169</gpxdata:hr>
     <gpxdata:distance>4599.00</gpxdata:distance>
     <gpxdata:cadence>80</gpxdata:cadence>
     <gpxdata:speed>3.700</gpxdata:speed>
    </extensions>
   </trkpt>
   <trkpt lat="47.2210039" lon="38.9225979">
    <ele>15</ele>
    <time>2026-08-30T05:24:00Z</time>
    <extensions>
     <gpxdata:hr>169</gpxdata:hr>
     <gpxdata:distance>4602.00</gpxdata:distance>
     <gpxdata:cadence>80</gpxdata:cadence>
     <gpxdata:speed>3.719</gpxdata:speed>
    </extensions>
   </trkpt>
   <trkpt lat="47.2209752" lon="38.9225636">
    <ele>15</ele>
    <time>2026-08-30T05:24:01Z</time>
    <extensions>
     <gpxdata:hr>169</gpxdata:hr>
     <gpxdata:distance>4605.00</gpxdata:distance>
     <gpxdata:cadence>80</gpxdata:cadence>
     <gpxdata:speed>3.739</gpxdata:speed>
    </extensions>
   </trkpt>
   <trkpt lat="47.2209461" lon="38.9225345">
    <ele>16</ele>
    <time>2026-08-30T05:24:02Z</time>
    <extensions>
     <gpxdata:hr>169</gpxdata:hr>
     <gpxdata:distance>4609.50</gpxdata:distance>
     <gpxdata:cadence>80</gpxdata:cadence>
     <gpxdata:speed>3.761</gpxdata:speed>
    </extensions>
   </trkpt>
   <trkpt lat="47.2209171" lon="38.9225055">
    <ele>16</ele>
    <time>2026-08-30T05:24:03Z</time>
    <extensions>
     <gpxdata:hr>168</gpxdata:hr>
     <gpxdata:distance>4614.00</gpxdata:distance>
     <gpxdata:cadence>80</gpxdata:cadence>
     <gpxdata:speed>3.786</gpxdata:speed>
    </extensions>
   </trkpt>
   <trkpt lat="47.2208887" lon="38.9224797">
    <ele>16</ele>
    <time>2026-08-30T05:24:04Z</time>
    <extensions>
     <gpxdata:hr>169</gpxdata:hr>
     <gpxdata:distance>4616.50</gpxdata:distance>
     <gpxdata:cadence>80</gpxdata:cadence>
     <gpxdata:speed>3.786</gpxdata:speed>
    </extensions>
   </trkpt>
   <trkpt lat="47.2208604" lon="38.9224539">
    <ele>16</ele>
    <time>2026-08-30T05:24:05Z</time>
    <extensions>
     <gpxdata:hr>169</gpxdata:hr>
     <gpxdata:distance>4619.00</gpxdata:distance>
     <gpxdata:cadence>80</gpxdata:cadence>
     <gpxdata:speed>3.789</gpxdata:speed>
    </extensions>
   </trkpt>
   <trkpt lat="47.2208329" lon="38.9224299">
    <ele>16</ele>
    <time>2026-08-30T05:24:06Z</time>
    <extensions>
     <gpxdata:hr>169</gpxdata:hr>
     <gpxdata:distance>4624.50</gpxdata:distance>
     <gpxdata:cadence>80</gpxdata:cadence>
     <gpxdata:speed>3.764</gpxdata:speed>
    </extensions>
   </trkpt>
   <trkpt lat="47.2208054" lon="38.9224059">
    <ele>16</ele>
    <time>2026-08-30T05:24:07Z</time>
    <extensions>
     <gpxdata:hr>169</gpxdata:hr>
     <gpxdata:distance>4630.00</gpxdata:distance>
     <gpxdata:cadence>80</gpxdata:cadence>
     <gpxdata:speed>3.742</gpxdata:speed>
    </extensions>
   </trkpt>
   <trkpt lat="47.2207780" lon="38.9223811">
    <ele>16</ele>
    <time>2026-08-30T05:24:08Z</time>
    <extensions>
     <gpxdata:hr>169</gpxdata:hr>
     <gpxdata:distance>4633.00</gpxdata:distance>
     <gpxdata:cadence>80</gpxdata:cadence>
     <gpxdata:speed>3.736</gpxdata:speed>
    </extensions>
   </trkpt>
   <trkpt lat="47.2207507" lon="38.9223564">
    <ele>16</ele>
    <time>2026-08-30T05:24:09Z</time>
    <extensions>
     <gpxdata:hr>169</gpxdata:hr>
     <gpxdata:distance>4636.00</gpxdata:distance>
     <gpxdata:cadence>80</gpxdata:cadence>
     <gpxdata:speed>3.733</gpxdata:speed>
    </extensions>
   </trkpt>
   <trkpt lat="47.2207220" lon="38.9223342">
    <ele>16</ele>
    <time>2026-08-30T05:24:10Z</time>
    <extensions>
     <gpxdata:hr>169</gpxdata:hr>
     <gpxdata:distance>4640.00</gpxdata:distance>
     <gpxdata:cadence>80</gpxdata:cadence>
     <gpxdata:speed>3.714</gpxdata:speed>
    </extensions>
   </trkpt>
   <trkpt lat="47.2206933" lon="38.9223120">
    <ele>16</ele>
    <time>2026-08-30T05:24:11Z</time>
    <extensions>
     <gpxdata:hr>169</gpxdata:hr>
     <gpxdata:distance>4644.00</gpxdata:distance>
     <gpxdata:cadence>80</gpxdata:cadence>
     <gpxdata:speed>3.694</gpxdata:speed>
    </extensions>
   </trkpt>
   <trkpt lat="47.2206616" lon="38.9222944">
    <ele>16</ele>
    <time>2026-08-30T05:24:12Z</time>
    <extensions>
     <gpxdata:hr>169</gpxdata:hr>
     <gpxdata:distance>4647.00</gpxdata:distance>
     <gpxdata:cadence>80</gpxdata:cadence>
     <gpxdata:speed>3.694</gpxdata:speed>
    </extensions>
   </trkpt>
   <trkpt lat="47.2206299" lon="38.9222768">
    <ele>16</ele>
    <time>2026-08-30T05:24:13Z</time>
    <extensions>
     <gpxdata:hr>169</gpxdata:hr>
     <gpxdata:distance>4650.00</gpxdata:distance>
     <gpxdata:cadence>80</gpxdata:cadence>
     <gpxdata:speed>3.694</gpxdata:speed>
    </extensions>
   </trkpt>
   <trkpt lat="47.2205976" lon="38.9222574">
    <ele>16</ele>
    <time>2026-08-30T05:24:14Z</time>
    <extensions>
     <gpxdata:hr>169</gpxdata:hr>
     <gpxdata:distance>4654.00</gpxdata:distance>
     <gpxdata:cadence>80</gpxdata:cadence>
     <gpxdata:speed>3.717</gpxdata:speed>
    </extensions>
   </trkpt>
   <trkpt lat="47.2205653" lon="38.9222381">
    <ele>16</ele>
    <time>2026-08-30T05:24:15Z</time>
    <extensions>
     <gpxdata:hr>169</gpxdata:hr>
     <gpxdata:distance>4658.00</gpxdata:distance>
     <gpxdata:cadence>80</gpxdata:cadence>
     <gpxdata:speed>3.742</gpxdata:speed>
    </extensions>
   </trkpt>
   <trkpt lat="47.2205313" lon="38.9222132">
    <ele>16</ele>
    <time>2026-08-30T05:24:16Z</time>
    <extensions>
     <gpxdata:hr>169</gpxdata:hr>
     <gpxdata:distance>4661.00</gpxdata:distance>
     <gpxdata:cadence>80</gpxdata:cadence>
     <gpxdata:speed>3.756</gpxdata:speed>
    </extensions>
   </trkpt>
   <trkpt lat="47.2204974" lon="38.9221884">
    <ele>17</ele>
    <time>2026-08-30T05:24:17Z</time>
    <extensions>
     <gpxdata:hr>169</gpxdata:hr>
     <gpxdata:distance>4664.00</gpxdata:distance>
     <gpxdata:cadence>80</gpxdata:cadence>
     <gpxdata:speed>3.769</gpxdata:speed>
    </extensions>
   </trkpt>
   <trkpt lat="47.2204643" lon="38.9221611">
    <ele>17</ele>
    <time>2026-08-30T05:24:18Z</time>
    <extensions>
     <gpxdata:hr>169</gpxdata:hr>
     <gpxdata:distance>4670.00</gpxdata:distance>
     <gpxdata:cadence>80</gpxdata:cadence>
     <gpxdata:speed>3.811</gpxdata:speed>
    </extensions>
   </trkpt>
   <trkpt lat="47.2204312" lon="38.9221339">
    <ele>17</ele>
    <time>2026-08-30T05:24:19Z</time>
    <extensions>
     <gpxdata:hr>169</gpxdata:hr>
     <gpxdata:distance>4676.00</gpxdata:distance>
     <gpxdata:cadence>80</gpxdata:cadence>
     <gpxdata:speed>3.856</gpxdata:speed>
    </extensions>
   </trkpt>
   <trkpt lat="47.2203964" lon="38.9221257">
    <ele>17</ele>
    <time>2026-08-30T05:24:20Z</time>
    <extensions>
     <gpxdata:hr>169</gpxdata:hr>
     <gpxdata:distance>4678.50</gpxdata:distance>
     <gpxdata:cadence>80</gpxdata:cadence>
     <gpxdata:speed>3.864</gpxdata:speed>
    </extensions>
   </trkpt>
   <trkpt lat="47.2203617" lon="38.9221175">
    <ele>17</ele>
    <time>2026-08-30T05:24:21Z</time>
    <extensions>
     <gpxdata:hr>169</gpxdata:hr>
     <gpxdata:distance>4681.00</gpxdata:distance>
     <gpxdata:cadence>80</gpxdata:cadence>
     <gpxdata:speed>3.875</gpxdata:speed>
    </extensions>
   </trkpt>
   <trkpt lat="47.2203286" lon="38.9221330">
    <ele>17</ele>
    <time>2026-08-30T05:24:22Z</time>
    <extensions>
     <gpxdata:hr>169</gpxdata:hr>
     <gpxdata:distance>4685.50</gpxdata:distance>
     <gpxdata:cadence>80</gpxdata:cadence>
     <gpxdata:speed>3.869</gpxdata:speed>
    </extensions>
   </trkpt>
   <trkpt lat="47.2202955" lon="38.9221486">
    <ele>17</ele>
    <time>2026-08-30T05:24:23Z</time>
    <extensions>
     <gpxdata:hr>169</gpxdata:hr>
     <gpxdata:distance>4690.00</gpxdata:distance>
     <gpxdata:cadence>80</gpxdata:cadence>
     <gpxdata:speed>3.867</gpxdata:speed>
    </extensions>
   </trkpt>
   <trkpt lat="47.2202651" lon="38.9221854">
    <ele>17</ele>
    <time>2026-08-30T05:24:24Z</time>
    <extensions>
     <gpxdata:hr>169</gpxdata:hr>
     <gpxdata:distance>4693.00</gpxdata:distance>
     <gpxdata:cadence>80</gpxdata:cadence>
     <gpxdata:speed>3.881</gpxdata:speed>
    </extensions>
   </trkpt>
   <trkpt lat="47.2202348" lon="38.9222223">
    <ele>17</ele>
    <time>2026-08-30T05:24:25Z</time>
    <extensions>
     <gpxdata:hr>169</gpxdata:hr>
     <gpxdata:distance>4696.00</gpxdata:distance>
     <gpxdata:cadence>80</gpxdata:cadence>
     <gpxdata:speed>3.897</gpxdata:speed>
    </extensions>
   </trkpt>
   <trkpt lat="47.2202078" lon="38.9222682">
    <ele>17</ele>
    <time>2026-08-30T05:24:26Z</time>
    <extensions>
     <gpxdata:hr>170</gpxdata:hr>
     <gpxdata:distance>4701.00</gpxdata:distance>
     <gpxdata:cadence>80</gpxdata:cadence>
     <gpxdata:speed>3.922</gpxdata:speed>
    </extensions>
   </trkpt>
   <trkpt lat="47.2201809" lon="38.9223142">
    <ele>17</ele>
    <time>2026-08-30T05:24:27Z</time>
    <extensions>
     <gpxdata:hr>170</gpxdata:hr>
     <gpxdata:distance>4706.00</gpxdata:distance>
     <gpxdata:cadence>80</gpxdata:cadence>
     <gpxdata:speed>3.950</gpxdata:speed>
    </extensions>
   </trkpt>
   <trkpt lat="47.2201560" lon="38.9223600">
    <ele>17</ele>
    <time>2026-08-30T05:24:28Z</time>
    <extensions>
     <gpxdata:hr>170</gpxdata:hr>
     <gpxdata:distance>4710.50</gpxdata:distance>
     <gpxdata:cadence>80</gpxdata:cadence>
     <gpxdata:speed>3.986</gpxdata:speed>
    </extensions>
   </trkpt>
   <trkpt lat="47.2201312" lon="38.9224058">
    <ele>17</ele>
    <time>2026-08-30T05:24:29Z</time>
    <extensions>
     <gpxdata:hr>170</gpxdata:hr>
     <gpxdata:distance>4715.00</gpxdata:distance>
     <gpxdata:cadence>81</gpxdata:cadence>
     <gpxdata:speed>4.025</gpxdata:speed>
    </extensions>
   </trkpt>
   <trkpt lat="47.2201058" lon="38.9224471">
    <ele>17</ele>
    <time>2026-08-30T05:24:30Z</time>
    <extensions>
     <gpxdata:hr>171</gpxdata:hr>
     <gpxdata:distance>4719.50</gpxdata:distance>
     <gpxdata:cadence>81</gpxdata:cadence>
     <gpxdata:speed>4.053</gpxdata:speed>
    </extensions>
   </trkpt>
   <trkpt lat="47.2200804" lon="38.9224885">
    <ele>17</ele>
    <time>2026-08-30T05:24:31Z</time>
    <extensions>
     <gpxdata:hr>171</gpxdata:hr>
     <gpxdata:distance>4724.00</gpxdata:distance>
     <gpxdata:cadence>82</gpxdata:cadence>
     <gpxdata:speed>4.081</gpxdata:speed>
    </extensions>
   </trkpt>
   <trkpt lat="47.2200538" lon="38.9225265">
    <ele>17</ele>
    <time>2026-08-30T05:24:32Z</time>
    <extensions>
     <gpxdata:hr>172</gpxdata:hr>
     <gpxdata:distance>4727.00</gpxdata:distance>
     <gpxdata:cadence>82</gpxdata:cadence>
     <gpxdata:speed>4.086</gpxdata:speed>
    </extensions>
   </trkpt>
   <trkpt lat="47.2200272" lon="38.9225646">
    <ele>17</ele>
    <time>2026-08-30T05:24:33Z</time>
    <extensions>
     <gpxdata:hr>172</gpxdata:hr>
     <gpxdata:distance>4730.00</gpxdata:distance>
     <gpxdata:cadence>83</gpxdata:cadence>
     <gpxdata:speed>4.094</gpxdata:speed>
    </extensions>
   </trkpt>
   <trkpt lat="47.2200030" lon="38.9226014">
    <ele>17</ele>
    <time>2026-08-30T05:24:34Z</time>
    <extensions>
     <gpxdata:hr>173</gpxdata:hr>
     <gpxdata:distance>4735.50</gpxdata:distance>
     <gpxdata:cadence>83</gpxdata:cadence>
     <gpxdata:speed>4.061</gpxdata:speed>
    </extensions>
   </trkpt>
   <trkpt lat="47.2199788" lon="38.9226383">
    <ele>17</ele>
    <time>2026-08-30T05:24:35Z</time>
    <extensions>
     <gpxdata:hr>173</gpxdata:hr>
     <gpxdata:distance>4741.00</gpxdata:distance>
     <gpxdata:cadence>83</gpxdata:cadence>
     <gpxdata:speed>4.031</gpxdata:speed>
    </extensions>
   </trkpt>
   <trkpt lat="47.2199552" lon="38.9226776">
    <ele>17</ele>
    <time>2026-08-30T05:24:36Z</time>
    <extensions>
     <gpxdata:hr>173</gpxdata:hr>
     <gpxdata:distance>4744.00</gpxdata:distance>
     <gpxdata:cadence>83</gpxdata:cadence>
     <gpxdata:speed>4.033</gpxdata:speed>
    </extensions>
   </trkpt>
   <trkpt lat="47.2199316" lon="38.9227169">
    <ele>17</ele>
    <time>2026-08-30T05:24:37Z</time>
    <extensions>
     <gpxdata:hr>173</gpxdata:hr>
     <gpxdata:distance>4747.00</gpxdata:distance>
     <gpxdata:cadence>83</gpxdata:cadence>
     <gpxdata:speed>4.039</gpxdata:speed>
    </extensions>
   </trkpt>
   <trkpt lat="47.2199073" lon="38.9227582">
    <ele>17</ele>
    <time>2026-08-30T05:24:38Z</time>
    <extensions>
     <gpxdata:hr>173</gpxdata:hr>
     <gpxdata:distance>4751.50</gpxdata:distance>
     <gpxdata:cadence>83</gpxdata:cadence>
     <gpxdata:speed>4.056</gpxdata:speed>
    </extensions>
   </trkpt>
   <trkpt lat="47.2198830" lon="38.9227996">
    <ele>17</ele>
    <time>2026-08-30T05:24:39Z</time>
    <extensions>
     <gpxdata:hr>174</gpxdata:hr>
     <gpxdata:distance>4756.00</gpxdata:distance>
     <gpxdata:cadence>83</gpxdata:cadence>
     <gpxdata:speed>4.072</gpxdata:speed>
    </extensions>
   </trkpt>
   <trkpt lat="47.2198582" lon="38.9228419">
    <ele>17</ele>
    <time>2026-08-30T05:24:40Z</time>
    <extensions>
     <gpxdata:hr>174</gpxdata:hr>
     <gpxdata:distance>4759.00</gpxdata:distance>
     <gpxdata:cadence>83</gpxdata:cadence>
     <gpxdata:speed>4.100</gpxdata:speed>
    </extensions>
   </trkpt>
   <trkpt lat="47.2198334" lon="38.9228843">
    <ele>17</ele>
    <time>2026-08-30T05:24:41Z</time>
    <extensions>
     <gpxdata:hr>174</gpxdata:hr>
     <gpxdata:distance>4762.00</gpxdata:distance>
     <gpxdata:cadence>83</gpxdata:cadence>
     <gpxdata:speed>4.131</gpxdata:speed>
    </extensions>
   </trkpt>
   <trkpt lat="47.2198085" lon="38.9229259">
    <ele>17</ele>
    <time>2026-08-30T05:24:42Z</time>
    <extensions>
     <gpxdata:hr>174</gpxdata:hr>
     <gpxdata:distance>4768.00</gpxdata:distance>
     <gpxdata:cadence>83</gpxdata:cadence>
     <gpxdata:speed>4.175</gpxdata:speed>
    </extensions>
   </trkpt>
   <trkpt lat="47.2197837" lon="38.9229675">
    <ele>17</ele>
    <time>2026-08-30T05:24:43Z</time>
    <extensions>
     <gpxdata:hr>174</gpxdata:hr>
     <gpxdata:distance>4774.00</gpxdata:distance>
     <gpxdata:cadence>83</gpxdata:cadence>
     <gpxdata:speed>4.222</gpxdata:speed>
    </extensions>
   </trkpt>
   <trkpt lat="47.2197590" lon="38.9230082">
    <ele>17</ele>
    <time>2026-08-30T05:24:44Z</time>
    <extensions>
     <gpxdata:hr>173</gpxdata:hr>
     <gpxdata:distance>4777.00</gpxdata:distance>
     <gpxdata:cadence>83</gpxdata:cadence>
     <gpxdata:speed>4.208</gpxdata:speed>
    </extensions>
   </trkpt>
   <trkpt lat="47.2197344" lon="38.9230489">
    <ele>17</ele>
    <time>2026-08-30T05:24:45Z</time>
    <extensions>
     <gpxdata:hr>173</gpxdata:hr>
     <gpxdata:distance>4780.00</gpxdata:distance>
     <gpxdata:cadence>83</gpxdata:cadence>
     <gpxdata:speed>4.194</gpxdata:speed>
    </extensions>
   </trkpt>
   <trkpt lat="47.2197095" lon="38.9230881">
    <ele>17</ele>
    <time>2026-08-30T05:24:46Z</time>
    <extensions>
     <gpxdata:hr>173</gpxdata:hr>
     <gpxdata:distance>4784.50</gpxdata:distance>
     <gpxdata:cadence>82</gpxdata:cadence>
     <gpxdata:speed>4.156</gpxdata:speed>
    </extensions>
   </trkpt>
   <trkpt lat="47.2196847" lon="38.9231274">
    <ele>17</ele>
    <time>2026-08-30T05:24:47Z</time>
    <extensions>
     <gpxdata:hr>172</gpxdata:hr>
     <gpxdata:distance>4789.00</gpxdata:distance>
     <gpxdata:cadence>82</gpxdata:cadence>
     <gpxdata:speed>4.119</gpxdata:speed>
    </extensions>
   </trkpt>
   <trkpt lat="47.2196623" lon="38.9231637">
    <ele>17</ele>
    <time>2026-08-30T05:24:48Z</time>
    <extensions>
     <gpxdata:hr>172</gpxdata:hr>
     <gpxdata:distance>4791.50</gpxdata:distance>
     <gpxdata:cadence>82</gpxdata:cadence>
     <gpxdata:speed>4.078</gpxdata:speed>
    </extensions>
   </trkpt>
   <trkpt lat="47.2196399" lon="38.9232001">
    <ele>17</ele>
    <time>2026-08-30T05:24:49Z</time>
    <extensions>
     <gpxdata:hr>172</gpxdata:hr>
     <gpxdata:distance>4794.00</gpxdata:distance>
     <gpxdata:cadence>82</gpxdata:cadence>
     <gpxdata:speed>4.036</gpxdata:speed>
    </extensions>
   </trkpt>
   <trkpt lat="47.2196187" lon="38.9232371">
    <ele>17</ele>
    <time>2026-08-30T05:24:50Z</time>
    <extensions>
     <gpxdata:hr>172</gpxdata:hr>
     <gpxdata:distance>4800.00</gpxdata:distance>
     <gpxdata:cadence>82</gpxdata:cadence>
     <gpxdata:speed>3.994</gpxdata:speed>
    </extensions>
   </trkpt>
   <trkpt lat="47.2195975" lon="38.9232741">
    <ele>17</ele>
    <time>2026-08-30T05:24:51Z</time>
    <extensions>
     <gpxdata:hr>171</gpxdata:hr>
     <gpxdata:distance>4806.00</gpxdata:distance>
     <gpxdata:cadence>82</gpxdata:cadence>
     <gpxdata:speed>3.953</gpxdata:speed>
    </extensions>
   </trkpt>
   <trkpt lat="47.2195756" lon="38.9233112">
    <ele>18</ele>
    <time>2026-08-30T05:24:52Z</time>
    <extensions>
     <gpxdata:hr>171</gpxdata:hr>
     <gpxdata:distance>4808.50</gpxdata:distance>
     <gpxdata:cadence>82</gpxdata:cadence>
     <gpxdata:speed>3.928</gpxdata:speed>
    </extensions>
   </trkpt>
   <trkpt lat="47.2195537" lon="38.9233483">
    <ele>18</ele>
    <time>2026-08-30T05:24:53Z</time>
    <extensions>
     <gpxdata:hr>171</gpxdata:hr>
     <gpxdata:distance>4811.00</gpxdata:distance>
     <gpxdata:cadence>82</gpxdata:cadence>
     <gpxdata:speed>3.903</gpxdata:speed>
    </extensions>
   </trkpt>
   <trkpt lat="47.2195301" lon="38.9233860">
    <ele>18</ele>
    <time>2026-08-30T05:24:54Z</time>
    <extensions>
     <gpxdata:hr>171</gpxdata:hr>
     <gpxdata:distance>4815.50</gpxdata:distance>
     <gpxdata:cadence>82</gpxdata:cadence>
     <gpxdata:speed>3.889</gpxdata:speed>
    </extensions>
   </trkpt>
   <trkpt lat="47.2195066" lon="38.9234237">
    <ele>18</ele>
    <time>2026-08-30T05:24:55Z</time>
    <extensions>
     <gpxdata:hr>171</gpxdata:hr>
     <gpxdata:distance>4820.00</gpxdata:distance>
     <gpxdata:cadence>82</gpxdata:cadence>
     <gpxdata:speed>3.875</gpxdata:speed>
    </extensions>
   </trkpt>
   <trkpt lat="47.2194813" lon="38.9234598">
    <ele>18</ele>
    <time>2026-08-30T05:24:56Z</time>
    <extensions>
     <gpxdata:hr>171</gpxdata:hr>
     <gpxdata:distance>4823.00</gpxdata:distance>
     <gpxdata:cadence>82</gpxdata:cadence>
     <gpxdata:speed>3.878</gpxdata:speed>
    </extensions>
   </trkpt>
   <trkpt lat="47.2194560" lon="38.9234960">
    <ele>18</ele>
    <time>2026-08-30T05:24:57Z</time>
    <extensions>
     <gpxdata:hr>171</gpxdata:hr>
     <gpxdata:distance>4826.00</gpxdata:distance>
     <gpxdata:cadence>82</gpxdata:cadence>
     <gpxdata:speed>3.883</gpxdata:speed>
    </extensions>
   </trkpt>
   <trkpt lat="47.2194306" lon="38.9235313">
    <ele>18</ele>
    <time>2026-08-30T05:24:58Z</time>
    <extensions>
     <gpxdata:hr>170</gpxdata:hr>
     <gpxdata:distance>4831.50</gpxdata:distance>
     <gpxdata:cadence>82</gpxdata:cadence>
     <gpxdata:speed>3.897</gpxdata:speed>
    </extensions>
   </trkpt>
   <trkpt lat="47.2194053" lon="38.9235667">
    <ele>18</ele>
    <time>2026-08-30T05:24:59Z</time>
    <extensions>
     <gpxdata:hr>170</gpxdata:hr>
     <gpxdata:distance>4837.00</gpxdata:distance>
     <gpxdata:cadence>82</gpxdata:cadence>
     <gpxdata:speed>3.911</gpxdata:speed>
    </extensions>
   </trkpt>
   <trkpt lat="47.2193811" lon="38.9236034">
    <ele>18</ele>
    <time>2026-08-30T05:25:00Z</time>
    <extensions>
     <gpxdata:hr>170</gpxdata:hr>
     <gpxdata:distance>4840.00</gpxdata:distance>
     <gpxdata:cadence>82</gpxdata:cadence>
     <gpxdata:speed>3.914</gpxdata:speed>
    </extensions>
   </trkpt>
   <trkpt lat="47.2193570" lon="38.9236401">
    <ele>18</ele>
    <time>2026-08-30T05:25:01Z</time>
    <extensions>
     <gpxdata:hr>170</gpxdata:hr>
     <gpxdata:distance>4843.00</gpxdata:distance>
     <gpxdata:cadence>82</gpxdata:cadence>
     <gpxdata:speed>3.919</gpxdata:speed>
    </extensions>
   </trkpt>
   <trkpt lat="47.2193329" lon="38.9236768">
    <ele>18</ele>
    <time>2026-08-30T05:25:02Z</time>
    <extensions>
     <gpxdata:hr>170</gpxdata:hr>
     <gpxdata:distance>4847.00</gpxdata:distance>
     <gpxdata:cadence>82</gpxdata:cadence>
     <gpxdata:speed>3.906</gpxdata:speed>
    </extensions>
   </trkpt>
   <trkpt lat="47.2193088" lon="38.9237136">
    <ele>18</ele>
    <time>2026-08-30T05:25:03Z</time>
    <extensions>
     <gpxdata:hr>170</gpxdata:hr>
     <gpxdata:distance>4851.00</gpxdata:distance>
     <gpxdata:cadence>82</gpxdata:cadence>
     <gpxdata:speed>3.892</gpxdata:speed>
    </extensions>
   </trkpt>
   <trkpt lat="47.2192853" lon="38.9237497">
    <ele>18</ele>
    <time>2026-08-30T05:25:04Z</time>
    <extensions>
     <gpxdata:hr>170</gpxdata:hr>
     <gpxdata:distance>4854.00</gpxdata:distance>
     <gpxdata:cadence>81</gpxdata:cadence>
     <gpxdata:speed>3.886</gpxdata:speed>
    </extensions>
   </trkpt>
   <trkpt lat="47.2192619" lon="38.9237859">
    <ele>18</ele>
    <time>2026-08-30T05:25:05Z</time>
    <extensions>
     <gpxdata:hr>170</gpxdata:hr>
     <gpxdata:distance>4857.00</gpxdata:distance>
     <gpxdata:cadence>81</gpxdata:cadence>
     <gpxdata:speed>3.883</gpxdata:speed>
    </extensions>
   </trkpt>
   <trkpt lat="47.2192423" lon="38.9238243">
    <ele>18</ele>
    <time>2026-08-30T05:25:06Z</time>
    <extensions>
     <gpxdata:hr>169</gpxdata:hr>
     <gpxdata:distance>4861.00</gpxdata:distance>
     <gpxdata:cadence>81</gpxdata:cadence>
     <gpxdata:speed>3.864</gpxdata:speed>
    </extensions>
   </trkpt>
   <trkpt lat="47.2192228" lon="38.9238627">
    <ele>18</ele>
    <time>2026-08-30T05:25:07Z</time>
    <extensions>
     <gpxdata:hr>169</gpxdata:hr>
     <gpxdata:distance>4865.00</gpxdata:distance>
     <gpxdata:cadence>81</gpxdata:cadence>
     <gpxdata:speed>3.844</gpxdata:speed>
    </extensions>
   </trkpt>
   <trkpt lat="47.2192148" lon="38.9239066">
    <ele>18</ele>
    <time>2026-08-30T05:25:08Z</time>
    <extensions>
     <gpxdata:hr>169</gpxdata:hr>
     <gpxdata:distance>4868.00</gpxdata:distance>
     <gpxdata:cadence>80</gpxdata:cadence>
     <gpxdata:speed>3.839</gpxdata:speed>
    </extensions>
   </trkpt>
   <trkpt lat="47.2192069" lon="38.9239505">
    <ele>18</ele>
    <time>2026-08-30T05:25:09Z</time>
    <extensions>
     <gpxdata:hr>168</gpxdata:hr>
     <gpxdata:distance>4871.00</gpxdata:distance>
     <gpxdata:cadence>80</gpxdata:cadence>
     <gpxdata:speed>3.833</gpxdata:speed>
    </extensions>
   </trkpt>
   <trkpt lat="47.2192165" lon="38.9239935">
    <ele>18</ele>
    <time>2026-08-30T05:25:10Z</time>
    <extensions>
     <gpxdata:hr>168</gpxdata:hr>
     <gpxdata:distance>4876.50</gpxdata:distance>
     <gpxdata:cadence>79</gpxdata:cadence>
     <gpxdata:speed>3.789</gpxdata:speed>
    </extensions>
   </trkpt>
   <trkpt lat="47.2192262" lon="38.9240365">
    <ele>18</ele>
    <time>2026-08-30T05:25:11Z</time>
    <extensions>
     <gpxdata:hr>168</gpxdata:hr>
     <gpxdata:distance>4882.00</gpxdata:distance>
     <gpxdata:cadence>78</gpxdata:cadence>
     <gpxdata:speed>3.747</gpxdata:speed>
    </extensions>
   </trkpt>
   <trkpt lat="47.2192515" lon="38.9240657">
    <ele>18</ele>
    <time>2026-08-30T05:25:12Z</time>
    <extensions>
     <gpxdata:hr>168</gpxdata:hr>
     <gpxdata:distance>4885.00</gpxdata:distance>
     <gpxdata:cadence>78</gpxdata:cadence>
     <gpxdata:speed>3.722</gpxdata:speed>
    </extensions>
   </trkpt>
   <trkpt lat="47.2192768" lon="38.9240950">
    <ele>18</ele>
    <time>2026-08-30T05:25:13Z</time>
    <extensions>
     <gpxdata:hr>168</gpxdata:hr>
     <gpxdata:distance>4888.00</gpxdata:distance>
     <gpxdata:cadence>78</gpxdata:cadence>
     <gpxdata:speed>3.700</gpxdata:speed>
    </extensions>
   </trkpt>
   <trkpt lat="47.2193114" lon="38.9241034">
    <ele>18</ele>
    <time>2026-08-30T05:25:14Z</time>
    <extensions>
     <gpxdata:hr>168</gpxdata:hr>
     <gpxdata:distance>4892.00</gpxdata:distance>
     <gpxdata:cadence>78</gpxdata:cadence>
     <gpxdata:speed>3.694</gpxdata:speed>
    </extensions>
   </trkpt>
   <trkpt lat="47.2193461" lon="38.9241119">
    <ele>18</ele>
    <time>2026-08-30T05:25:15Z</time>
    <extensions>
     <gpxdata:hr>168</gpxdata:hr>
     <gpxdata:distance>4896.00</gpxdata:distance>
     <gpxdata:cadence>79</gpxdata:cadence>
     <gpxdata:speed>3.692</gpxdata:speed>
    </extensions>
   </trkpt>
   <trkpt lat="47.2193839" lon="38.9240995">
    <ele>18</ele>
    <time>2026-08-30T05:25:16Z</time>
    <extensions>
     <gpxdata:hr>168</gpxdata:hr>
     <gpxdata:distance>4899.00</gpxdata:distance>
     <gpxdata:cadence>79</gpxdata:cadence>
     <gpxdata:speed>3.700</gpxdata:speed>
    </extensions>
   </trkpt>
   <trkpt lat="47.2194217" lon="38.9240872">
    <ele>18</ele>
    <time>2026-08-30T05:25:17Z</time>
    <extensions>
     <gpxdata:hr>167</gpxdata:hr>
     <gpxdata:distance>4902.00</gpxdata:distance>
     <gpxdata:cadence>80</gpxdata:cadence>
     <gpxdata:speed>3.711</gpxdata:speed>
    </extensions>
   </trkpt>
   <trkpt lat="47.2194591" lon="38.9240605">
    <ele>17</ele>
    <time>2026-08-30T05:25:18Z</time>
    <extensions>
     <gpxdata:hr>167</gpxdata:hr>
     <gpxdata:distance>4906.50</gpxdata:distance>
     <gpxdata:cadence>80</gpxdata:cadence>
     <gpxdata:speed>3.764</gpxdata:speed>
    </extensions>
   </trkpt>
   <trkpt lat="47.2194966" lon="38.9240339">
    <ele>17</ele>
    <time>2026-08-30T05:25:19Z</time>
    <extensions>
     <gpxdata:hr>168</gpxdata:hr>
     <gpxdata:distance>4911.00</gpxdata:distance>
     <gpxdata:cadence>81</gpxdata:cadence>
     <gpxdata:speed>3.817</gpxdata:speed>
    </extensions>
   </trkpt>
   <trkpt lat="47.2195331" lon="38.9240011">
    <ele>17</ele>
    <time>2026-08-30T05:25:20Z</time>
    <extensions>
     <gpxdata:hr>168</gpxdata:hr>
     <gpxdata:distance>4915.50</gpxdata:distance>
     <gpxdata:cadence>81</gpxdata:cadence>
     <gpxdata:speed>3.858</gpxdata:speed>
    </extensions>
   </trkpt>
   <trkpt lat="47.2195696" lon="38.9239683">
    <ele>17</ele>
    <time>2026-08-30T05:25:21Z</time>
    <extensions>
     <gpxdata:hr>168</gpxdata:hr>
     <gpxdata:distance>4920.00</gpxdata:distance>
     <gpxdata:cadence>81</gpxdata:cadence>
     <gpxdata:speed>3.900</gpxdata:speed>
    </extensions>
   </trkpt>
   <trkpt lat="47.2196062" lon="38.9239394">
    <ele>17</ele>
    <time>2026-08-30T05:25:22Z</time>
    <extensions>
     <gpxdata:hr>168</gpxdata:hr>
     <gpxdata:distance>4924.50</gpxdata:distance>
     <gpxdata:cadence>82</gpxdata:cadence>
     <gpxdata:speed>3.944</gpxdata:speed>
    </extensions>
   </trkpt>
   <trkpt lat="47.2196428" lon="38.9239105">
    <ele>17</ele>
    <time>2026-08-30T05:25:23Z</time>
    <extensions>
     <gpxdata:hr>168</gpxdata:hr>
     <gpxdata:distance>4929.00</gpxdata:distance>
     <gpxdata:cadence>82</gpxdata:cadence>
     <gpxdata:speed>3.989</gpxdata:speed>
    </extensions>
   </trkpt>
   <trkpt lat="47.2196777" lon="38.9238859">
    <ele>17</ele>
    <time>2026-08-30T05:25:24Z</time>
    <extensions>
     <gpxdata:hr>168</gpxdata:hr>
     <gpxdata:distance>4932.00</gpxdata:distance>
     <gpxdata:cadence>82</gpxdata:cadence>
     <gpxdata:speed>4.003</gpxdata:speed>
    </extensions>
   </trkpt>
   <trkpt lat="47.2197126" lon="38.9238614">
    <ele>17</ele>
    <time>2026-08-30T05:25:25Z</time>
    <extensions>
     <gpxdata:hr>168</gpxdata:hr>
     <gpxdata:distance>4935.00</gpxdata:distance>
     <gpxdata:cadence>82</gpxdata:cadence>
     <gpxdata:speed>4.017</gpxdata:speed>
    </extensions>
   </trkpt>
   <trkpt lat="47.2197450" lon="38.9238390">
    <ele>17</ele>
    <time>2026-08-30T05:25:26Z</time>
    <extensions>
     <gpxdata:hr>167</gpxdata:hr>
     <gpxdata:distance>4939.00</gpxdata:distance>
     <gpxdata:cadence>82</gpxdata:cadence>
     <gpxdata:speed>4.022</gpxdata:speed>
    </extensions>
   </trkpt>
   <trkpt lat="47.2197775" lon="38.9238167">
    <ele>17</ele>
    <time>2026-08-30T05:25:27Z</time>
    <extensions>
     <gpxdata:hr>167</gpxdata:hr>
     <gpxdata:distance>4943.00</gpxdata:distance>
     <gpxdata:cadence>82</gpxdata:cadence>
     <gpxdata:speed>4.028</gpxdata:speed>
    </extensions>
   </trkpt>
   <trkpt lat="47.2198090" lon="38.9237934">
    <ele>17</ele>
    <time>2026-08-30T05:25:28Z</time>
    <extensions>
     <gpxdata:hr>167</gpxdata:hr>
     <gpxdata:distance>4946.00</gpxdata:distance>
     <gpxdata:cadence>82</gpxdata:cadence>
     <gpxdata:speed>4.028</gpxdata:speed>
    </extensions>
   </trkpt>
   <trkpt lat="47.2198406" lon="38.9237701">
    <ele>17</ele>
    <time>2026-08-30T05:25:29Z</time>
    <extensions>
     <gpxdata:hr>167</gpxdata:hr>
     <gpxdata:distance>4949.00</gpxdata:distance>
     <gpxdata:cadence>82</gpxdata:cadence>
     <gpxdata:speed>4.028</gpxdata:speed>
    </extensions>
   </trkpt>
   <trkpt lat="47.2198708" lon="38.9237424">
    <ele>17</ele>
    <time>2026-08-30T05:25:30Z</time>
    <extensions>
     <gpxdata:hr>167</gpxdata:hr>
     <gpxdata:distance>4955.00</gpxdata:distance>
     <gpxdata:cadence>82</gpxdata:cadence>
     <gpxdata:speed>4.008</gpxdata:speed>
    </extensions>
   </trkpt>
   <trkpt lat="47.2199011" lon="38.9237147">
    <ele>17</ele>
    <time>2026-08-30T05:25:31Z</time>
    <extensions>
     <gpxdata:hr>167</gpxdata:hr>
     <gpxdata:distance>4961.00</gpxdata:distance>
     <gpxdata:cadence>82</gpxdata:cadence>
     <gpxdata:speed>3.992</gpxdata:speed>
    </extensions>
   </trkpt>
   <trkpt lat="47.2199292" lon="38.9236832">
    <ele>17</ele>
    <time>2026-08-30T05:25:32Z</time>
    <extensions>
     <gpxdata:hr>167</gpxdata:hr>
     <gpxdata:distance>4964.00</gpxdata:distance>
     <gpxdata:cadence>82</gpxdata:cadence>
     <gpxdata:speed>3.986</gpxdata:speed>
    </extensions>
   </trkpt>
   <trkpt lat="47.2199573" lon="38.9236518">
    <ele>17</ele>
    <time>2026-08-30T05:25:33Z</time>
    <extensions>
     <gpxdata:hr>166</gpxdata:hr>
     <gpxdata:distance>4967.00</gpxdata:distance>
     <gpxdata:cadence>82</gpxdata:cadence>
     <gpxdata:speed>3.981</gpxdata:speed>
    </extensions>
   </trkpt>
   <trkpt lat="47.2199827" lon="38.9236130">
    <ele>17</ele>
    <time>2026-08-30T05:25:34Z</time>
    <extensions>
     <gpxdata:hr>166</gpxdata:hr>
     <gpxdata:distance>4971.50</gpxdata:distance>
     <gpxdata:cadence>82</gpxdata:cadence>
     <gpxdata:speed>3.994</gpxdata:speed>
    </extensions>
   </trkpt>
   <trkpt lat="47.2200081" lon="38.9235743">
    <ele>17</ele>
    <time>2026-08-30T05:25:35Z</time>
    <extensions>
     <gpxdata:hr>166</gpxdata:hr>
     <gpxdata:distance>4976.00</gpxdata:distance>
     <gpxdata:cadence>82</gpxdata:cadence>
     <gpxdata:speed>4.008</gpxdata:speed>
    </extensions>
   </trkpt>
   <trkpt lat="47.2200298" lon="38.9235284">
    <ele>17</ele>
    <time>2026-08-30T05:25:36Z</time>
    <extensions>
     <gpxdata:hr>166</gpxdata:hr>
     <gpxdata:distance>4980.50</gpxdata:distance>
     <gpxdata:cadence>82</gpxdata:cadence>
     <gpxdata:speed>4.047</gpxdata:speed>
    </extensions>
   </trkpt>
   <trkpt lat="47.2200516" lon="38.9234826">
    <ele>17</ele>
    <time>2026-08-30T05:25:37Z</time>
    <extensions>
     <gpxdata:hr>165</gpxdata:hr>
     <gpxdata:distance>4985.00</gpxdata:distance>
     <gpxdata:cadence>83</gpxdata:cadence>
     <gpxdata:speed>4.086</gpxdata:speed>
    </extensions>
   </trkpt>
   <trkpt lat="47.2200720" lon="38.9234343">
    <ele>16</ele>
    <time>2026-08-30T05:25:38Z</time>
    <extensions>
     <gpxdata:hr>165</gpxdata:hr>
     <gpxdata:distance>4989.50</gpxdata:distance>
     <gpxdata:cadence>83</gpxdata:cadence>
     <gpxdata:speed>4.142</gpxdata:speed>
    </extensions>
   </trkpt>
   <trkpt lat="47.2200924" lon="38.9233860">
    <ele>16</ele>
    <time>2026-08-30T05:25:39Z</time>
    <extensions>
     <gpxdata:hr>165</gpxdata:hr>
     <gpxdata:distance>4994.00</gpxdata:distance>
     <gpxdata:cadence>83</gpxdata:cadence>
     <gpxdata:speed>4.197</gpxdata:speed>
    </extensions>
   </trkpt>
   <trkpt lat="47.2201127" lon="38.9233378">
    <ele>16</ele>
    <time>2026-08-30T05:25:40Z</time>
    <extensions>
     <gpxdata:hr>165</gpxdata:hr>
     <gpxdata:distance>4997.50</gpxdata:distance>
     <gpxdata:cadence>83</gpxdata:cadence>
     <gpxdata:speed>4.236</gpxdata:speed>
    </extensions>
   </trkpt>
   <trkpt lat="47.2201331" lon="38.9232897">
    <ele>16</ele>
    <time>2026-08-30T05:25:41Z</time>
    <extensions>
     <gpxdata:hr>164</gpxdata:hr>
     <gpxdata:distance>5001.00</gpxdata:distance>
     <gpxdata:cadence>83</gpxdata:cadence>
     <gpxdata:speed>4.275</gpxdata:speed>
    </extensions>
   </trkpt>
   <trkpt lat="47.2201530" lon="38.9232414">
    <ele>16</ele>
    <time>2026-08-30T05:25:42Z</time>
    <extensions>
     <gpxdata:hr>165</gpxdata:hr>
     <gpxdata:distance>5005.50</gpxdata:distance>
     <gpxdata:cadence>83</gpxdata:cadence>
     <gpxdata:speed>4.289</gpxdata:speed>
    </extensions>
   </trkpt>
   <trkpt lat="47.2201729" lon="38.9231931">
    <ele>16</ele>
    <time>2026-08-30T05:25:43Z</time>
    <extensions>
     <gpxdata:hr>165</gpxdata:hr>
     <gpxdata:distance>5010.00</gpxdata:distance>
     <gpxdata:cadence>83</gpxdata:cadence>
     <gpxdata:speed>4.303</gpxdata:speed>
    </extensions>
   </trkpt>
   <trkpt lat="47.2201920" lon="38.9231474">
    <ele>16</ele>
    <time>2026-08-30T05:25:44Z</time>
    <extensions>
     <gpxdata:hr>165</gpxdata:hr>
     <gpxdata:distance>5014.50</gpxdata:distance>
     <gpxdata:cadence>83</gpxdata:cadence>
     <gpxdata:speed>4.297</gpxdata:speed>
    </extensions>
   </trkpt>
   <trkpt lat="47.2202112" lon="38.9231018">
    <ele>16</ele>
    <time>2026-08-30T05:25:45Z</time>
    <extensions>
     <gpxdata:hr>165</gpxdata:hr>
     <gpxdata:distance>5019.00</gpxdata:distance>
     <gpxdata:cadence>83</gpxdata:cadence>
     <gpxdata:speed>4.294</gpxdata:speed>
    </extensions>
   </trkpt>
   <trkpt lat="47.2202327" lon="38.9230608">
    <ele>16</ele>
    <time>2026-08-30T05:25:46Z</time>
    <extensions>
     <gpxdata:hr>165</gpxdata:hr>
     <gpxdata:distance>5023.50</gpxdata:distance>
     <gpxdata:cadence>83</gpxdata:cadence>
     <gpxdata:speed>4.281</gpxdata:speed>
    </extensions>
   </trkpt>
   <trkpt lat="47.2202542" lon="38.9230198">
    <ele>16</ele>
    <time>2026-08-30T05:25:47Z</time>
    <extensions>
     <gpxdata:hr>165</gpxdata:hr>
     <gpxdata:distance>5028.00</gpxdata:distance>
     <gpxdata:cadence>83</gpxdata:cadence>
     <gpxdata:speed>4.267</gpxdata:speed>
    </extensions>
   </trkpt>
   <trkpt lat="47.2202809" lon="38.9229843">
    <ele>16</ele>
    <time>2026-08-30T05:25:48Z</time>
    <extensions>
     <gpxdata:hr>165</gpxdata:hr>
     <gpxdata:distance>5031.00</gpxdata:distance>
     <gpxdata:cadence>83</gpxdata:cadence>
     <gpxdata:speed>4.261</gpxdata:speed>
    </extensions>
   </trkpt>
   <trkpt lat="47.2203076" lon="38.9229488">
    <ele>16</ele>
    <time>2026-08-30T05:25:49Z</time>
    <extensions>
     <gpxdata:hr>165</gpxdata:hr>
     <gpxdata:distance>5034.00</gpxdata:distance>
     <gpxdata:cadence>83</gpxdata:cadence>
     <gpxdata:speed>4.256</gpxdata:speed>
    </extensions>
   </trkpt>
   <trkpt lat="47.2203382" lon="38.9229202">
    <ele>16</ele>
    <time>2026-08-30T05:25:50Z</time>
    <extensions>
     <gpxdata:hr>165</gpxdata:hr>
     <gpxdata:distance>5037.50</gpxdata:distance>
     <gpxdata:cadence>83</gpxdata:cadence>
     <gpxdata:speed>4.256</gpxdata:speed>
    </extensions>
   </trkpt>
   <trkpt lat="47.2203688" lon="38.9228916">
    <ele>16</ele>
    <time>2026-08-30T05:25:51Z</time>
    <extensions>
     <gpxdata:hr>164</gpxdata:hr>
     <gpxdata:distance>5041.00</gpxdata:distance>
     <gpxdata:cadence>83</gpxdata:cadence>
     <gpxdata:speed>4.256</gpxdata:speed>
    </extensions>
   </trkpt>
   <trkpt lat="47.2204022" lon="38.9228631">
    <ele>16</ele>
    <time>2026-08-30T05:25:52Z</time>
    <extensions>
     <gpxdata:hr>164</gpxdata:hr>
     <gpxdata:distance>5047.00</gpxdata:distance>
     <gpxdata:cadence>83</gpxdata:cadence>
     <gpxdata:speed>4.244</gpxdata:speed>
    </extensions>
   </trkpt>
   <trkpt lat="47.2204356" lon="38.9228346">
    <ele>16</ele>
    <time>2026-08-30T05:25:53Z</time>
    <extensions>
     <gpxdata:hr>164</gpxdata:hr>
     <gpxdata:distance>5053.00</gpxdata:distance>
     <gpxdata:cadence>84</gpxdata:cadence>
     <gpxdata:speed>4.233</gpxdata:speed>
    </extensions>
   </trkpt>
   <trkpt lat="47.2204663" lon="38.9227966">
    <ele>16</ele>
    <time>2026-08-30T05:25:54Z</time>
    <extensions>
     <gpxdata:hr>164</gpxdata:hr>
     <gpxdata:distance>5057.50</gpxdata:distance>
     <gpxdata:cadence>84</gpxdata:cadence>
     <gpxdata:speed>4.242</gpxdata:speed>
    </extensions>
   </trkpt>
   <trkpt lat="47.2204971" lon="38.9227586">
    <ele>16</ele>
    <time>2026-08-30T05:25:55Z</time>
    <extensions>
     <gpxdata:hr>163</gpxdata:hr>
     <gpxdata:distance>5062.00</gpxdata:distance>
     <gpxdata:cadence>84</gpxdata:cadence>
     <gpxdata:speed>4.253</gpxdata:speed>
    </extensions>
   </trkpt>
  </trkseg>
 </trk>
</gpx>
